{
  "type": "FeatureCollection",
  "features": [
    {
      "type": "Feature",
      "geometry": {
        "type": "Point",
        "coordinates": [
          83.8213109,
          21.6546681
        ]
      },
      "properties": {
        "status": "dead",
        "confidence": 0.9999,
        "proj_x": 792004.3465,
        "proj_y": 2397258.779
      }
    },
    {
      "type": "Feature",
      "geometry": {
        "type": "Point",
        "coordinates": [
          83.8210206,
          21.6548864
        ]
      },
      "properties": {
        "status": "dead",
        "confidence": 0.492,
        "proj_x": 791973.8446,
        "proj_y": 2397282.4162
      }
    },
    {
      "type": "Feature",
      "geometry": {
        "type": "Point",
        "coordinates": [
          83.820867,
          21.6547536
        ]
      },
      "properties": {
        "status": "dead",
        "confidence": 0.7589,
        "proj_x": 791958.2044,
        "proj_y": 2397267.413
      }
    },
    {
      "type": "Feature",
      "geometry": {
        "type": "Point",
        "coordinates": [
          83.8210092,
          21.6546619
        ]
      },
      "properties": {
        "status": "dead",
        "confidence": 0.9798,
        "proj_x": 791973.1133,
        "proj_y": 2397257.5288
      }
    },
    {
      "type": "Feature",
      "geometry": {
        "type": "Point",
        "coordinates": [
          83.8208328,
          21.6546458
        ]
      },
      "properties": {
        "status": "dead",
        "confidence": 0.6713,
        "proj_x": 791954.8782,
        "proj_y": 2397255.4057
      }
    },
    {
      "type": "Feature",
      "geometry": {
        "type": "Point",
        "coordinates": [
          83.8214761,
          21.6549138
        ]
      },
      "properties": {
        "status": "dead",
        "confidence": 0.9453,
        "proj_x": 792020.9538,
        "proj_y": 2397286.3086
      }
    },
    {
      "type": "Feature",
      "geometry": {
        "type": "Point",
        "coordinates": [
          83.8210071,
          21.6546965
        ]
      },
      "properties": {
        "status": "dead",
        "confidence": 0.9927,
        "proj_x": 791972.8302,
        "proj_y": 2397261.3503
      }
    },
    {
      "type": "Feature",
      "geometry": {
        "type": "Point",
        "coordinates": [
          83.8212817,
          21.6549013
        ]
      },
      "properties": {
        "status": "dead",
        "confidence": 0.9001,
        "proj_x": 792000.8551,
        "proj_y": 2397284.5629
      }
    },
    {
      "type": "Feature",
      "geometry": {
        "type": "Point",
        "coordinates": [
          83.8213345,
          21.6548715
        ]
      },
      "properties": {
        "status": "dead",
        "confidence": 1.0,
        "proj_x": 792006.3752,
        "proj_y": 2397281.3547
      }
    },
    {
      "type": "Feature",
      "geometry": {
        "type": "Point",
        "coordinates": [
          83.8213732,
          21.6548953
        ]
      },
      "properties": {
        "status": "dead",
        "confidence": 1.0,
        "proj_x": 792010.3383,
        "proj_y": 2397284.0675
      }
    },
    {
      "type": "Feature",
      "geometry": {
        "type": "Point",
        "coordinates": [
          83.8214336,
          21.6547088
        ]
      },
      "properties": {
        "status": "dead",
        "confidence": 0.9996,
        "proj_x": 792016.9671,
        "proj_y": 2397263.5206
      }
    },
    {
      "type": "Feature",
      "geometry": {
        "type": "Point",
        "coordinates": [
          83.8211411,
          21.6546297
        ]
      },
      "properties": {
        "status": "dead",
        "confidence": 0.9999,
        "proj_x": 791986.8427,
        "proj_y": 2397254.2026
      }
    },
    {
      "type": "Feature",
      "geometry": {
        "type": "Point",
        "coordinates": [
          83.8211934,
          21.6548451
        ]
      },
      "properties": {
        "status": "dead",
        "confidence": 0.9998,
        "proj_x": 791991.8202,
        "proj_y": 2397278.17
      }
    },
    {
      "type": "Feature",
      "geometry": {
        "type": "Point",
        "coordinates": [
          83.8212917,
          21.6547817
        ]
      },
      "properties": {
        "status": "dead",
        "confidence": 1.0,
        "proj_x": 792002.129,
        "proj_y": 2397271.3289
      }
    },
    {
      "type": "Feature",
      "geometry": {
        "type": "Point",
        "coordinates": [
          83.8213895,
          21.6547025
        ]
      },
      "properties": {
        "status": "dead",
        "confidence": 0.9997,
        "proj_x": 792012.4142,
        "proj_y": 2397262.7422
      }
    },
    {
      "type": "Feature",
      "geometry": {
        "type": "Point",
        "coordinates": [
          83.8214432,
          21.654912
        ]
      },
      "properties": {
        "status": "dead",
        "confidence": 0.9956,
        "proj_x": 792017.5569,
        "proj_y": 2397286.0491
      }
    },
    {
      "type": "Feature",
      "geometry": {
        "type": "Point",
        "coordinates": [
          83.8214379,
          21.6546052
        ]
      },
      "properties": {
        "status": "dead",
        "confidence": 1.0,
        "proj_x": 792017.6276,
        "proj_y": 2397252.0559
      }
    },
    {
      "type": "Feature",
      "geometry": {
        "type": "Point",
        "coordinates": [
          83.8208953,
          21.6548121
        ]
      },
      "properties": {
        "status": "dead",
        "confidence": 0.9309,
        "proj_x": 791961.0116,
        "proj_y": 2397273.9474
      }
    },
    {
      "type": "Feature",
      "geometry": {
        "type": "Point",
        "coordinates": [
          83.8209319,
          21.6548334
        ]
      },
      "properties": {
        "status": "dead",
        "confidence": 0.9267,
        "proj_x": 791964.7624,
        "proj_y": 2397276.3772
      }
    },
    {
      "type": "Feature",
      "geometry": {
        "type": "Point",
        "coordinates": [
          83.8209772,
          21.6549129
        ]
      },
      "properties": {
        "status": "dead",
        "confidence": 0.9991,
        "proj_x": 791969.2917,
        "proj_y": 2397285.2706
      }
    },
    {
      "type": "Feature",
      "geometry": {
        "type": "Point",
        "coordinates": [
          83.8209778,
          21.65498
        ]
      },
      "properties": {
        "status": "dead",
        "confidence": 0.9876,
        "proj_x": 791969.2209,
        "proj_y": 2397292.7015
      }
    },
    {
      "type": "Feature",
      "geometry": {
        "type": "Point",
        "coordinates": [
          83.8211956,
          21.655005
        ]
      },
      "properties": {
        "status": "dead",
        "confidence": 0.9638,
        "proj_x": 791991.7258,
        "proj_y": 2397295.8861
      }
    },
    {
      "type": "Feature",
      "geometry": {
        "type": "Point",
        "coordinates": [
          83.8212079,
          21.6546788
        ]
      },
      "properties": {
        "status": "dead",
        "confidence": 0.9997,
        "proj_x": 791993.6602,
        "proj_y": 2397259.7698
      }
    },
    {
      "type": "Feature",
      "geometry": {
        "type": "Point",
        "coordinates": [
          83.8209256,
          21.6550017
        ]
      },
      "properties": {
        "status": "dead",
        "confidence": 1.0,
        "proj_x": 791963.7717,
        "proj_y": 2397295.0133
      }
    },
    {
      "type": "Feature",
      "geometry": {
        "type": "Point",
        "coordinates": [
          83.8214052,
          21.6547517
        ]
      },
      "properties": {
        "status": "dead",
        "confidence": 0.9901,
        "proj_x": 792013.9476,
        "proj_y": 2397268.215
      }
    },
    {
      "type": "Feature",
      "geometry": {
        "type": "Point",
        "coordinates": [
          83.8213373,
          21.654657
        ]
      },
      "properties": {
        "status": "dead",
        "confidence": 0.9998,
        "proj_x": 792007.1065,
        "proj_y": 2397257.5995
      }
    },
    {
      "type": "Feature",
      "geometry": {
        "type": "Point",
        "coordinates": [
          83.8210177,
          21.6549959
        ]
      },
      "properties": {
        "status": "dead",
        "confidence": 0.9114,
        "proj_x": 791973.3256,
        "proj_y": 2397294.5415
      }
    },
    {
      "type": "Feature",
      "geometry": {
        "type": "Point",
        "coordinates": [
          83.8211778,
          21.6549548
        ]
      },
      "properties": {
        "status": "dead",
        "confidence": 0.8519,
        "proj_x": 791989.9801,
        "proj_y": 2397290.2953
      }
    },
    {
      "type": "Feature",
      "geometry": {
        "type": "Point",
        "coordinates": [
          83.8213451,
          21.6547533
        ]
      },
      "properties": {
        "status": "dead",
        "confidence": 1.0,
        "proj_x": 792007.7198,
        "proj_y": 2397268.2858
      }
    },
    {
      "type": "Feature",
      "geometry": {
        "type": "Point",
        "coordinates": [
          83.8213686,
          21.6548596
        ]
      },
      "properties": {
        "status": "dead",
        "confidence": 1.0,
        "proj_x": 792009.9373,
        "proj_y": 2397280.1044
      }
    },
    {
      "type": "Feature",
      "geometry": {
        "type": "Point",
        "coordinates": [
          83.8210579,
          21.6549505
        ]
      },
      "properties": {
        "status": "dead",
        "confidence": 1.0,
        "proj_x": 791977.5718,
        "proj_y": 2397289.5876
      }
    },
    {
      "type": "Feature",
      "geometry": {
        "type": "Point",
        "coordinates": [
          83.8209794,
          21.6545941
        ]
      },
      "properties": {
        "status": "dead",
        "confidence": 0.9967,
        "proj_x": 791970.1645,
        "proj_y": 2397249.9564
      }
    },
    {
      "type": "Feature",
      "geometry": {
        "type": "Point",
        "coordinates": [
          83.821077,
          21.6546218
        ]
      },
      "properties": {
        "status": "dead",
        "confidence": 0.9998,
        "proj_x": 791980.2139,
        "proj_y": 2397253.2118
      }
    },
    {
      "type": "Feature",
      "geometry": {
        "type": "Point",
        "coordinates": [
          83.821111,
          21.6547643
        ]
      },
      "properties": {
        "status": "dead",
        "confidence": 0.9998,
        "proj_x": 791983.4457,
        "proj_y": 2397269.0643
      }
    },
    {
      "type": "Feature",
      "geometry": {
        "type": "Point",
        "coordinates": [
          83.8209627,
          21.6549519
        ]
      },
      "properties": {
        "status": "dead",
        "confidence": 1.0,
        "proj_x": 791967.7112,
        "proj_y": 2397289.564
      }
    },
    {
      "type": "Feature",
      "geometry": {
        "type": "Point",
        "coordinates": [
          83.821226,
          21.6549161
        ]
      },
      "properties": {
        "status": "dead",
        "confidence": 0.9999,
        "proj_x": 791995.052,
        "proj_y": 2397286.0963
      }
    },
    {
      "type": "Feature",
      "geometry": {
        "type": "Point",
        "coordinates": [
          83.8210025,
          21.6547615
        ]
      },
      "properties": {
        "status": "dead",
        "confidence": 0.9955,
        "proj_x": 791972.2169,
        "proj_y": 2397268.5453
      }
    },
    {
      "type": "Feature",
      "geometry": {
        "type": "Point",
        "coordinates": [
          83.8212326,
          21.6547974
        ]
      },
      "properties": {
        "status": "dead",
        "confidence": 1.0,
        "proj_x": 791995.972,
        "proj_y": 2397272.9566
      }
    },
    {
      "type": "Feature",
      "geometry": {
        "type": "Point",
        "coordinates": [
          83.8214104,
          21.6549462
        ]
      },
      "properties": {
        "status": "dead",
        "confidence": 0.5738,
        "proj_x": 792014.0891,
        "proj_y": 2397289.7763
      }
    },
    {
      "type": "Feature",
      "geometry": {
        "type": "Point",
        "coordinates": [
          83.8212855,
          21.6547445
        ]
      },
      "properties": {
        "status": "dead",
        "confidence": 0.9993,
        "proj_x": 792001.5628,
        "proj_y": 2397267.2007
      }
    },
    {
      "type": "Feature",
      "geometry": {
        "type": "Point",
        "coordinates": [
          83.8213286,
          21.654767
        ]
      },
      "properties": {
        "status": "dead",
        "confidence": 0.9999,
        "proj_x": 792005.9742,
        "proj_y": 2397269.772
      }
    },
    {
      "type": "Feature",
      "geometry": {
        "type": "Point",
        "coordinates": [
          83.8212454,
          21.6546826
        ]
      },
      "properties": {
        "status": "dead",
        "confidence": 0.9995,
        "proj_x": 791997.5289,
        "proj_y": 2397260.2652
      }
    },
    {
      "type": "Feature",
      "geometry": {
        "type": "Point",
        "coordinates": [
          83.8213164,
          21.6547033
        ]
      },
      "properties": {
        "status": "dead",
        "confidence": 0.9993,
        "proj_x": 792004.8418,
        "proj_y": 2397262.695
      }
    },
    {
      "type": "Feature",
      "geometry": {
        "type": "Point",
        "coordinates": [
          83.8211068,
          21.6549388
        ]
      },
      "properties": {
        "status": "dead",
        "confidence": 0.8257,
        "proj_x": 791982.6672,
        "proj_y": 2397288.3845
      }
    },
    {
      "type": "Feature",
      "geometry": {
        "type": "Point",
        "coordinates": [
          83.8211541,
          21.6549109
        ]
      },
      "properties": {
        "status": "dead",
        "confidence": 0.9971,
        "proj_x": 791987.6211,
        "proj_y": 2397285.3886
      }
    },
    {
      "type": "Feature",
      "geometry": {
        "type": "Point",
        "coordinates": [
          83.8213875,
          21.6546489
        ]
      },
      "properties": {
        "status": "dead",
        "confidence": 0.9999,
        "proj_x": 792012.3199,
        "proj_y": 2397256.7975
      }
    },
    {
      "type": "Feature",
      "geometry": {
        "type": "Point",
        "coordinates": [
          83.8210496,
          21.6549681
        ]
      },
      "properties": {
        "status": "dead",
        "confidence": 0.9933,
        "proj_x": 791976.6754,
        "proj_y": 2397291.522
      }
    },
    {
      "type": "Feature",
      "geometry": {
        "type": "Point",
        "coordinates": [
          83.8209253,
          21.6547975
        ]
      },
      "properties": {
        "status": "dead",
        "confidence": 0.8761,
        "proj_x": 791964.1491,
        "proj_y": 2397272.3905
      }
    },
    {
      "type": "Feature",
      "geometry": {
        "type": "Point",
        "coordinates": [
          83.8212673,
          21.6548253
        ]
      },
      "properties": {
        "status": "dead",
        "confidence": 1.0,
        "proj_x": 791999.5105,
        "proj_y": 2397276.1177
      }
    },
    {
      "type": "Feature",
      "geometry": {
        "type": "Point",
        "coordinates": [
          83.8213768,
          21.6549378
        ]
      },
      "properties": {
        "status": "dead",
        "confidence": 0.9915,
        "proj_x": 792010.6214,
        "proj_y": 2397288.7855
      }
    },
    {
      "type": "Feature",
      "geometry": {
        "type": "Point",
        "coordinates": [
          83.8214387,
          21.6548435
        ]
      },
      "properties": {
        "status": "dead",
        "confidence": 0.8472,
        "proj_x": 792017.2266,
        "proj_y": 2397278.4531
      }
    },
    {
      "type": "Feature",
      "geometry": {
        "type": "Point",
        "coordinates": [
          83.8209636,
          21.6545884
        ]
      },
      "properties": {
        "status": "dead",
        "confidence": 0.9876,
        "proj_x": 791968.5368,
        "proj_y": 2397249.2959
      }
    },
    {
      "type": "Feature",
      "geometry": {
        "type": "Point",
        "coordinates": [
          83.8211427,
          21.6549439
        ]
      },
      "properties": {
        "status": "dead",
        "confidence": 1.0,
        "proj_x": 791986.3709,
        "proj_y": 2397289.0214
      }
    },
    {
      "type": "Feature",
      "geometry": {
        "type": "Point",
        "coordinates": [
          83.8210073,
          21.6547141
        ]
      },
      "properties": {
        "status": "dead",
        "confidence": 0.9779,
        "proj_x": 791972.8066,
        "proj_y": 2397263.3083
      }
    },
    {
      "type": "Feature",
      "geometry": {
        "type": "Point",
        "coordinates": [
          83.8208778,
          21.6550272
        ]
      },
      "properties": {
        "status": "dead",
        "confidence": 0.9944,
        "proj_x": 791958.7706,
        "proj_y": 2397297.7497
      }
    },
    {
      "type": "Feature",
      "geometry": {
        "type": "Point",
        "coordinates": [
          83.821411,
          21.654861
        ]
      },
      "properties": {
        "status": "dead",
        "confidence": 0.9849,
        "proj_x": 792014.325,
        "proj_y": 2397280.3403
      }
    },
    {
      "type": "Feature",
      "geometry": {
        "type": "Point",
        "coordinates": [
          83.8213979,
          21.6549338
        ]
      },
      "properties": {
        "status": "dead",
        "confidence": 0.828,
        "proj_x": 792012.8153,
        "proj_y": 2397288.3845
      }
    },
    {
      "type": "Feature",
      "geometry": {
        "type": "Point",
        "coordinates": [
          83.8208357,
          21.6548041
        ]
      },
      "properties": {
        "status": "dead",
        "confidence": 0.7586,
        "proj_x": 791954.8546,
        "proj_y": 2397272.9566
      }
    },
    {
      "type": "Feature",
      "geometry": {
        "type": "Point",
        "coordinates": [
          83.8187402,
          21.6540303
        ]
      },
      "properties": {
        "status": "dead",
        "confidence": 0.9473,
        "proj_x": 791739.4072,
        "proj_y": 2397183.291
      }
    },
    {
      "type": "Feature",
      "geometry": {
        "type": "Point",
        "coordinates": [
          83.8186361,
          21.6539929
        ]
      },
      "properties": {
        "status": "dead",
        "confidence": 0.9778,
        "proj_x": 791728.6973,
        "proj_y": 2397178.9505
      }
    },
    {
      "type": "Feature",
      "geometry": {
        "type": "Point",
        "coordinates": [
          83.8186608,
          21.654033
        ]
      },
      "properties": {
        "status": "dead",
        "confidence": 0.6089,
        "proj_x": 791731.1743,
        "proj_y": 2397183.4326
      }
    },
    {
      "type": "Feature",
      "geometry": {
        "type": "Point",
        "coordinates": [
          83.8185806,
          21.653996
        ]
      },
      "properties": {
        "status": "dead",
        "confidence": 0.998,
        "proj_x": 791722.9413,
        "proj_y": 2397179.1864
      }
    },
    {
      "type": "Feature",
      "geometry": {
        "type": "Point",
        "coordinates": [
          83.8193652,
          21.6541098
        ]
      },
      "properties": {
        "status": "dead",
        "confidence": 0.999,
        "proj_x": 791803.973,
        "proj_y": 2397193.2696
      }
    },
    {
      "type": "Feature",
      "geometry": {
        "type": "Point",
        "coordinates": [
          83.8191892,
          21.6540438
        ]
      },
      "properties": {
        "status": "dead",
        "confidence": 0.9948,
        "proj_x": 791785.8795,
        "proj_y": 2397185.6265
      }
    },
    {
      "type": "Feature",
      "geometry": {
        "type": "Point",
        "coordinates": [
          83.819283,
          21.6540141
        ]
      },
      "properties": {
        "status": "dead",
        "confidence": 0.9996,
        "proj_x": 791795.6457,
        "proj_y": 2397182.5126
      }
    },
    {
      "type": "Feature",
      "geometry": {
        "type": "Point",
        "coordinates": [
          83.8188906,
          21.6540455
        ]
      },
      "properties": {
        "status": "dead",
        "confidence": 0.9963,
        "proj_x": 791754.953,
        "proj_y": 2397185.249
      }
    },
    {
      "type": "Feature",
      "geometry": {
        "type": "Point",
        "coordinates": [
          83.8189394,
          21.6539976
        ]
      },
      "properties": {
        "status": "dead",
        "confidence": 0.988,
        "proj_x": 791760.0956,
        "proj_y": 2397180.0356
      }
    },
    {
      "type": "Feature",
      "geometry": {
        "type": "Point",
        "coordinates": [
          83.8190563,
          21.6541336
        ]
      },
      "properties": {
        "status": "dead",
        "confidence": 0.963,
        "proj_x": 791771.9378,
        "proj_y": 2397195.3219
      }
    },
    {
      "type": "Feature",
      "geometry": {
        "type": "Point",
        "coordinates": [
          83.8192821,
          21.65418
        ]
      },
      "properties": {
        "status": "dead",
        "confidence": 0.9193,
        "proj_x": 791795.2211,
        "proj_y": 2397200.8892
      }
    },
    {
      "type": "Feature",
      "geometry": {
        "type": "Point",
        "coordinates": [
          83.8190217,
          21.6540017
        ]
      },
      "properties": {
        "status": "dead",
        "confidence": 0.507,
        "proj_x": 791768.6116,
        "proj_y": 2397180.649
      }
    },
    {
      "type": "Feature",
      "geometry": {
        "type": "Point",
        "coordinates": [
          83.8191388,
          21.6541339
        ]
      },
      "properties": {
        "status": "dead",
        "confidence": 0.9742,
        "proj_x": 791780.4774,
        "proj_y": 2397195.5107
      }
    },
    {
      "type": "Feature",
      "geometry": {
        "type": "Point",
        "coordinates": [
          83.8187999,
          21.6540317
        ]
      },
      "properties": {
        "status": "dead",
        "confidence": 0.9889,
        "proj_x": 791745.5877,
        "proj_y": 2397183.5505
      }
    },
    {
      "type": "Feature",
      "geometry": {
        "type": "Point",
        "coordinates": [
          83.8192012,
          21.654142
        ]
      },
      "properties": {
        "status": "dead",
        "confidence": 0.9704,
        "proj_x": 791786.9174,
        "proj_y": 2397196.525
      }
    },
    {
      "type": "Feature",
      "geometry": {
        "type": "Point",
        "coordinates": [
          83.8191134,
          21.6541488
        ]
      },
      "properties": {
        "status": "dead",
        "confidence": 0.9886,
        "proj_x": 791777.8117,
        "proj_y": 2397197.1148
      }
    },
    {
      "type": "Feature",
      "geometry": {
        "type": "Point",
        "coordinates": [
          83.820553,
          21.6548055
        ]
      },
      "properties": {
        "status": "dead",
        "confidence": 0.6688,
        "proj_x": 791925.5794,
        "proj_y": 2397272.5792
      }
    },
    {
      "type": "Feature",
      "geometry": {
        "type": "Point",
        "coordinates": [
          83.8206007,
          21.654622
        ]
      },
      "properties": {
        "status": "dead",
        "confidence": 0.8163,
        "proj_x": 791930.8872,
        "proj_y": 2397252.339
      }
    },
    {
      "type": "Feature",
      "geometry": {
        "type": "Point",
        "coordinates": [
          83.8207161,
          21.6548434
        ]
      },
      "properties": {
        "status": "dead",
        "confidence": 0.7557,
        "proj_x": 791942.3991,
        "proj_y": 2397277.0849
      }
    },
    {
      "type": "Feature",
      "geometry": {
        "type": "Point",
        "coordinates": [
          83.8206237,
          21.6548331
        ]
      },
      "properties": {
        "status": "dead",
        "confidence": 0.9576,
        "proj_x": 791932.8452,
        "proj_y": 2397275.7638
      }
    },
    {
      "type": "Feature",
      "geometry": {
        "type": "Point",
        "coordinates": [
          83.8206963,
          21.6546532
        ]
      },
      "properties": {
        "status": "dead",
        "confidence": 0.8125,
        "proj_x": 791940.7242,
        "proj_y": 2397255.9718
      }
    },
    {
      "type": "Feature",
      "geometry": {
        "type": "Point",
        "coordinates": [
          83.8215107,
          21.6546244
        ]
      },
      "properties": {
        "status": "dead",
        "confidence": 0.999,
        "proj_x": 792025.1292,
        "proj_y": 2397254.3205
      }
    },
    {
      "type": "Feature",
      "geometry": {
        "type": "Point",
        "coordinates": [
          83.8216457,
          21.6548636
        ]
      },
      "properties": {
        "status": "dead",
        "confidence": 0.9958,
        "proj_x": 792038.6227,
        "proj_y": 2397281.0716
      }
    },
    {
      "type": "Feature",
      "geometry": {
        "type": "Point",
        "coordinates": [
          83.8216444,
          21.6548204
        ]
      },
      "properties": {
        "status": "dead",
        "confidence": 0.9924,
        "proj_x": 792038.5755,
        "proj_y": 2397276.2828
      }
    },
    {
      "type": "Feature",
      "geometry": {
        "type": "Point",
        "coordinates": [
          83.8217106,
          21.6549228
        ]
      },
      "properties": {
        "status": "dead",
        "confidence": 0.9994,
        "proj_x": 792045.2279,
        "proj_y": 2397287.7476
      }
    },
    {
      "type": "Feature",
      "geometry": {
        "type": "Point",
        "coordinates": [
          83.8216455,
          21.654738
        ]
      },
      "properties": {
        "status": "dead",
        "confidence": 0.9583,
        "proj_x": 792038.8586,
        "proj_y": 2397267.1535
      }
    },
    {
      "type": "Feature",
      "geometry": {
        "type": "Point",
        "coordinates": [
          83.8217515,
          21.6549183
        ]
      },
      "properties": {
        "status": "dead",
        "confidence": 0.9999,
        "proj_x": 792049.4741,
        "proj_y": 2397287.3229
      }
    },
    {
      "type": "Feature",
      "geometry": {
        "type": "Point",
        "coordinates": [
          83.82162,
          21.6546552
        ]
      },
      "properties": {
        "status": "dead",
        "confidence": 0.8809,
        "proj_x": 792036.3817,
        "proj_y": 2397257.9298
      }
    },
    {
      "type": "Feature",
      "geometry": {
        "type": "Point",
        "coordinates": [
          83.821675,
          21.6547545
        ]
      },
      "properties": {
        "status": "dead",
        "confidence": 0.8381,
        "proj_x": 792041.8781,
        "proj_y": 2397269.0407
      }
    },
    {
      "type": "Feature",
      "geometry": {
        "type": "Point",
        "coordinates": [
          83.8217294,
          21.6546101
        ]
      },
      "properties": {
        "status": "dead",
        "confidence": 0.9878,
        "proj_x": 792047.7992,
        "proj_y": 2397253.141
      }
    },
    {
      "type": "Feature",
      "geometry": {
        "type": "Point",
        "coordinates": [
          83.8217327,
          21.6548532
        ]
      },
      "properties": {
        "status": "dead",
        "confidence": 0.983,
        "proj_x": 792047.6577,
        "proj_y": 2397280.0808
      }
    },
    {
      "type": "Feature",
      "geometry": {
        "type": "Point",
        "coordinates": [
          83.8216244,
          21.6548685
        ]
      },
      "properties": {
        "status": "dead",
        "confidence": 0.9994,
        "proj_x": 792036.4053,
        "proj_y": 2397281.567
      }
    },
    {
      "type": "Feature",
      "geometry": {
        "type": "Point",
        "coordinates": [
          83.8215046,
          21.6549425
        ]
      },
      "properties": {
        "status": "dead",
        "confidence": 0.8973,
        "proj_x": 792023.8554,
        "proj_y": 2397289.5404
      }
    },
    {
      "type": "Feature",
      "geometry": {
        "type": "Point",
        "coordinates": [
          83.8216557,
          21.6549077
        ]
      },
      "properties": {
        "status": "dead",
        "confidence": 0.9987,
        "proj_x": 792039.5663,
        "proj_y": 2397285.9783
      }
    },
    {
      "type": "Feature",
      "geometry": {
        "type": "Point",
        "coordinates": [
          83.8216161,
          21.6549593
        ]
      },
      "properties": {
        "status": "dead",
        "confidence": 0.9974,
        "proj_x": 792035.3673,
        "proj_y": 2397291.6163
      }
    },
    {
      "type": "Feature",
      "geometry": {
        "type": "Point",
        "coordinates": [
          83.8215871,
          21.6549306
        ]
      },
      "properties": {
        "status": "dead",
        "confidence": 0.7541,
        "proj_x": 792032.4186,
        "proj_y": 2397288.3845
      }
    },
    {
      "type": "Feature",
      "geometry": {
        "type": "Point",
        "coordinates": [
          83.8216272,
          21.6547076
        ]
      },
      "properties": {
        "status": "dead",
        "confidence": 0.9231,
        "proj_x": 792037.0186,
        "proj_y": 2397263.7565
      }
    },
    {
      "type": "Feature",
      "geometry": {
        "type": "Point",
        "coordinates": [
          83.8196812,
          21.6541127
        ]
      },
      "properties": {
        "status": "dead",
        "confidence": 0.9986,
        "proj_x": 791836.6923,
        "proj_y": 2397194.1896
      }
    },
    {
      "type": "Feature",
      "geometry": {
        "type": "Point",
        "coordinates": [
          83.8195518,
          21.6539927
        ]
      },
      "properties": {
        "status": "dead",
        "confidence": 0.9988,
        "proj_x": 791823.5291,
        "proj_y": 2397180.649
      }
    },
    {
      "type": "Feature",
      "geometry": {
        "type": "Point",
        "coordinates": [
          83.8195977,
          21.6542573
        ]
      },
      "properties": {
        "status": "dead",
        "confidence": 0.9955,
        "proj_x": 791827.7517,
        "proj_y": 2397210.0421
      }
    },
    {
      "type": "Feature",
      "geometry": {
        "type": "Point",
        "coordinates": [
          83.819954,
          21.6542256
        ]
      },
      "properties": {
        "status": "dead",
        "confidence": 0.9997,
        "proj_x": 791864.7172,
        "proj_y": 2397207.2113
      }
    },
    {
      "type": "Feature",
      "geometry": {
        "type": "Point",
        "coordinates": [
          83.8198719,
          21.6542913
        ]
      },
      "properties": {
        "status": "dead",
        "confidence": 0.9516,
        "proj_x": 791856.0833,
        "proj_y": 2397214.3355
      }
    },
    {
      "type": "Feature",
      "geometry": {
        "type": "Point",
        "coordinates": [
          83.8194753,
          21.6540049
        ]
      },
      "properties": {
        "status": "dead",
        "confidence": 0.9992,
        "proj_x": 791815.5793,
        "proj_y": 2397181.8521
      }
    },
    {
      "type": "Feature",
      "geometry": {
        "type": "Point",
        "coordinates": [
          83.819865,
          21.654264
        ]
      },
      "properties": {
        "status": "dead",
        "confidence": 0.9999,
        "proj_x": 791855.4228,
        "proj_y": 2397211.2924
      }
    },
    {
      "type": "Feature",
      "geometry": {
        "type": "Point",
        "coordinates": [
          83.8199074,
          21.6542303
        ]
      },
      "properties": {
        "status": "dead",
        "confidence": 0.9946,
        "proj_x": 791859.8813,
        "proj_y": 2397207.6359
      }
    },
    {
      "type": "Feature",
      "geometry": {
        "type": "Point",
        "coordinates": [
          83.8198022,
          21.6543019
        ]
      },
      "properties": {
        "status": "dead",
        "confidence": 0.9998,
        "proj_x": 791848.8412,
        "proj_y": 2397215.3734
      }
    },
    {
      "type": "Feature",
      "geometry": {
        "type": "Point",
        "coordinates": [
          83.8199261,
          21.6540764
        ]
      },
      "properties": {
        "status": "dead",
        "confidence": 0.9991,
        "proj_x": 791862.1223,
        "proj_y": 2397190.6275
      }
    },
    {
      "type": "Feature",
      "geometry": {
        "type": "Point",
        "coordinates": [
          83.8200542,
          21.6540361
        ]
      },
      "properties": {
        "status": "dead",
        "confidence": 1.0,
        "proj_x": 791875.4743,
        "proj_y": 2397186.4049
      }
    },
    {
      "type": "Feature",
      "geometry": {
        "type": "Point",
        "coordinates": [
          83.820016,
          21.6541567
        ]
      },
      "properties": {
        "status": "dead",
        "confidence": 0.9375,
        "proj_x": 791871.2753,
        "proj_y": 2397199.6861
      }
    },
    {
      "type": "Feature",
      "geometry": {
        "type": "Point",
        "coordinates": [
          83.8195985,
          21.6540183
        ]
      },
      "properties": {
        "status": "dead",
        "confidence": 0.9999,
        "proj_x": 791828.3179,
        "proj_y": 2397183.5741
      }
    },
    {
      "type": "Feature",
      "geometry": {
        "type": "Point",
        "coordinates": [
          83.8198577,
          21.6542245
        ]
      },
      "properties": {
        "status": "dead",
        "confidence": 0.9993,
        "proj_x": 791854.7387,
        "proj_y": 2397206.9046
      }
    },
    {
      "type": "Feature",
      "geometry": {
        "type": "Point",
        "coordinates": [
          83.8199384,
          21.654056
        ]
      },
      "properties": {
        "status": "dead",
        "confidence": 0.9946,
        "proj_x": 791863.4434,
        "proj_y": 2397188.3865
      }
    },
    {
      "type": "Feature",
      "geometry": {
        "type": "Point",
        "coordinates": [
          83.8194441,
          21.65415
        ]
      },
      "properties": {
        "status": "dead",
        "confidence": 0.999,
        "proj_x": 791812.0644,
        "proj_y": 2397197.8697
      }
    },
    {
      "type": "Feature",
      "geometry": {
        "type": "Point",
        "coordinates": [
          83.819765,
          21.6539931
        ]
      },
      "properties": {
        "status": "dead",
        "confidence": 0.9983,
        "proj_x": 791845.6093,
        "proj_y": 2397181.0972
      }
    },
    {
      "type": "Feature",
      "geometry": {
        "type": "Point",
        "coordinates": [
          83.8199857,
          21.6543079
        ]
      },
      "properties": {
        "status": "dead",
        "confidence": 0.997,
        "proj_x": 791867.8311,
        "proj_y": 2397216.3878
      }
    },
    {
      "type": "Feature",
      "geometry": {
        "type": "Point",
        "coordinates": [
          83.8200875,
          21.6539928
        ]
      },
      "properties": {
        "status": "dead",
        "confidence": 0.9999,
        "proj_x": 791879.0128,
        "proj_y": 2397181.6633
      }
    },
    {
      "type": "Feature",
      "geometry": {
        "type": "Point",
        "coordinates": [
          83.8201051,
          21.6541911
        ]
      },
      "properties": {
        "status": "dead",
        "confidence": 0.9999,
        "proj_x": 791880.4282,
        "proj_y": 2397203.6728
      }
    },
    {
      "type": "Feature",
      "geometry": {
        "type": "Point",
        "coordinates": [
          83.8198286,
          21.6541381
        ]
      },
      "properties": {
        "status": "dead",
        "confidence": 0.9725,
        "proj_x": 791851.9079,
        "proj_y": 2397197.2799
      }
    },
    {
      "type": "Feature",
      "geometry": {
        "type": "Point",
        "coordinates": [
          83.8200491,
          21.6543707
        ]
      },
      "properties": {
        "status": "dead",
        "confidence": 0.9816,
        "proj_x": 791874.2712,
        "proj_y": 2397223.4648
      }
    },
    {
      "type": "Feature",
      "geometry": {
        "type": "Point",
        "coordinates": [
          83.8198216,
          21.653986
        ]
      },
      "properties": {
        "status": "dead",
        "confidence": 0.9983,
        "proj_x": 791851.4833,
        "proj_y": 2397180.4131
      }
    },
    {
      "type": "Feature",
      "geometry": {
        "type": "Point",
        "coordinates": [
          83.8200328,
          21.6541547
        ]
      },
      "properties": {
        "status": "dead",
        "confidence": 0.911,
        "proj_x": 791873.0209,
        "proj_y": 2397199.4974
      }
    },
    {
      "type": "Feature",
      "geometry": {
        "type": "Point",
        "coordinates": [
          83.8200715,
          21.6541146
        ]
      },
      "properties": {
        "status": "dead",
        "confidence": 0.9998,
        "proj_x": 791877.102,
        "proj_y": 2397195.1332
      }
    },
    {
      "type": "Feature",
      "geometry": {
        "type": "Point",
        "coordinates": [
          83.8200557,
          21.6543945
        ]
      },
      "properties": {
        "status": "dead",
        "confidence": 0.9866,
        "proj_x": 791874.9081,
        "proj_y": 2397226.1069
      }
    },
    {
      "type": "Feature",
      "geometry": {
        "type": "Point",
        "coordinates": [
          83.8200703,
          21.6541381
        ]
      },
      "properties": {
        "status": "dead",
        "confidence": 0.9864,
        "proj_x": 791876.9369,
        "proj_y": 2397197.7281
      }
    },
    {
      "type": "Feature",
      "geometry": {
        "type": "Point",
        "coordinates": [
          83.8195792,
          21.6541845
        ]
      },
      "properties": {
        "status": "dead",
        "confidence": 0.9977,
        "proj_x": 791825.9825,
        "proj_y": 2397201.9507
      }
    },
    {
      "type": "Feature",
      "geometry": {
        "type": "Point",
        "coordinates": [
          83.8197697,
          21.6542364
        ]
      },
      "properties": {
        "status": "dead",
        "confidence": 0.9999,
        "proj_x": 791845.6093,
        "proj_y": 2397208.0605
      }
    },
    {
      "type": "Feature",
      "geometry": {
        "type": "Point",
        "coordinates": [
          83.8200351,
          21.6544106
        ]
      },
      "properties": {
        "status": "dead",
        "confidence": 0.8758,
        "proj_x": 791872.7378,
        "proj_y": 2397227.8525
      }
    },
    {
      "type": "Feature",
      "geometry": {
        "type": "Point",
        "coordinates": [
          83.8195908,
          21.6539746
        ]
      },
      "properties": {
        "status": "dead",
        "confidence": 0.991,
        "proj_x": 791827.6102,
        "proj_y": 2397178.7146
      }
    },
    {
      "type": "Feature",
      "geometry": {
        "type": "Point",
        "coordinates": [
          83.8198469,
          21.6542803
        ]
      },
      "properties": {
        "status": "dead",
        "confidence": 0.9993,
        "proj_x": 791853.512,
        "proj_y": 2397213.0616
      }
    },
    {
      "type": "Feature",
      "geometry": {
        "type": "Point",
        "coordinates": [
          83.8200283,
          21.6542857
        ]
      },
      "properties": {
        "status": "dead",
        "confidence": 0.9989,
        "proj_x": 791872.2896,
        "proj_y": 2397214.0052
      }
    },
    {
      "type": "Feature",
      "geometry": {
        "type": "Point",
        "coordinates": [
          83.8200656,
          21.6543752
        ]
      },
      "properties": {
        "status": "dead",
        "confidence": 0.9985,
        "proj_x": 791875.9697,
        "proj_y": 2397223.9838
      }
    },
    {
      "type": "Feature",
      "geometry": {
        "type": "Point",
        "coordinates": [
          83.8200821,
          21.6543442
        ]
      },
      "properties": {
        "status": "dead",
        "confidence": 0.9429,
        "proj_x": 791877.7389,
        "proj_y": 2397220.5868
      }
    },
    {
      "type": "Feature",
      "geometry": {
        "type": "Point",
        "coordinates": [
          83.8198226,
          21.6539677
        ]
      },
      "properties": {
        "status": "dead",
        "confidence": 0.9986,
        "proj_x": 791851.6248,
        "proj_y": 2397178.3843
      }
    },
    {
      "type": "Feature",
      "geometry": {
        "type": "Point",
        "coordinates": [
          83.8200303,
          21.6543317
        ]
      },
      "properties": {
        "status": "dead",
        "confidence": 0.9961,
        "proj_x": 791872.4076,
        "proj_y": 2397219.1007
      }
    },
    {
      "type": "Feature",
      "geometry": {
        "type": "Point",
        "coordinates": [
          83.8205218,
          21.6541496
        ]
      },
      "properties": {
        "status": "dead",
        "confidence": 1.0,
        "proj_x": 791923.6687,
        "proj_y": 2397199.8512
      }
    },
    {
      "type": "Feature",
      "geometry": {
        "type": "Point",
        "coordinates": [
          83.8206705,
          21.6544664
        ]
      },
      "properties": {
        "status": "dead",
        "confidence": 0.9629,
        "proj_x": 791938.436,
        "proj_y": 2397235.2362
      }
    },
    {
      "type": "Feature",
      "geometry": {
        "type": "Point",
        "coordinates": [
          83.8203157,
          21.654165
        ]
      },
      "properties": {
        "status": "dead",
        "confidence": 0.9997,
        "proj_x": 791902.2961,
        "proj_y": 2397201.1723
      }
    },
    {
      "type": "Feature",
      "geometry": {
        "type": "Point",
        "coordinates": [
          83.8206644,
          21.6543726
        ]
      },
      "properties": {
        "status": "dead",
        "confidence": 0.9997,
        "proj_x": 791937.9878,
        "proj_y": 2397224.833
      }
    },
    {
      "type": "Feature",
      "geometry": {
        "type": "Point",
        "coordinates": [
          83.8204526,
          21.6541409
        ]
      },
      "properties": {
        "status": "dead",
        "confidence": 0.9999,
        "proj_x": 791916.5209,
        "proj_y": 2397198.7661
      }
    },
    {
      "type": "Feature",
      "geometry": {
        "type": "Point",
        "coordinates": [
          83.8206657,
          21.6540179
        ]
      },
      "properties": {
        "status": "dead",
        "confidence": 0.999,
        "proj_x": 791938.837,
        "proj_y": 2397185.5321
      }
    },
    {
      "type": "Feature",
      "geometry": {
        "type": "Point",
        "coordinates": [
          83.8201981,
          21.6541979
        ]
      },
      "properties": {
        "status": "dead",
        "confidence": 1.0,
        "proj_x": 791890.0529,
        "proj_y": 2397204.5928
      }
    },
    {
      "type": "Feature",
      "geometry": {
        "type": "Point",
        "coordinates": [
          83.8206088,
          21.654065
        ]
      },
      "properties": {
        "status": "dead",
        "confidence": 0.9985,
        "proj_x": 791932.8452,
        "proj_y": 2397190.6511
      }
    },
    {
      "type": "Feature",
      "geometry": {
        "type": "Point",
        "coordinates": [
          83.8206326,
          21.6541311
        ]
      },
      "properties": {
        "status": "dead",
        "confidence": 0.9976,
        "proj_x": 791935.1806,
        "proj_y": 2397198.0112
      }
    },
    {
      "type": "Feature",
      "geometry": {
        "type": "Point",
        "coordinates": [
          83.8206772,
          21.6540379
        ]
      },
      "properties": {
        "status": "dead",
        "confidence": 0.9411,
        "proj_x": 791939.9929,
        "proj_y": 2397187.7731
      }
    },
    {
      "type": "Feature",
      "geometry": {
        "type": "Point",
        "coordinates": [
          83.8201369,
          21.6542934
        ]
      },
      "properties": {
        "status": "dead",
        "confidence": 0.997,
        "proj_x": 791883.5185,
        "proj_y": 2397215.0668
      }
    },
    {
      "type": "Feature",
      "geometry": {
        "type": "Point",
        "coordinates": [
          83.8206993,
          21.6543995
        ]
      },
      "properties": {
        "status": "dead",
        "confidence": 0.9998,
        "proj_x": 791941.5499,
        "proj_y": 2397227.8761
      }
    },
    {
      "type": "Feature",
      "geometry": {
        "type": "Point",
        "coordinates": [
          83.8201853,
          21.6542179
        ]
      },
      "properties": {
        "status": "dead",
        "confidence": 0.9999,
        "proj_x": 791888.6847,
        "proj_y": 2397206.7867
      }
    },
    {
      "type": "Feature",
      "geometry": {
        "type": "Point",
        "coordinates": [
          83.8206188,
          21.6541837
        ]
      },
      "properties": {
        "status": "dead",
        "confidence": 1.0,
        "proj_x": 791933.6472,
        "proj_y": 2397203.8143
      }
    },
    {
      "type": "Feature",
      "geometry": {
        "type": "Point",
        "coordinates": [
          83.820669,
          21.654396
        ]
      },
      "properties": {
        "status": "dead",
        "confidence": 0.9888,
        "proj_x": 791938.4124,
        "proj_y": 2397227.4279
      }
    },
    {
      "type": "Feature",
      "geometry": {
        "type": "Point",
        "coordinates": [
          83.8207825,
          21.6542867
        ]
      },
      "properties": {
        "status": "dead",
        "confidence": 0.9997,
        "proj_x": 791950.3961,
        "proj_y": 2397215.5386
      }
    },
    {
      "type": "Feature",
      "geometry": {
        "type": "Point",
        "coordinates": [
          83.820449,
          21.6543058
        ]
      },
      "properties": {
        "status": "dead",
        "confidence": 1.0,
        "proj_x": 791915.8132,
        "proj_y": 2397217.0247
      }
    },
    {
      "type": "Feature",
      "geometry": {
        "type": "Point",
        "coordinates": [
          83.820542,
          21.6541464
        ]
      },
      "properties": {
        "status": "dead",
        "confidence": 0.9981,
        "proj_x": 791925.7682,
        "proj_y": 2397199.5446
      }
    },
    {
      "type": "Feature",
      "geometry": {
        "type": "Point",
        "coordinates": [
          83.8206169,
          21.6544495
        ]
      },
      "properties": {
        "status": "dead",
        "confidence": 0.5311,
        "proj_x": 791932.9159,
        "proj_y": 2397233.2547
      }
    },
    {
      "type": "Feature",
      "geometry": {
        "type": "Point",
        "coordinates": [
          83.8204505,
          21.6544306
        ]
      },
      "properties": {
        "status": "dead",
        "confidence": 0.9991,
        "proj_x": 791915.7188,
        "proj_y": 2397230.8485
      }
    },
    {
      "type": "Feature",
      "geometry": {
        "type": "Point",
        "coordinates": [
          83.8204726,
          21.654513
        ]
      },
      "properties": {
        "status": "dead",
        "confidence": 0.6072,
        "proj_x": 791917.8419,
        "proj_y": 2397240.025
      }
    },
    {
      "type": "Feature",
      "geometry": {
        "type": "Point",
        "coordinates": [
          83.8205271,
          21.654412
        ]
      },
      "properties": {
        "status": "dead",
        "confidence": 1.0,
        "proj_x": 791923.6922,
        "proj_y": 2397228.9377
      }
    },
    {
      "type": "Feature",
      "geometry": {
        "type": "Point",
        "coordinates": [
          83.8205731,
          21.6543391
        ]
      },
      "properties": {
        "status": "dead",
        "confidence": 0.9998,
        "proj_x": 791928.599,
        "proj_y": 2397220.9407
      }
    },
    {
      "type": "Feature",
      "geometry": {
        "type": "Point",
        "coordinates": [
          83.8205718,
          21.6541302
        ]
      },
      "properties": {
        "status": "dead",
        "confidence": 0.9988,
        "proj_x": 791928.882,
        "proj_y": 2397197.7989
      }
    },
    {
      "type": "Feature",
      "geometry": {
        "type": "Point",
        "coordinates": [
          83.8206059,
          21.6543964
        ]
      },
      "properties": {
        "status": "dead",
        "confidence": 0.9939,
        "proj_x": 791931.878,
        "proj_y": 2397227.3572
      }
    },
    {
      "type": "Feature",
      "geometry": {
        "type": "Point",
        "coordinates": [
          83.8206057,
          21.6542137
        ]
      },
      "properties": {
        "status": "dead",
        "confidence": 0.9999,
        "proj_x": 791932.2318,
        "proj_y": 2397207.1169
      }
    },
    {
      "type": "Feature",
      "geometry": {
        "type": "Point",
        "coordinates": [
          83.8206599,
          21.6539988
        ]
      },
      "properties": {
        "status": "dead",
        "confidence": 0.9994,
        "proj_x": 791938.2709,
        "proj_y": 2397183.409
      }
    },
    {
      "type": "Feature",
      "geometry": {
        "type": "Point",
        "coordinates": [
          83.8206825,
          21.6541076
        ]
      },
      "properties": {
        "status": "dead",
        "confidence": 0.9918,
        "proj_x": 791940.394,
        "proj_y": 2397195.5107
      }
    },
    {
      "type": "Feature",
      "geometry": {
        "type": "Point",
        "coordinates": [
          83.820163,
          21.6541944
        ]
      },
      "properties": {
        "status": "dead",
        "confidence": 1.0,
        "proj_x": 791886.42,
        "proj_y": 2397204.1446
      }
    },
    {
      "type": "Feature",
      "geometry": {
        "type": "Point",
        "coordinates": [
          83.8203792,
          21.6540191
        ]
      },
      "properties": {
        "status": "dead",
        "confidence": 0.9943,
        "proj_x": 791909.1608,
        "proj_y": 2397185.1311
      }
    },
    {
      "type": "Feature",
      "geometry": {
        "type": "Point",
        "coordinates": [
          83.8206005,
          21.6544581
        ]
      },
      "properties": {
        "status": "dead",
        "confidence": 0.5651,
        "proj_x": 791931.1939,
        "proj_y": 2397234.1747
      }
    },
    {
      "type": "Feature",
      "geometry": {
        "type": "Point",
        "coordinates": [
          83.820493,
          21.6544126
        ]
      },
      "properties": {
        "status": "dead",
        "confidence": 0.9881,
        "proj_x": 791920.1537,
        "proj_y": 2397228.9377
      }
    },
    {
      "type": "Feature",
      "geometry": {
        "type": "Point",
        "coordinates": [
          83.8207433,
          21.6544333
        ]
      },
      "properties": {
        "status": "dead",
        "confidence": 1.0,
        "proj_x": 791946.032,
        "proj_y": 2397231.6977
      }
    },
    {
      "type": "Feature",
      "geometry": {
        "type": "Point",
        "coordinates": [
          83.8202656,
          21.6540939
        ]
      },
      "properties": {
        "status": "dead",
        "confidence": 1.0,
        "proj_x": 791897.2479,
        "proj_y": 2397193.1988
      }
    },
    {
      "type": "Feature",
      "geometry": {
        "type": "Point",
        "coordinates": [
          83.8203051,
          21.6543555
        ]
      },
      "properties": {
        "status": "dead",
        "confidence": 1.0,
        "proj_x": 791900.8099,
        "proj_y": 2397222.2617
      }
    },
    {
      "type": "Feature",
      "geometry": {
        "type": "Point",
        "coordinates": [
          83.8203914,
          21.6542604
        ]
      },
      "properties": {
        "status": "dead",
        "confidence": 1.0,
        "proj_x": 791909.9393,
        "proj_y": 2397211.8821
      }
    },
    {
      "type": "Feature",
      "geometry": {
        "type": "Point",
        "coordinates": [
          83.8204378,
          21.6539891
        ]
      },
      "properties": {
        "status": "dead",
        "confidence": 0.9278,
        "proj_x": 791915.2942,
        "proj_y": 2397181.9228
      }
    },
    {
      "type": "Feature",
      "geometry": {
        "type": "Point",
        "coordinates": [
          83.8205405,
          21.6543509
        ]
      },
      "properties": {
        "status": "dead",
        "confidence": 1.0,
        "proj_x": 791925.202,
        "proj_y": 2397222.191
      }
    },
    {
      "type": "Feature",
      "geometry": {
        "type": "Point",
        "coordinates": [
          83.8205645,
          21.6541563
        ]
      },
      "properties": {
        "status": "dead",
        "confidence": 0.9991,
        "proj_x": 791928.08,
        "proj_y": 2397200.6769
      }
    },
    {
      "type": "Feature",
      "geometry": {
        "type": "Point",
        "coordinates": [
          83.8207366,
          21.6545009
        ]
      },
      "properties": {
        "status": "dead",
        "confidence": 0.9994,
        "proj_x": 791945.2063,
        "proj_y": 2397239.1757
      }
    },
    {
      "type": "Feature",
      "geometry": {
        "type": "Point",
        "coordinates": [
          83.8207851,
          21.6545486
        ]
      },
      "properties": {
        "status": "dead",
        "confidence": 1.0,
        "proj_x": 791950.1366,
        "proj_y": 2397244.5543
      }
    },
    {
      "type": "Feature",
      "geometry": {
        "type": "Point",
        "coordinates": [
          83.8204034,
          21.654327
        ]
      },
      "properties": {
        "status": "dead",
        "confidence": 0.9997,
        "proj_x": 791911.048,
        "proj_y": 2397219.2894
      }
    },
    {
      "type": "Feature",
      "geometry": {
        "type": "Point",
        "coordinates": [
          83.8205789,
          21.6545204
        ]
      },
      "properties": {
        "status": "dead",
        "confidence": 0.9723,
        "proj_x": 791928.8349,
        "proj_y": 2397241.0394
      }
    },
    {
      "type": "Feature",
      "geometry": {
        "type": "Point",
        "coordinates": [
          83.8206087,
          21.654236
        ]
      },
      "properties": {
        "status": "dead",
        "confidence": 1.0,
        "proj_x": 791932.4913,
        "proj_y": 2397209.5939
      }
    },
    {
      "type": "Feature",
      "geometry": {
        "type": "Point",
        "coordinates": [
          83.8206302,
          21.6541703
        ]
      },
      "properties": {
        "status": "dead",
        "confidence": 0.9999,
        "proj_x": 791934.8503,
        "proj_y": 2397202.3518
      }
    },
    {
      "type": "Feature",
      "geometry": {
        "type": "Point",
        "coordinates": [
          83.8207104,
          21.6540565
        ]
      },
      "properties": {
        "status": "dead",
        "confidence": 0.9991,
        "proj_x": 791943.3899,
        "proj_y": 2397189.8962
      }
    },
    {
      "type": "Feature",
      "geometry": {
        "type": "Point",
        "coordinates": [
          83.8203562,
          21.6541057
        ]
      },
      "properties": {
        "status": "dead",
        "confidence": 0.9991,
        "proj_x": 791906.6131,
        "proj_y": 2397194.685
      }
    },
    {
      "type": "Feature",
      "geometry": {
        "type": "Point",
        "coordinates": [
          83.8205634,
          21.6543575
        ]
      },
      "properties": {
        "status": "dead",
        "confidence": 0.9999,
        "proj_x": 791927.561,
        "proj_y": 2397222.9694
      }
    },
    {
      "type": "Feature",
      "geometry": {
        "type": "Point",
        "coordinates": [
          83.8203487,
          21.6541485
        ]
      },
      "properties": {
        "status": "dead",
        "confidence": 1.0,
        "proj_x": 791905.7403,
        "proj_y": 2397199.403
      }
    },
    {
      "type": "Feature",
      "geometry": {
        "type": "Point",
        "coordinates": [
          83.8205844,
          21.6542871
        ]
      },
      "properties": {
        "status": "dead",
        "confidence": 1.0,
        "proj_x": 791929.8728,
        "proj_y": 2397215.2083
      }
    },
    {
      "type": "Feature",
      "geometry": {
        "type": "Point",
        "coordinates": [
          83.820632,
          21.6543691
        ]
      },
      "properties": {
        "status": "dead",
        "confidence": 0.9992,
        "proj_x": 791934.638,
        "proj_y": 2397224.3848
      }
    },
    {
      "type": "Feature",
      "geometry": {
        "type": "Point",
        "coordinates": [
          83.8207108,
          21.6541003
        ]
      },
      "properties": {
        "status": "dead",
        "confidence": 1.0,
        "proj_x": 791943.3427,
        "proj_y": 2397194.7558
      }
    },
    {
      "type": "Feature",
      "geometry": {
        "type": "Point",
        "coordinates": [
          83.8207335,
          21.6541785
        ]
      },
      "properties": {
        "status": "dead",
        "confidence": 0.9999,
        "proj_x": 791945.5366,
        "proj_y": 2397203.4605
      }
    },
    {
      "type": "Feature",
      "geometry": {
        "type": "Point",
        "coordinates": [
          83.8207711,
          21.6543204
        ]
      },
      "properties": {
        "status": "dead",
        "confidence": 0.9999,
        "proj_x": 791949.1459,
        "proj_y": 2397219.2422
      }
    },
    {
      "type": "Feature",
      "geometry": {
        "type": "Point",
        "coordinates": [
          83.820199,
          21.6539617
        ]
      },
      "properties": {
        "status": "dead",
        "confidence": 1.0,
        "proj_x": 791890.6191,
        "proj_y": 2397178.4315
      }
    },
    {
      "type": "Feature",
      "geometry": {
        "type": "Point",
        "coordinates": [
          83.8204195,
          21.6545097
        ]
      },
      "properties": {
        "status": "dead",
        "confidence": 0.8817,
        "proj_x": 791912.3455,
        "proj_y": 2397239.5532
      }
    },
    {
      "type": "Feature",
      "geometry": {
        "type": "Point",
        "coordinates": [
          83.8205187,
          21.6543783
        ]
      },
      "properties": {
        "status": "dead",
        "confidence": 0.8927,
        "proj_x": 791922.8902,
        "proj_y": 2397225.1869
      }
    },
    {
      "type": "Feature",
      "geometry": {
        "type": "Point",
        "coordinates": [
          83.8206136,
          21.6541373
        ]
      },
      "properties": {
        "status": "dead",
        "confidence": 0.9975,
        "proj_x": 791933.199,
        "proj_y": 2397198.6717
      }
    },
    {
      "type": "Feature",
      "geometry": {
        "type": "Point",
        "coordinates": [
          83.8207853,
          21.6544498
        ]
      },
      "properties": {
        "status": "dead",
        "confidence": 0.9999,
        "proj_x": 791950.3489,
        "proj_y": 2397233.6085
      }
    },
    {
      "type": "Feature",
      "geometry": {
        "type": "Point",
        "coordinates": [
          83.8201202,
          21.6542667
        ]
      },
      "properties": {
        "status": "dead",
        "confidence": 0.9995,
        "proj_x": 791881.8436,
        "proj_y": 2397212.0708
      }
    },
    {
      "type": "Feature",
      "geometry": {
        "type": "Point",
        "coordinates": [
          83.8202916,
          21.6542386
        ]
      },
      "properties": {
        "status": "dead",
        "confidence": 0.9999,
        "proj_x": 791899.654,
        "proj_y": 2397209.2872
      }
    },
    {
      "type": "Feature",
      "geometry": {
        "type": "Point",
        "coordinates": [
          83.82067,
          21.6542177
        ]
      },
      "properties": {
        "status": "dead",
        "confidence": 0.9908,
        "proj_x": 791938.8842,
        "proj_y": 2397207.6831
      }
    },
    {
      "type": "Feature",
      "geometry": {
        "type": "Point",
        "coordinates": [
          83.8205914,
          21.6541573
        ]
      },
      "properties": {
        "status": "dead",
        "confidence": 0.9999,
        "proj_x": 791930.8636,
        "proj_y": 2397200.842
      }
    },
    {
      "type": "Feature",
      "geometry": {
        "type": "Point",
        "coordinates": [
          83.8207548,
          21.6541115
        ]
      },
      "properties": {
        "status": "dead",
        "confidence": 0.9999,
        "proj_x": 791947.872,
        "proj_y": 2397196.0768
      }
    },
    {
      "type": "Feature",
      "geometry": {
        "type": "Point",
        "coordinates": [
          83.820323,
          21.6543853
        ]
      },
      "properties": {
        "status": "dead",
        "confidence": 1.0,
        "proj_x": 791902.6028,
        "proj_y": 2397225.5879
      }
    },
    {
      "type": "Feature",
      "geometry": {
        "type": "Point",
        "coordinates": [
          83.8204821,
          21.6543317
        ]
      },
      "properties": {
        "status": "dead",
        "confidence": 0.9909,
        "proj_x": 791919.1866,
        "proj_y": 2397219.9499
      }
    },
    {
      "type": "Feature",
      "geometry": {
        "type": "Point",
        "coordinates": [
          83.820662,
          21.6542004
        ]
      },
      "properties": {
        "status": "dead",
        "confidence": 0.8865,
        "proj_x": 791938.0821,
        "proj_y": 2397205.7487
      }
    },
    {
      "type": "Feature",
      "geometry": {
        "type": "Point",
        "coordinates": [
          83.8207155,
          21.6541799
        ]
      },
      "properties": {
        "status": "dead",
        "confidence": 0.9996,
        "proj_x": 791943.673,
        "proj_y": 2397203.5784
      }
    },
    {
      "type": "Feature",
      "geometry": {
        "type": "Point",
        "coordinates": [
          83.8204312,
          21.6543547
        ]
      },
      "properties": {
        "status": "dead",
        "confidence": 0.9996,
        "proj_x": 791913.8788,
        "proj_y": 2397222.4033
      }
    },
    {
      "type": "Feature",
      "geometry": {
        "type": "Point",
        "coordinates": [
          83.8206161,
          21.6541595
        ]
      },
      "properties": {
        "status": "dead",
        "confidence": 1.0,
        "proj_x": 791933.4113,
        "proj_y": 2397201.1251
      }
    },
    {
      "type": "Feature",
      "geometry": {
        "type": "Point",
        "coordinates": [
          83.8202618,
          21.6541691
        ]
      },
      "properties": {
        "status": "dead",
        "confidence": 1.0,
        "proj_x": 791896.7053,
        "proj_y": 2397201.5261
      }
    },
    {
      "type": "Feature",
      "geometry": {
        "type": "Point",
        "coordinates": [
          83.8203996,
          21.6544704
        ]
      },
      "properties": {
        "status": "dead",
        "confidence": 0.6307,
        "proj_x": 791910.3639,
        "proj_y": 2397235.1655
      }
    },
    {
      "type": "Feature",
      "geometry": {
        "type": "Point",
        "coordinates": [
          83.8207618,
          21.6543778
        ]
      },
      "properties": {
        "status": "dead",
        "confidence": 0.9999,
        "proj_x": 791948.0607,
        "proj_y": 2397225.5879
      }
    },
    {
      "type": "Feature",
      "geometry": {
        "type": "Point",
        "coordinates": [
          83.8204864,
          21.6540279
        ]
      },
      "properties": {
        "status": "dead",
        "confidence": 0.9996,
        "proj_x": 791920.2481,
        "proj_y": 2397186.3106
      }
    },
    {
      "type": "Feature",
      "geometry": {
        "type": "Point",
        "coordinates": [
          83.8206038,
          21.653975
        ]
      },
      "properties": {
        "status": "dead",
        "confidence": 1.0,
        "proj_x": 791932.5149,
        "proj_y": 2397180.6726
      }
    },
    {
      "type": "Feature",
      "geometry": {
        "type": "Point",
        "coordinates": [
          83.8205217,
          21.6542492
        ]
      },
      "properties": {
        "status": "dead",
        "confidence": 0.9193,
        "proj_x": 791923.4563,
        "proj_y": 2397210.8913
      }
    },
    {
      "type": "Feature",
      "geometry": {
        "type": "Point",
        "coordinates": [
          83.8205547,
          21.6542595
        ]
      },
      "properties": {
        "status": "dead",
        "confidence": 0.9999,
        "proj_x": 791926.8533,
        "proj_y": 2397212.0944
      }
    },
    {
      "type": "Feature",
      "geometry": {
        "type": "Point",
        "coordinates": [
          83.8205173,
          21.65428
        ]
      },
      "properties": {
        "status": "dead",
        "confidence": 0.9998,
        "proj_x": 791922.9374,
        "proj_y": 2397214.2883
      }
    },
    {
      "type": "Feature",
      "geometry": {
        "type": "Point",
        "coordinates": [
          83.8206392,
          21.6541088
        ]
      },
      "properties": {
        "status": "dead",
        "confidence": 0.9994,
        "proj_x": 791935.9119,
        "proj_y": 2397195.5578
      }
    },
    {
      "type": "Feature",
      "geometry": {
        "type": "Point",
        "coordinates": [
          83.8203629,
          21.6542387
        ]
      },
      "properties": {
        "status": "dead",
        "confidence": 0.9994,
        "proj_x": 791907.0377,
        "proj_y": 2397209.4288
      }
    },
    {
      "type": "Feature",
      "geometry": {
        "type": "Point",
        "coordinates": [
          83.8203998,
          21.6544491
        ]
      },
      "properties": {
        "status": "dead",
        "confidence": 0.9565,
        "proj_x": 791910.4347,
        "proj_y": 2397232.8065
      }
    },
    {
      "type": "Feature",
      "geometry": {
        "type": "Point",
        "coordinates": [
          83.820585,
          21.6543559
        ]
      },
      "properties": {
        "status": "dead",
        "confidence": 0.9972,
        "proj_x": 791929.8021,
        "proj_y": 2397222.8279
      }
    },
    {
      "type": "Feature",
      "geometry": {
        "type": "Point",
        "coordinates": [
          83.8207552,
          21.6541328
        ]
      },
      "properties": {
        "status": "dead",
        "confidence": 1.0,
        "proj_x": 791947.872,
        "proj_y": 2397198.4358
      }
    },
    {
      "type": "Feature",
      "geometry": {
        "type": "Point",
        "coordinates": [
          83.8201633,
          21.6542102
        ]
      },
      "properties": {
        "status": "dead",
        "confidence": 1.0,
        "proj_x": 791886.42,
        "proj_y": 2397205.8903
      }
    },
    {
      "type": "Feature",
      "geometry": {
        "type": "Point",
        "coordinates": [
          83.8207975,
          21.6543399
        ]
      },
      "properties": {
        "status": "dead",
        "confidence": 0.9993,
        "proj_x": 791951.8351,
        "proj_y": 2397221.4597
      }
    },
    {
      "type": "Feature",
      "geometry": {
        "type": "Point",
        "coordinates": [
          83.820478,
          21.6542776
        ]
      },
      "properties": {
        "status": "dead",
        "confidence": 1.0,
        "proj_x": 791918.8799,
        "proj_y": 2397213.958
      }
    },
    {
      "type": "Feature",
      "geometry": {
        "type": "Point",
        "coordinates": [
          83.8209904,
          21.6542936
        ]
      },
      "properties": {
        "status": "dead",
        "confidence": 0.9999,
        "proj_x": 791971.9102,
        "proj_y": 2397216.6945
      }
    },
    {
      "type": "Feature",
      "geometry": {
        "type": "Point",
        "coordinates": [
          83.821044,
          21.6541675
        ]
      },
      "properties": {
        "status": "dead",
        "confidence": 0.9999,
        "proj_x": 791977.7133,
        "proj_y": 2397202.8236
      }
    },
    {
      "type": "Feature",
      "geometry": {
        "type": "Point",
        "coordinates": [
          83.8211575,
          21.6545003
        ]
      },
      "properties": {
        "status": "dead",
        "confidence": 1.0,
        "proj_x": 791988.8006,
        "proj_y": 2397239.907
      }
    },
    {
      "type": "Feature",
      "geometry": {
        "type": "Point",
        "coordinates": [
          83.8208286,
          21.6543243
        ]
      },
      "properties": {
        "status": "dead",
        "confidence": 0.9998,
        "proj_x": 791955.0905,
        "proj_y": 2397219.7848
      }
    },
    {
      "type": "Feature",
      "geometry": {
        "type": "Point",
        "coordinates": [
          83.8211327,
          21.654127
        ]
      },
      "properties": {
        "status": "dead",
        "confidence": 0.9999,
        "proj_x": 791986.9842,
        "proj_y": 2397198.5066
      }
    },
    {
      "type": "Feature",
      "geometry": {
        "type": "Point",
        "coordinates": [
          83.8212868,
          21.6544232
        ]
      },
      "properties": {
        "status": "dead",
        "confidence": 0.9999,
        "proj_x": 792002.3413,
        "proj_y": 2397231.6034
      }
    },
    {
      "type": "Feature",
      "geometry": {
        "type": "Point",
        "coordinates": [
          83.8209646,
          21.6545104
        ]
      },
      "properties": {
        "status": "dead",
        "confidence": 0.9999,
        "proj_x": 791968.7963,
        "proj_y": 2397240.6619
      }
    },
    {
      "type": "Feature",
      "geometry": {
        "type": "Point",
        "coordinates": [
          83.8211531,
          21.6541912
        ]
      },
      "properties": {
        "status": "dead",
        "confidence": 1.0,
        "proj_x": 791988.9658,
        "proj_y": 2397205.6544
      }
    },
    {
      "type": "Feature",
      "geometry": {
        "type": "Point",
        "coordinates": [
          83.8211509,
          21.6540788
        ]
      },
      "properties": {
        "status": "dead",
        "confidence": 1.0,
        "proj_x": 791988.9658,
        "proj_y": 2397193.1988
      }
    },
    {
      "type": "Feature",
      "geometry": {
        "type": "Point",
        "coordinates": [
          83.8208199,
          21.6542263
        ]
      },
      "properties": {
        "status": "dead",
        "confidence": 0.9987,
        "proj_x": 791954.3828,
        "proj_y": 2397208.9098
      }
    },
    {
      "type": "Feature",
      "geometry": {
        "type": "Point",
        "coordinates": [
          83.8209345,
          21.6543252
        ]
      },
      "properties": {
        "status": "dead",
        "confidence": 0.9994,
        "proj_x": 791966.0599,
        "proj_y": 2397220.0914
      }
    },
    {
      "type": "Feature",
      "geometry": {
        "type": "Point",
        "coordinates": [
          83.8211309,
          21.6545576
        ]
      },
      "properties": {
        "status": "dead",
        "confidence": 1.0,
        "proj_x": 791985.9227,
        "proj_y": 2397246.2056
      }
    },
    {
      "type": "Feature",
      "geometry": {
        "type": "Point",
        "coordinates": [
          83.8212005,
          21.6539579
        ]
      },
      "properties": {
        "status": "dead",
        "confidence": 0.9996,
        "proj_x": 791994.3443,
        "proj_y": 2397179.8941
      }
    },
    {
      "type": "Feature",
      "geometry": {
        "type": "Point",
        "coordinates": [
          83.821444,
          21.6544009
        ]
      },
      "properties": {
        "status": "dead",
        "confidence": 0.9999,
        "proj_x": 792018.6656,
        "proj_y": 2397229.4331
      }
    },
    {
      "type": "Feature",
      "geometry": {
        "type": "Point",
        "coordinates": [
          83.8214484,
          21.6542284
        ]
      },
      "properties": {
        "status": "dead",
        "confidence": 0.9999,
        "proj_x": 792019.4676,
        "proj_y": 2397210.3252
      }
    },
    {
      "type": "Feature",
      "geometry": {
        "type": "Point",
        "coordinates": [
          83.8214626,
          21.6541425
        ]
      },
      "properties": {
        "status": "dead",
        "confidence": 0.9995,
        "proj_x": 792021.1189,
        "proj_y": 2397200.842
      }
    },
    {
      "type": "Feature",
      "geometry": {
        "type": "Point",
        "coordinates": [
          83.8209552,
          21.6541684
        ]
      },
      "properties": {
        "status": "dead",
        "confidence": 0.9999,
        "proj_x": 791968.5132,
        "proj_y": 2397202.7528
      }
    },
    {
      "type": "Feature",
      "geometry": {
        "type": "Point",
        "coordinates": [
          83.8209861,
          21.6543197
        ]
      },
      "properties": {
        "status": "dead",
        "confidence": 0.9999,
        "proj_x": 791971.4148,
        "proj_y": 2397219.5725
      }
    },
    {
      "type": "Feature",
      "geometry": {
        "type": "Point",
        "coordinates": [
          83.8210258,
          21.6543067
        ]
      },
      "properties": {
        "status": "dead",
        "confidence": 0.9998,
        "proj_x": 791975.5431,
        "proj_y": 2397218.2042
      }
    },
    {
      "type": "Feature",
      "geometry": {
        "type": "Point",
        "coordinates": [
          83.8210798,
          21.6545215
        ]
      },
      "properties": {
        "status": "dead",
        "confidence": 0.9867,
        "proj_x": 791980.7093,
        "proj_y": 2397242.1009
      }
    },
    {
      "type": "Feature",
      "geometry": {
        "type": "Point",
        "coordinates": [
          83.8212577,
          21.6541128
        ]
      },
      "properties": {
        "status": "dead",
        "confidence": 1.0,
        "proj_x": 791999.9587,
        "proj_y": 2397197.162
      }
    },
    {
      "type": "Feature",
      "geometry": {
        "type": "Point",
        "coordinates": [
          83.8208345,
          21.6542051
        ]
      },
      "properties": {
        "status": "dead",
        "confidence": 1.0,
        "proj_x": 791955.9398,
        "proj_y": 2397206.598
      }
    },
    {
      "type": "Feature",
      "geometry": {
        "type": "Point",
        "coordinates": [
          83.8212451,
          21.6542452
        ]
      },
      "properties": {
        "status": "dead",
        "confidence": 0.9999,
        "proj_x": 791998.3782,
        "proj_y": 2397211.8114
      }
    },
    {
      "type": "Feature",
      "geometry": {
        "type": "Point",
        "coordinates": [
          83.8213502,
          21.6542153
        ]
      },
      "properties": {
        "status": "dead",
        "confidence": 0.9997,
        "proj_x": 792009.3239,
        "proj_y": 2397208.6975
      }
    },
    {
      "type": "Feature",
      "geometry": {
        "type": "Point",
        "coordinates": [
          83.8213813,
          21.6542602
        ]
      },
      "properties": {
        "status": "dead",
        "confidence": 1.0,
        "proj_x": 792012.4614,
        "proj_y": 2397213.7221
      }
    },
    {
      "type": "Feature",
      "geometry": {
        "type": "Point",
        "coordinates": [
          83.8214662,
          21.6541152
        ]
      },
      "properties": {
        "status": "dead",
        "confidence": 0.9998,
        "proj_x": 792021.5436,
        "proj_y": 2397197.8225
      }
    },
    {
      "type": "Feature",
      "geometry": {
        "type": "Point",
        "coordinates": [
          83.8209183,
          21.6545108
        ]
      },
      "properties": {
        "status": "dead",
        "confidence": 0.9995,
        "proj_x": 791964.0076,
        "proj_y": 2397240.6147
      }
    },
    {
      "type": "Feature",
      "geometry": {
        "type": "Point",
        "coordinates": [
          83.8209639,
          21.6543592
        ]
      },
      "properties": {
        "status": "dead",
        "confidence": 0.989,
        "proj_x": 791969.0322,
        "proj_y": 2397223.913
      }
    },
    {
      "type": "Feature",
      "geometry": {
        "type": "Point",
        "coordinates": [
          83.8210088,
          21.6540889
        ]
      },
      "properties": {
        "status": "dead",
        "confidence": 1.0,
        "proj_x": 791974.222,
        "proj_y": 2397194.0481
      }
    },
    {
      "type": "Feature",
      "geometry": {
        "type": "Point",
        "coordinates": [
          83.8211892,
          21.654487
        ]
      },
      "properties": {
        "status": "dead",
        "confidence": 0.9955,
        "proj_x": 791992.1032,
        "proj_y": 2397238.4916
      }
    },
    {
      "type": "Feature",
      "geometry": {
        "type": "Point",
        "coordinates": [
          83.8211934,
          21.6540721
        ]
      },
      "properties": {
        "status": "dead",
        "confidence": 0.9997,
        "proj_x": 791993.3771,
        "proj_y": 2397192.5383
      }
    },
    {
      "type": "Feature",
      "geometry": {
        "type": "Point",
        "coordinates": [
          83.8212284,
          21.6542907
        ]
      },
      "properties": {
        "status": "dead",
        "confidence": 0.9999,
        "proj_x": 791996.5618,
        "proj_y": 2397216.8124
      }
    },
    {
      "type": "Feature",
      "geometry": {
        "type": "Point",
        "coordinates": [
          83.8214168,
          21.6545259
        ]
      },
      "properties": {
        "status": "dead",
        "confidence": 0.9999,
        "proj_x": 792015.5989,
        "proj_y": 2397243.2332
      }
    },
    {
      "type": "Feature",
      "geometry": {
        "type": "Point",
        "coordinates": [
          83.8211563,
          21.6542708
        ]
      },
      "properties": {
        "status": "dead",
        "confidence": 0.9998,
        "proj_x": 791989.1309,
        "proj_y": 2397214.477
      }
    },
    {
      "type": "Feature",
      "geometry": {
        "type": "Point",
        "coordinates": [
          83.8210283,
          21.654342
        ]
      },
      "properties": {
        "status": "dead",
        "confidence": 0.9989,
        "proj_x": 791975.7318,
        "proj_y": 2397222.1202
      }
    },
    {
      "type": "Feature",
      "geometry": {
        "type": "Point",
        "coordinates": [
          83.8210999,
          21.6541155
        ]
      },
      "properties": {
        "status": "dead",
        "confidence": 0.9998,
        "proj_x": 791983.6108,
        "proj_y": 2397197.162
      }
    },
    {
      "type": "Feature",
      "geometry": {
        "type": "Point",
        "coordinates": [
          83.8211866,
          21.654298
        ]
      },
      "properties": {
        "status": "dead",
        "confidence": 0.9998,
        "proj_x": 791992.2212,
        "proj_y": 2397217.5437
      }
    },
    {
      "type": "Feature",
      "geometry": {
        "type": "Point",
        "coordinates": [
          83.8214697,
          21.6542337
        ]
      },
      "properties": {
        "status": "dead",
        "confidence": 0.9995,
        "proj_x": 792021.6615,
        "proj_y": 2397210.9621
      }
    },
    {
      "type": "Feature",
      "geometry": {
        "type": "Point",
        "coordinates": [
          83.8208635,
          21.6540933
        ]
      },
      "properties": {
        "status": "dead",
        "confidence": 1.0,
        "proj_x": 791959.1716,
        "proj_y": 2397194.2604
      }
    },
    {
      "type": "Feature",
      "geometry": {
        "type": "Point",
        "coordinates": [
          83.8209468,
          21.6540203
        ]
      },
      "properties": {
        "status": "dead",
        "confidence": 1.0,
        "proj_x": 791967.9471,
        "proj_y": 2397186.3342
      }
    },
    {
      "type": "Feature",
      "geometry": {
        "type": "Point",
        "coordinates": [
          83.8210399,
          21.6539815
        ]
      },
      "properties": {
        "status": "dead",
        "confidence": 0.999,
        "proj_x": 791977.6662,
        "proj_y": 2397182.2059
      }
    },
    {
      "type": "Feature",
      "geometry": {
        "type": "Point",
        "coordinates": [
          83.8211682,
          21.6543677
        ]
      },
      "properties": {
        "status": "dead",
        "confidence": 1.0,
        "proj_x": 791990.1689,
        "proj_y": 2397225.2341
      }
    },
    {
      "type": "Feature",
      "geometry": {
        "type": "Point",
        "coordinates": [
          83.8212783,
          21.6543714
        ]
      },
      "properties": {
        "status": "dead",
        "confidence": 0.9997,
        "proj_x": 792001.5628,
        "proj_y": 2397225.8474
      }
    },
    {
      "type": "Feature",
      "geometry": {
        "type": "Point",
        "coordinates": [
          83.8214678,
          21.6542681
        ]
      },
      "properties": {
        "status": "dead",
        "confidence": 0.9999,
        "proj_x": 792021.402,
        "proj_y": 2397214.7601
      }
    },
    {
      "type": "Feature",
      "geometry": {
        "type": "Point",
        "coordinates": [
          83.8209171,
          21.6541563
        ]
      },
      "properties": {
        "status": "dead",
        "confidence": 0.9999,
        "proj_x": 791964.5973,
        "proj_y": 2397201.3374
      }
    },
    {
      "type": "Feature",
      "geometry": {
        "type": "Point",
        "coordinates": [
          83.8211634,
          21.6544253
        ]
      },
      "properties": {
        "status": "dead",
        "confidence": 0.9996,
        "proj_x": 791989.5555,
        "proj_y": 2397231.6034
      }
    },
    {
      "type": "Feature",
      "geometry": {
        "type": "Point",
        "coordinates": [
          83.8211785,
          21.654162
        ]
      },
      "properties": {
        "status": "dead",
        "confidence": 0.9948,
        "proj_x": 791991.655,
        "proj_y": 2397202.4697
      }
    },
    {
      "type": "Feature",
      "geometry": {
        "type": "Point",
        "coordinates": [
          83.8209052,
          21.6544801
        ]
      },
      "properties": {
        "status": "dead",
        "confidence": 0.9999,
        "proj_x": 791962.7101,
        "proj_y": 2397237.1942
      }
    },
    {
      "type": "Feature",
      "geometry": {
        "type": "Point",
        "coordinates": [
          83.8211993,
          21.6540026
        ]
      },
      "properties": {
        "status": "dead",
        "confidence": 0.9962,
        "proj_x": 791994.132,
        "proj_y": 2397184.848
      }
    },
    {
      "type": "Feature",
      "geometry": {
        "type": "Point",
        "coordinates": [
          83.8212676,
          21.6540683
        ]
      },
      "properties": {
        "status": "dead",
        "confidence": 1.0,
        "proj_x": 792001.0674,
        "proj_y": 2397192.2552
      }
    },
    {
      "type": "Feature",
      "geometry": {
        "type": "Point",
        "coordinates": [
          83.8214841,
          21.654307
        ]
      },
      "properties": {
        "status": "dead",
        "confidence": 0.9985,
        "proj_x": 792023.0061,
        "proj_y": 2397219.1007
      }
    },
    {
      "type": "Feature",
      "geometry": {
        "type": "Point",
        "coordinates": [
          83.8208541,
          21.6540185
        ]
      },
      "properties": {
        "status": "dead",
        "confidence": 1.0,
        "proj_x": 791958.346,
        "proj_y": 2397185.9567
      }
    },
    {
      "type": "Feature",
      "geometry": {
        "type": "Point",
        "coordinates": [
          83.8211723,
          21.6542518
        ]
      },
      "properties": {
        "status": "dead",
        "confidence": 0.9979,
        "proj_x": 791990.8294,
        "proj_y": 2397212.4011
      }
    },
    {
      "type": "Feature",
      "geometry": {
        "type": "Point",
        "coordinates": [
          83.8213242,
          21.6541568
        ]
      },
      "properties": {
        "status": "dead",
        "confidence": 1.0,
        "proj_x": 792006.7526,
        "proj_y": 2397202.163
      }
    },
    {
      "type": "Feature",
      "geometry": {
        "type": "Point",
        "coordinates": [
          83.8214558,
          21.6543164
        ]
      },
      "properties": {
        "status": "dead",
        "confidence": 0.9999,
        "proj_x": 792020.0574,
        "proj_y": 2397220.0914
      }
    },
    {
      "type": "Feature",
      "geometry": {
        "type": "Point",
        "coordinates": [
          83.8208178,
          21.6542484
        ]
      },
      "properties": {
        "status": "dead",
        "confidence": 1.0,
        "proj_x": 791954.1233,
        "proj_y": 2397211.3631
      }
    },
    {
      "type": "Feature",
      "geometry": {
        "type": "Point",
        "coordinates": [
          83.821134,
          21.6544277
        ]
      },
      "properties": {
        "status": "dead",
        "confidence": 0.999,
        "proj_x": 791986.5124,
        "proj_y": 2397231.8157
      }
    },
    {
      "type": "Feature",
      "geometry": {
        "type": "Point",
        "coordinates": [
          83.8213262,
          21.6543167
        ]
      },
      "properties": {
        "status": "dead",
        "confidence": 1.0,
        "proj_x": 792006.6347,
        "proj_y": 2397219.8791
      }
    },
    {
      "type": "Feature",
      "geometry": {
        "type": "Point",
        "coordinates": [
          83.8213242,
          21.6539475
        ]
      },
      "properties": {
        "status": "dead",
        "confidence": 0.9994,
        "proj_x": 792007.1773,
        "proj_y": 2397178.9741
      }
    },
    {
      "type": "Feature",
      "geometry": {
        "type": "Point",
        "coordinates": [
          83.8208893,
          21.6540126
        ]
      },
      "properties": {
        "status": "dead",
        "confidence": 1.0,
        "proj_x": 791962.0024,
        "proj_y": 2397185.367
      }
    },
    {
      "type": "Feature",
      "geometry": {
        "type": "Point",
        "coordinates": [
          83.8210858,
          21.6539528
        ]
      },
      "properties": {
        "status": "dead",
        "confidence": 1.0,
        "proj_x": 791982.4785,
        "proj_y": 2397179.1156
      }
    },
    {
      "type": "Feature",
      "geometry": {
        "type": "Point",
        "coordinates": [
          83.8211672,
          21.654343
        ]
      },
      "properties": {
        "status": "dead",
        "confidence": 0.9966,
        "proj_x": 791990.1217,
        "proj_y": 2397222.4976
      }
    },
    {
      "type": "Feature",
      "geometry": {
        "type": "Point",
        "coordinates": [
          83.8213092,
          21.6543119
        ]
      },
      "properties": {
        "status": "dead",
        "confidence": 1.0,
        "proj_x": 792004.889,
        "proj_y": 2397219.313
      }
    },
    {
      "type": "Feature",
      "geometry": {
        "type": "Point",
        "coordinates": [
          83.8208945,
          21.6541769
        ]
      },
      "properties": {
        "status": "dead",
        "confidence": 0.9999,
        "proj_x": 791962.2147,
        "proj_y": 2397203.5784
      }
    },
    {
      "type": "Feature",
      "geometry": {
        "type": "Point",
        "coordinates": [
          83.8213082,
          21.654331
        ]
      },
      "properties": {
        "status": "dead",
        "confidence": 1.0,
        "proj_x": 792004.7475,
        "proj_y": 2397221.4361
      }
    },
    {
      "type": "Feature",
      "geometry": {
        "type": "Point",
        "coordinates": [
          83.8208086,
          21.6541046
        ]
      },
      "properties": {
        "status": "dead",
        "confidence": 0.9999,
        "proj_x": 791953.4628,
        "proj_y": 2397195.4163
      }
    },
    {
      "type": "Feature",
      "geometry": {
        "type": "Point",
        "coordinates": [
          83.821396,
          21.6544049
        ]
      },
      "properties": {
        "status": "dead",
        "confidence": 0.9996,
        "proj_x": 792013.6881,
        "proj_y": 2397229.7869
      }
    },
    {
      "type": "Feature",
      "geometry": {
        "type": "Point",
        "coordinates": [
          83.8208173,
          21.6540136
        ]
      },
      "properties": {
        "status": "dead",
        "confidence": 1.0,
        "proj_x": 791954.548,
        "proj_y": 2397185.3434
      }
    },
    {
      "type": "Feature",
      "geometry": {
        "type": "Point",
        "coordinates": [
          83.8208418,
          21.653951
        ]
      },
      "properties": {
        "status": "dead",
        "confidence": 1.0,
        "proj_x": 791957.2136,
        "proj_y": 2397178.4551
      }
    },
    {
      "type": "Feature",
      "geometry": {
        "type": "Point",
        "coordinates": [
          83.8208894,
          21.6539962
        ]
      },
      "properties": {
        "status": "dead",
        "confidence": 0.9999,
        "proj_x": 791962.0496,
        "proj_y": 2397183.5505
      }
    },
    {
      "type": "Feature",
      "geometry": {
        "type": "Point",
        "coordinates": [
          83.8214773,
          21.6544534
        ]
      },
      "properties": {
        "status": "dead",
        "confidence": 0.9999,
        "proj_x": 792022.0154,
        "proj_y": 2397235.307
      }
    },
    {
      "type": "Feature",
      "geometry": {
        "type": "Point",
        "coordinates": [
          83.8213258,
          21.6541333
        ]
      },
      "properties": {
        "status": "dead",
        "confidence": 1.0,
        "proj_x": 792006.9649,
        "proj_y": 2397199.5681
      }
    },
    {
      "type": "Feature",
      "geometry": {
        "type": "Point",
        "coordinates": [
          83.8208842,
          21.6542669
        ]
      },
      "properties": {
        "status": "dead",
        "confidence": 0.9959,
        "proj_x": 791960.9644,
        "proj_y": 2397213.5334
      }
    },
    {
      "type": "Feature",
      "geometry": {
        "type": "Point",
        "coordinates": [
          83.8211618,
          21.6539481
        ]
      },
      "properties": {
        "status": "dead",
        "confidence": 0.9989,
        "proj_x": 791990.3576,
        "proj_y": 2397178.7382
      }
    },
    {
      "type": "Feature",
      "geometry": {
        "type": "Point",
        "coordinates": [
          83.820815,
          21.654082
        ]
      },
      "properties": {
        "status": "dead",
        "confidence": 1.0,
        "proj_x": 791954.1705,
        "proj_y": 2397192.9158
      }
    },
    {
      "type": "Feature",
      "geometry": {
        "type": "Point",
        "coordinates": [
          83.8208797,
          21.6542103
        ]
      },
      "properties": {
        "status": "dead",
        "confidence": 1.0,
        "proj_x": 791960.6106,
        "proj_y": 2397207.2585
      }
    },
    {
      "type": "Feature",
      "geometry": {
        "type": "Point",
        "coordinates": [
          83.8209102,
          21.6541372
        ]
      },
      "properties": {
        "status": "dead",
        "confidence": 1.0,
        "proj_x": 791963.9132,
        "proj_y": 2397199.2143
      }
    },
    {
      "type": "Feature",
      "geometry": {
        "type": "Point",
        "coordinates": [
          83.8213385,
          21.6543859
        ]
      },
      "properties": {
        "status": "dead",
        "confidence": 1.0,
        "proj_x": 792007.767,
        "proj_y": 2397227.5695
      }
    },
    {
      "type": "Feature",
      "geometry": {
        "type": "Point",
        "coordinates": [
          83.821121,
          21.6542633
        ]
      },
      "properties": {
        "status": "dead",
        "confidence": 1.0,
        "proj_x": 791985.498,
        "proj_y": 2397213.5806
      }
    },
    {
      "type": "Feature",
      "geometry": {
        "type": "Point",
        "coordinates": [
          83.8210213,
          21.6539626
        ]
      },
      "properties": {
        "status": "dead",
        "confidence": 0.9959,
        "proj_x": 791975.779,
        "proj_y": 2397180.0828
      }
    },
    {
      "type": "Feature",
      "geometry": {
        "type": "Point",
        "coordinates": [
          83.8214668,
          21.6540973
        ]
      },
      "properties": {
        "status": "dead",
        "confidence": 0.9908,
        "proj_x": 792021.6379,
        "proj_y": 2397195.8409
      }
    },
    {
      "type": "Feature",
      "geometry": {
        "type": "Point",
        "coordinates": [
          83.8209966,
          21.6543515
        ]
      },
      "properties": {
        "status": "dead",
        "confidence": 0.9944,
        "proj_x": 791972.4292,
        "proj_y": 2397223.111
      }
    },
    {
      "type": "Feature",
      "geometry": {
        "type": "Point",
        "coordinates": [
          83.8211386,
          21.6541118
        ]
      },
      "properties": {
        "status": "dead",
        "confidence": 1.0,
        "proj_x": 791987.6211,
        "proj_y": 2397196.8317
      }
    },
    {
      "type": "Feature",
      "geometry": {
        "type": "Point",
        "coordinates": [
          83.821119,
          21.6542314
        ]
      },
      "properties": {
        "status": "dead",
        "confidence": 0.9999,
        "proj_x": 791985.3565,
        "proj_y": 2397210.0421
      }
    },
    {
      "type": "Feature",
      "geometry": {
        "type": "Point",
        "coordinates": [
          83.8178927,
          21.6532372
        ]
      },
      "properties": {
        "status": "dead",
        "confidence": 1.0,
        "proj_x": 791653.2329,
        "proj_y": 2397093.8378
      }
    },
    {
      "type": "Feature",
      "geometry": {
        "type": "Point",
        "coordinates": [
          83.817953,
          21.6531651
        ]
      },
      "properties": {
        "status": "dead",
        "confidence": 0.9997,
        "proj_x": 791659.6258,
        "proj_y": 2397085.9587
      }
    },
    {
      "type": "Feature",
      "geometry": {
        "type": "Point",
        "coordinates": [
          83.8179201,
          21.653043
        ]
      },
      "properties": {
        "status": "dead",
        "confidence": 0.9824,
        "proj_x": 791656.4647,
        "proj_y": 2397072.3709
      }
    },
    {
      "type": "Feature",
      "geometry": {
        "type": "Point",
        "coordinates": [
          83.8179113,
          21.653317
        ]
      },
      "properties": {
        "status": "dead",
        "confidence": 0.9923,
        "proj_x": 791655.0021,
        "proj_y": 2397102.7076
      }
    },
    {
      "type": "Feature",
      "geometry": {
        "type": "Point",
        "coordinates": [
          83.818038,
          21.6530476
        ]
      },
      "properties": {
        "status": "dead",
        "confidence": 0.9907,
        "proj_x": 791668.6608,
        "proj_y": 2397073.1022
      }
    },
    {
      "type": "Feature",
      "geometry": {
        "type": "Point",
        "coordinates": [
          83.817908,
          21.6532261
        ]
      },
      "properties": {
        "status": "dead",
        "confidence": 0.9985,
        "proj_x": 791654.837,
        "proj_y": 2397092.6347
      }
    },
    {
      "type": "Feature",
      "geometry": {
        "type": "Point",
        "coordinates": [
          83.8179558,
          21.65319
        ]
      },
      "properties": {
        "status": "dead",
        "confidence": 0.9815,
        "proj_x": 791659.8617,
        "proj_y": 2397088.7187
      }
    },
    {
      "type": "Feature",
      "geometry": {
        "type": "Point",
        "coordinates": [
          83.817974,
          21.6531092
        ]
      },
      "properties": {
        "status": "dead",
        "confidence": 0.9999,
        "proj_x": 791661.914,
        "proj_y": 2397079.8017
      }
    },
    {
      "type": "Feature",
      "geometry": {
        "type": "Point",
        "coordinates": [
          83.817818,
          21.6533682
        ]
      },
      "properties": {
        "status": "dead",
        "confidence": 0.9745,
        "proj_x": 791645.2359,
        "proj_y": 2397108.2041
      }
    },
    {
      "type": "Feature",
      "geometry": {
        "type": "Point",
        "coordinates": [
          83.8178786,
          21.6531553
        ]
      },
      "properties": {
        "status": "dead",
        "confidence": 0.9985,
        "proj_x": 791651.9354,
        "proj_y": 2397084.732
      }
    },
    {
      "type": "Feature",
      "geometry": {
        "type": "Point",
        "coordinates": [
          83.8180109,
          21.653117
        ]
      },
      "properties": {
        "status": "dead",
        "confidence": 0.9998,
        "proj_x": 791665.712,
        "proj_y": 2397080.7453
      }
    },
    {
      "type": "Feature",
      "geometry": {
        "type": "Point",
        "coordinates": [
          83.8180489,
          21.6533161
        ]
      },
      "properties": {
        "status": "dead",
        "confidence": 0.962,
        "proj_x": 791669.2505,
        "proj_y": 2397102.8727
      }
    },
    {
      "type": "Feature",
      "geometry": {
        "type": "Point",
        "coordinates": [
          83.8180222,
          21.6530796
        ]
      },
      "properties": {
        "status": "dead",
        "confidence": 1.0,
        "proj_x": 791666.9623,
        "proj_y": 2397076.6171
      }
    },
    {
      "type": "Feature",
      "geometry": {
        "type": "Point",
        "coordinates": [
          83.8179736,
          21.6533187
        ]
      },
      "properties": {
        "status": "dead",
        "confidence": 0.9996,
        "proj_x": 791661.4422,
        "proj_y": 2397103.0143
      }
    },
    {
      "type": "Feature",
      "geometry": {
        "type": "Point",
        "coordinates": [
          83.8178511,
          21.6530757
        ]
      },
      "properties": {
        "status": "dead",
        "confidence": 0.9767,
        "proj_x": 791649.2462,
        "proj_y": 2397075.8622
      }
    },
    {
      "type": "Feature",
      "geometry": {
        "type": "Point",
        "coordinates": [
          83.8178804,
          21.6533177
        ]
      },
      "properties": {
        "status": "dead",
        "confidence": 0.7147,
        "proj_x": 791651.7939,
        "proj_y": 2397102.7312
      }
    },
    {
      "type": "Feature",
      "geometry": {
        "type": "Point",
        "coordinates": [
          83.8179099,
          21.6531277
        ]
      },
      "properties": {
        "status": "dead",
        "confidence": 0.9708,
        "proj_x": 791655.238,
        "proj_y": 2397081.7361
      }
    },
    {
      "type": "Feature",
      "geometry": {
        "type": "Point",
        "coordinates": [
          83.8178888,
          21.6531885
        ]
      },
      "properties": {
        "status": "dead",
        "confidence": 0.867,
        "proj_x": 791652.9262,
        "proj_y": 2397088.4357
      }
    },
    {
      "type": "Feature",
      "geometry": {
        "type": "Point",
        "coordinates": [
          83.818013,
          21.6530995
        ]
      },
      "properties": {
        "status": "dead",
        "confidence": 0.9998,
        "proj_x": 791665.9715,
        "proj_y": 2397078.8109
      }
    },
    {
      "type": "Feature",
      "geometry": {
        "type": "Point",
        "coordinates": [
          83.8178711,
          21.6532412
        ]
      },
      "properties": {
        "status": "dead",
        "confidence": 0.9973,
        "proj_x": 791650.9918,
        "proj_y": 2397094.2388
      }
    },
    {
      "type": "Feature",
      "geometry": {
        "type": "Point",
        "coordinates": [
          83.8178204,
          21.6533041
        ]
      },
      "properties": {
        "status": "dead",
        "confidence": 0.4178,
        "proj_x": 791645.6133,
        "proj_y": 2397101.1035
      }
    },
    {
      "type": "Feature",
      "geometry": {
        "type": "Point",
        "coordinates": [
          83.8214989,
          21.6539711
        ]
      },
      "properties": {
        "status": "dead",
        "confidence": 0.9989,
        "proj_x": 792025.2236,
        "proj_y": 2397181.9228
      }
    },
    {
      "type": "Feature",
      "geometry": {
        "type": "Point",
        "coordinates": [
          83.8219577,
          21.6542765
        ]
      },
      "properties": {
        "status": "dead",
        "confidence": 0.9954,
        "proj_x": 792072.1205,
        "proj_y": 2397216.6237
      }
    },
    {
      "type": "Feature",
      "geometry": {
        "type": "Point",
        "coordinates": [
          83.8220574,
          21.6540268
        ]
      },
      "properties": {
        "status": "dead",
        "confidence": 0.9068,
        "proj_x": 792082.9483,
        "proj_y": 2397189.1414
      }
    },
    {
      "type": "Feature",
      "geometry": {
        "type": "Point",
        "coordinates": [
          83.8216072,
          21.6542778
        ]
      },
      "properties": {
        "status": "dead",
        "confidence": 0.9992,
        "proj_x": 792035.8155,
        "proj_y": 2397216.1047
      }
    },
    {
      "type": "Feature",
      "geometry": {
        "type": "Point",
        "coordinates": [
          83.8220325,
          21.6540689
        ]
      },
      "properties": {
        "status": "dead",
        "confidence": 0.9253,
        "proj_x": 792080.2827,
        "proj_y": 2397193.765
      }
    },
    {
      "type": "Feature",
      "geometry": {
        "type": "Point",
        "coordinates": [
          83.82171,
          21.6539984
        ]
      },
      "properties": {
        "status": "dead",
        "confidence": 1.0,
        "proj_x": 792047.0208,
        "proj_y": 2397185.3434
      }
    },
    {
      "type": "Feature",
      "geometry": {
        "type": "Point",
        "coordinates": [
          83.8220454,
          21.6539586
        ]
      },
      "properties": {
        "status": "dead",
        "confidence": 0.8978,
        "proj_x": 792081.8396,
        "proj_y": 2397181.569
      }
    },
    {
      "type": "Feature",
      "geometry": {
        "type": "Point",
        "coordinates": [
          83.8217403,
          21.6542949
        ]
      },
      "properties": {
        "status": "dead",
        "confidence": 0.9952,
        "proj_x": 792049.5685,
        "proj_y": 2397218.2514
      }
    },
    {
      "type": "Feature",
      "geometry": {
        "type": "Point",
        "coordinates": [
          83.8217849,
          21.6543406
        ]
      },
      "properties": {
        "status": "dead",
        "confidence": 0.9936,
        "proj_x": 792054.0978,
        "proj_y": 2397223.394
      }
    },
    {
      "type": "Feature",
      "geometry": {
        "type": "Point",
        "coordinates": [
          83.8218666,
          21.6539849
        ]
      },
      "properties": {
        "status": "dead",
        "confidence": 0.9986,
        "proj_x": 792063.2743,
        "proj_y": 2397184.1403
      }
    },
    {
      "type": "Feature",
      "geometry": {
        "type": "Point",
        "coordinates": [
          83.8220262,
          21.6542004
        ]
      },
      "properties": {
        "status": "dead",
        "confidence": 0.9995,
        "proj_x": 792079.3627,
        "proj_y": 2397208.32
      }
    },
    {
      "type": "Feature",
      "geometry": {
        "type": "Point",
        "coordinates": [
          83.8220248,
          21.654108
        ]
      },
      "properties": {
        "status": "dead",
        "confidence": 0.656,
        "proj_x": 792079.4098,
        "proj_y": 2397198.082
      }
    },
    {
      "type": "Feature",
      "geometry": {
        "type": "Point",
        "coordinates": [
          83.8217255,
          21.6544585
        ]
      },
      "properties": {
        "status": "dead",
        "confidence": 0.9985,
        "proj_x": 792047.7049,
        "proj_y": 2397236.345
      }
    },
    {
      "type": "Feature",
      "geometry": {
        "type": "Point",
        "coordinates": [
          83.821796,
          21.6541592
        ]
      },
      "properties": {
        "status": "dead",
        "confidence": 0.9999,
        "proj_x": 792055.6075,
        "proj_y": 2397203.319
      }
    },
    {
      "type": "Feature",
      "geometry": {
        "type": "Point",
        "coordinates": [
          83.8217047,
          21.6539748
        ]
      },
      "properties": {
        "status": "dead",
        "confidence": 0.9999,
        "proj_x": 792046.5254,
        "proj_y": 2397182.7249
      }
    },
    {
      "type": "Feature",
      "geometry": {
        "type": "Point",
        "coordinates": [
          83.8218751,
          21.6541738
        ]
      },
      "properties": {
        "status": "dead",
        "confidence": 0.9999,
        "proj_x": 792063.7697,
        "proj_y": 2397205.0882
      }
    },
    {
      "type": "Feature",
      "geometry": {
        "type": "Point",
        "coordinates": [
          83.8214994,
          21.6542051
        ]
      },
      "properties": {
        "status": "dead",
        "confidence": 1.0,
        "proj_x": 792024.799,
        "proj_y": 2397207.8482
      }
    },
    {
      "type": "Feature",
      "geometry": {
        "type": "Point",
        "coordinates": [
          83.8216665,
          21.6545385
        ]
      },
      "properties": {
        "status": "dead",
        "confidence": 0.9187,
        "proj_x": 792041.4299,
        "proj_y": 2397245.0968
      }
    },
    {
      "type": "Feature",
      "geometry": {
        "type": "Point",
        "coordinates": [
          83.8216813,
          21.6542127
        ]
      },
      "properties": {
        "status": "dead",
        "confidence": 1.0,
        "proj_x": 792043.6238,
        "proj_y": 2397209.0277
      }
    },
    {
      "type": "Feature",
      "geometry": {
        "type": "Point",
        "coordinates": [
          83.8216991,
          21.6540367
        ]
      },
      "properties": {
        "status": "dead",
        "confidence": 1.0,
        "proj_x": 792045.8177,
        "proj_y": 2397189.566
      }
    },
    {
      "type": "Feature",
      "geometry": {
        "type": "Point",
        "coordinates": [
          83.822013,
          21.6541542
        ]
      },
      "properties": {
        "status": "dead",
        "confidence": 0.9999,
        "proj_x": 792078.0888,
        "proj_y": 2397203.1774
      }
    },
    {
      "type": "Feature",
      "geometry": {
        "type": "Point",
        "coordinates": [
          83.8216673,
          21.6543809
        ]
      },
      "properties": {
        "status": "dead",
        "confidence": 0.7501,
        "proj_x": 792041.831,
        "proj_y": 2397227.6402
      }
    },
    {
      "type": "Feature",
      "geometry": {
        "type": "Point",
        "coordinates": [
          83.8217047,
          21.6540783
        ]
      },
      "properties": {
        "status": "dead",
        "confidence": 1.0,
        "proj_x": 792046.3131,
        "proj_y": 2397194.1896
      }
    },
    {
      "type": "Feature",
      "geometry": {
        "type": "Point",
        "coordinates": [
          83.8217328,
          21.6539889
        ]
      },
      "properties": {
        "status": "dead",
        "confidence": 0.9943,
        "proj_x": 792049.4034,
        "proj_y": 2397184.329
      }
    },
    {
      "type": "Feature",
      "geometry": {
        "type": "Point",
        "coordinates": [
          83.8219803,
          21.6543705
        ]
      },
      "properties": {
        "status": "dead",
        "confidence": 0.9974,
        "proj_x": 792074.2672,
        "proj_y": 2397227.0741
      }
    },
    {
      "type": "Feature",
      "geometry": {
        "type": "Point",
        "coordinates": [
          83.8217153,
          21.6545535
        ]
      },
      "properties": {
        "status": "dead",
        "confidence": 0.9379,
        "proj_x": 792046.4546,
        "proj_y": 2397246.8425
      }
    },
    {
      "type": "Feature",
      "geometry": {
        "type": "Point",
        "coordinates": [
          83.8217249,
          21.6545073
        ]
      },
      "properties": {
        "status": "dead",
        "confidence": 1.0,
        "proj_x": 792047.5397,
        "proj_y": 2397241.7471
      }
    },
    {
      "type": "Feature",
      "geometry": {
        "type": "Point",
        "coordinates": [
          83.8217817,
          21.6540355
        ]
      },
      "properties": {
        "status": "dead",
        "confidence": 1.0,
        "proj_x": 792054.3808,
        "proj_y": 2397189.5896
      }
    },
    {
      "type": "Feature",
      "geometry": {
        "type": "Point",
        "coordinates": [
          83.8219952,
          21.6540038
        ]
      },
      "properties": {
        "status": "dead",
        "confidence": 0.9999,
        "proj_x": 792076.5554,
        "proj_y": 2397186.4757
      }
    },
    {
      "type": "Feature",
      "geometry": {
        "type": "Point",
        "coordinates": [
          83.8220661,
          21.6541812
        ]
      },
      "properties": {
        "status": "dead",
        "confidence": 0.8441,
        "proj_x": 792083.5381,
        "proj_y": 2397206.2677
      }
    },
    {
      "type": "Feature",
      "geometry": {
        "type": "Point",
        "coordinates": [
          83.8216506,
          21.6544112
        ]
      },
      "properties": {
        "status": "dead",
        "confidence": 1.0,
        "proj_x": 792040.0381,
        "proj_y": 2397230.9664
      }
    },
    {
      "type": "Feature",
      "geometry": {
        "type": "Point",
        "coordinates": [
          83.8216974,
          21.653952
        ]
      },
      "properties": {
        "status": "dead",
        "confidence": 0.9996,
        "proj_x": 792045.8177,
        "proj_y": 2397180.1772
      }
    },
    {
      "type": "Feature",
      "geometry": {
        "type": "Point",
        "coordinates": [
          83.8218358,
          21.6543214
        ]
      },
      "properties": {
        "status": "dead",
        "confidence": 0.986,
        "proj_x": 792059.4055,
        "proj_y": 2397221.3653
      }
    },
    {
      "type": "Feature",
      "geometry": {
        "type": "Point",
        "coordinates": [
          83.8219289,
          21.6539881
        ]
      },
      "properties": {
        "status": "dead",
        "confidence": 0.9995,
        "proj_x": 792069.7143,
        "proj_y": 2397184.6121
      }
    },
    {
      "type": "Feature",
      "geometry": {
        "type": "Point",
        "coordinates": [
          83.8220258,
          21.6540537
        ]
      },
      "properties": {
        "status": "dead",
        "confidence": 0.971,
        "proj_x": 792079.6221,
        "proj_y": 2397192.0665
      }
    },
    {
      "type": "Feature",
      "geometry": {
        "type": "Point",
        "coordinates": [
          83.8219763,
          21.6542449
        ]
      },
      "properties": {
        "status": "dead",
        "confidence": 0.9996,
        "proj_x": 792074.1021,
        "proj_y": 2397213.156
      }
    },
    {
      "type": "Feature",
      "geometry": {
        "type": "Point",
        "coordinates": [
          83.8219017,
          21.6541367
        ]
      },
      "properties": {
        "status": "dead",
        "confidence": 0.9998,
        "proj_x": 792066.6005,
        "proj_y": 2397201.0307
      }
    },
    {
      "type": "Feature",
      "geometry": {
        "type": "Point",
        "coordinates": [
          83.8217597,
          21.6543065
        ]
      },
      "properties": {
        "status": "dead",
        "confidence": 1.0,
        "proj_x": 792051.55,
        "proj_y": 2397219.5725
      }
    },
    {
      "type": "Feature",
      "geometry": {
        "type": "Point",
        "coordinates": [
          83.8219167,
          21.6539457
        ]
      },
      "properties": {
        "status": "dead",
        "confidence": 1.0,
        "proj_x": 792068.5348,
        "proj_y": 2397179.8941
      }
    },
    {
      "type": "Feature",
      "geometry": {
        "type": "Point",
        "coordinates": [
          83.821956,
          21.6543032
        ]
      },
      "properties": {
        "status": "dead",
        "confidence": 0.9951,
        "proj_x": 792071.8846,
        "proj_y": 2397219.5725
      }
    },
    {
      "type": "Feature",
      "geometry": {
        "type": "Point",
        "coordinates": [
          83.8220036,
          21.6541391
        ]
      },
      "properties": {
        "status": "dead",
        "confidence": 0.9999,
        "proj_x": 792077.1452,
        "proj_y": 2397201.4789
      }
    },
    {
      "type": "Feature",
      "geometry": {
        "type": "Point",
        "coordinates": [
          83.8217064,
          21.6543873
        ]
      },
      "properties": {
        "status": "dead",
        "confidence": 1.0,
        "proj_x": 792045.8649,
        "proj_y": 2397228.4187
      }
    },
    {
      "type": "Feature",
      "geometry": {
        "type": "Point",
        "coordinates": [
          83.8218172,
          21.6541467
        ]
      },
      "properties": {
        "status": "dead",
        "confidence": 0.9999,
        "proj_x": 792057.825,
        "proj_y": 2397201.9743
      }
    },
    {
      "type": "Feature",
      "geometry": {
        "type": "Point",
        "coordinates": [
          83.8218782,
          21.6542994
        ]
      },
      "properties": {
        "status": "dead",
        "confidence": 1.0,
        "proj_x": 792063.8404,
        "proj_y": 2397219.0063
      }
    },
    {
      "type": "Feature",
      "geometry": {
        "type": "Point",
        "coordinates": [
          83.8219903,
          21.6542545
        ]
      },
      "properties": {
        "status": "dead",
        "confidence": 0.9993,
        "proj_x": 792075.5411,
        "proj_y": 2397214.2411
      }
    },
    {
      "type": "Feature",
      "geometry": {
        "type": "Point",
        "coordinates": [
          83.821532,
          21.6544976
        ]
      },
      "properties": {
        "status": "dead",
        "confidence": 0.9996,
        "proj_x": 792027.5826,
        "proj_y": 2397240.3081
      }
    },
    {
      "type": "Feature",
      "geometry": {
        "type": "Point",
        "coordinates": [
          83.8215737,
          21.6541125
        ]
      },
      "properties": {
        "status": "dead",
        "confidence": 0.9954,
        "proj_x": 792032.678,
        "proj_y": 2397197.7281
      }
    },
    {
      "type": "Feature",
      "geometry": {
        "type": "Point",
        "coordinates": [
          83.821651,
          21.6539417
        ]
      },
      "properties": {
        "status": "dead",
        "confidence": 0.9925,
        "proj_x": 792041.0289,
        "proj_y": 2397178.9505
      }
    },
    {
      "type": "Feature",
      "geometry": {
        "type": "Point",
        "coordinates": [
          83.8215545,
          21.6540998
        ]
      },
      "properties": {
        "status": "dead",
        "confidence": 0.9985,
        "proj_x": 792030.7201,
        "proj_y": 2397196.2891
      }
    },
    {
      "type": "Feature",
      "geometry": {
        "type": "Point",
        "coordinates": [
          83.8217015,
          21.6543358
        ]
      },
      "properties": {
        "status": "dead",
        "confidence": 1.0,
        "proj_x": 792045.4638,
        "proj_y": 2397222.7099
      }
    },
    {
      "type": "Feature",
      "geometry": {
        "type": "Point",
        "coordinates": [
          83.8220404,
          21.6542174
        ]
      },
      "properties": {
        "status": "dead",
        "confidence": 1.0,
        "proj_x": 792080.8016,
        "proj_y": 2397210.2308
      }
    },
    {
      "type": "Feature",
      "geometry": {
        "type": "Point",
        "coordinates": [
          83.8217584,
          21.6543564
        ]
      },
      "properties": {
        "status": "dead",
        "confidence": 0.9997,
        "proj_x": 792051.3141,
        "proj_y": 2397225.0925
      }
    },
    {
      "type": "Feature",
      "geometry": {
        "type": "Point",
        "coordinates": [
          83.8217775,
          21.6543816
        ]
      },
      "properties": {
        "status": "dead",
        "confidence": 0.9989,
        "proj_x": 792053.2485,
        "proj_y": 2397227.9233
      }
    },
    {
      "type": "Feature",
      "geometry": {
        "type": "Point",
        "coordinates": [
          83.8215051,
          21.6540166
        ]
      },
      "properties": {
        "status": "dead",
        "confidence": 0.9997,
        "proj_x": 792025.7662,
        "proj_y": 2397186.9711
      }
    },
    {
      "type": "Feature",
      "geometry": {
        "type": "Point",
        "coordinates": [
          83.8217569,
          21.6545163
        ]
      },
      "properties": {
        "status": "dead",
        "confidence": 0.9939,
        "proj_x": 792050.8423,
        "proj_y": 2397242.8086
      }
    },
    {
      "type": "Feature",
      "geometry": {
        "type": "Point",
        "coordinates": [
          83.821955,
          21.6542412
        ]
      },
      "properties": {
        "status": "dead",
        "confidence": 0.9796,
        "proj_x": 792071.9082,
        "proj_y": 2397212.7078
      }
    },
    {
      "type": "Feature",
      "geometry": {
        "type": "Point",
        "coordinates": [
          83.8217487,
          21.6543299
        ]
      },
      "properties": {
        "status": "dead",
        "confidence": 1.0,
        "proj_x": 792050.3705,
        "proj_y": 2397222.1438
      }
    },
    {
      "type": "Feature",
      "geometry": {
        "type": "Point",
        "coordinates": [
          83.8215058,
          21.6542521
        ]
      },
      "properties": {
        "status": "dead",
        "confidence": 0.9998,
        "proj_x": 792025.3651,
        "proj_y": 2397213.0616
      }
    },
    {
      "type": "Feature",
      "geometry": {
        "type": "Point",
        "coordinates": [
          83.8219058,
          21.6544746
        ]
      },
      "properties": {
        "status": "dead",
        "confidence": 1.0,
        "proj_x": 792066.341,
        "proj_y": 2397238.4681
      }
    },
    {
      "type": "Feature",
      "geometry": {
        "type": "Point",
        "coordinates": [
          83.8219033,
          21.6539625
        ]
      },
      "properties": {
        "status": "dead",
        "confidence": 1.0,
        "proj_x": 792067.1194,
        "proj_y": 2397181.7341
      }
    },
    {
      "type": "Feature",
      "geometry": {
        "type": "Point",
        "coordinates": [
          83.8220215,
          21.6542173
        ]
      },
      "properties": {
        "status": "dead",
        "confidence": 1.0,
        "proj_x": 792078.8437,
        "proj_y": 2397210.1836
      }
    },
    {
      "type": "Feature",
      "geometry": {
        "type": "Point",
        "coordinates": [
          83.8218468,
          21.6541698
        ]
      },
      "properties": {
        "status": "dead",
        "confidence": 1.0,
        "proj_x": 792060.8445,
        "proj_y": 2397204.5928
      }
    },
    {
      "type": "Feature",
      "geometry": {
        "type": "Point",
        "coordinates": [
          83.8218843,
          21.6544731
        ]
      },
      "properties": {
        "status": "dead",
        "confidence": 0.9999,
        "proj_x": 792064.1235,
        "proj_y": 2397238.2557
      }
    },
    {
      "type": "Feature",
      "geometry": {
        "type": "Point",
        "coordinates": [
          83.8215239,
          21.6541398
        ]
      },
      "properties": {
        "status": "dead",
        "confidence": 0.9999,
        "proj_x": 792027.4647,
        "proj_y": 2397200.6533
      }
    },
    {
      "type": "Feature",
      "geometry": {
        "type": "Point",
        "coordinates": [
          83.8215026,
          21.6542758
        ]
      },
      "properties": {
        "status": "dead",
        "confidence": 1.0,
        "proj_x": 792024.9877,
        "proj_y": 2397215.6801
      }
    },
    {
      "type": "Feature",
      "geometry": {
        "type": "Point",
        "coordinates": [
          83.8220067,
          21.6540781
        ]
      },
      "properties": {
        "status": "dead",
        "confidence": 0.9998,
        "proj_x": 792077.5934,
        "proj_y": 2397194.7322
      }
    },
    {
      "type": "Feature",
      "geometry": {
        "type": "Point",
        "coordinates": [
          83.8215874,
          21.6545477
        ]
      },
      "properties": {
        "status": "dead",
        "confidence": 0.9714,
        "proj_x": 792033.2206,
        "proj_y": 2397245.9697
      }
    },
    {
      "type": "Feature",
      "geometry": {
        "type": "Point",
        "coordinates": [
          83.8217627,
          21.6544943
        ]
      },
      "properties": {
        "status": "dead",
        "confidence": 1.0,
        "proj_x": 792051.4793,
        "proj_y": 2397240.3788
      }
    },
    {
      "type": "Feature",
      "geometry": {
        "type": "Point",
        "coordinates": [
          83.8215082,
          21.6544465
        ]
      },
      "properties": {
        "status": "dead",
        "confidence": 0.9991,
        "proj_x": 792025.2236,
        "proj_y": 2397234.5993
      }
    },
    {
      "type": "Feature",
      "geometry": {
        "type": "Point",
        "coordinates": [
          83.8216984,
          21.6541076
        ]
      },
      "properties": {
        "status": "dead",
        "confidence": 1.0,
        "proj_x": 792045.6054,
        "proj_y": 2397197.4215
      }
    },
    {
      "type": "Feature",
      "geometry": {
        "type": "Point",
        "coordinates": [
          83.8220593,
          21.6541475
        ]
      },
      "properties": {
        "status": "dead",
        "confidence": 0.9995,
        "proj_x": 792082.9012,
        "proj_y": 2397202.5169
      }
    },
    {
      "type": "Feature",
      "geometry": {
        "type": "Point",
        "coordinates": [
          83.8219899,
          21.6541617
        ]
      },
      "properties": {
        "status": "dead",
        "confidence": 1.0,
        "proj_x": 792075.6826,
        "proj_y": 2397203.9559
      }
    },
    {
      "type": "Feature",
      "geometry": {
        "type": "Point",
        "coordinates": [
          83.8216973,
          21.6543095
        ]
      },
      "properties": {
        "status": "dead",
        "confidence": 0.9992,
        "proj_x": 792045.0864,
        "proj_y": 2397219.7848
      }
    },
    {
      "type": "Feature",
      "geometry": {
        "type": "Point",
        "coordinates": [
          83.8219724,
          21.6540022
        ]
      },
      "properties": {
        "status": "dead",
        "confidence": 0.9997,
        "proj_x": 792074.1964,
        "proj_y": 2397186.2634
      }
    },
    {
      "type": "Feature",
      "geometry": {
        "type": "Point",
        "coordinates": [
          83.8180426,
          21.6535407
        ]
      },
      "properties": {
        "status": "dead",
        "confidence": 0.9992,
        "proj_x": 791668.1418,
        "proj_y": 2397127.7366
      }
    },
    {
      "type": "Feature",
      "geometry": {
        "type": "Point",
        "coordinates": [
          83.8179561,
          21.6534419
        ]
      },
      "properties": {
        "status": "dead",
        "confidence": 0.9696,
        "proj_x": 791659.3899,
        "proj_y": 2397116.6257
      }
    },
    {
      "type": "Feature",
      "geometry": {
        "type": "Point",
        "coordinates": [
          83.8179893,
          21.6534586
        ]
      },
      "properties": {
        "status": "dead",
        "confidence": 0.9427,
        "proj_x": 791662.7868,
        "proj_y": 2397118.5365
      }
    },
    {
      "type": "Feature",
      "geometry": {
        "type": "Point",
        "coordinates": [
          83.8180258,
          21.6535472
        ]
      },
      "properties": {
        "status": "dead",
        "confidence": 0.9958,
        "proj_x": 791666.3961,
        "proj_y": 2397128.4207
      }
    },
    {
      "type": "Feature",
      "geometry": {
        "type": "Point",
        "coordinates": [
          83.8179613,
          21.6536843
        ]
      },
      "properties": {
        "status": "dead",
        "confidence": 0.9684,
        "proj_x": 791659.4371,
        "proj_y": 2397143.4947
      }
    },
    {
      "type": "Feature",
      "geometry": {
        "type": "Point",
        "coordinates": [
          83.8178979,
          21.6535391
        ]
      },
      "properties": {
        "status": "dead",
        "confidence": 0.9724,
        "proj_x": 791653.1621,
        "proj_y": 2397127.2884
      }
    },
    {
      "type": "Feature",
      "geometry": {
        "type": "Point",
        "coordinates": [
          83.8179629,
          21.6535567
        ]
      },
      "properties": {
        "status": "dead",
        "confidence": 0.9999,
        "proj_x": 791659.8617,
        "proj_y": 2397129.3643
      }
    },
    {
      "type": "Feature",
      "geometry": {
        "type": "Point",
        "coordinates": [
          83.8179962,
          21.6535483
        ]
      },
      "properties": {
        "status": "dead",
        "confidence": 0.9943,
        "proj_x": 791663.3294,
        "proj_y": 2397128.4915
      }
    },
    {
      "type": "Feature",
      "geometry": {
        "type": "Point",
        "coordinates": [
          83.8178551,
          21.6535285
        ]
      },
      "properties": {
        "status": "dead",
        "confidence": 0.9829,
        "proj_x": 791648.7508,
        "proj_y": 2397126.0381
      }
    },
    {
      "type": "Feature",
      "geometry": {
        "type": "Point",
        "coordinates": [
          83.8179467,
          21.6534944
        ]
      },
      "properties": {
        "status": "dead",
        "confidence": 0.7507,
        "proj_x": 791658.3047,
        "proj_y": 2397122.4288
      }
    },
    {
      "type": "Feature",
      "geometry": {
        "type": "Point",
        "coordinates": [
          83.817909,
          21.6535264
        ]
      },
      "properties": {
        "status": "dead",
        "confidence": 0.9845,
        "proj_x": 791654.3416,
        "proj_y": 2397125.8966
      }
    },
    {
      "type": "Feature",
      "geometry": {
        "type": "Point",
        "coordinates": [
          83.8178297,
          21.6534534
        ]
      },
      "properties": {
        "status": "dead",
        "confidence": 0.9567,
        "proj_x": 791646.2738,
        "proj_y": 2397117.6637
      }
    },
    {
      "type": "Feature",
      "geometry": {
        "type": "Point",
        "coordinates": [
          83.8179227,
          21.6535148
        ]
      },
      "properties": {
        "status": "dead",
        "confidence": 0.7217,
        "proj_x": 791655.7806,
        "proj_y": 2397124.6463
      }
    },
    {
      "type": "Feature",
      "geometry": {
        "type": "Point",
        "coordinates": [
          83.8184496,
          21.6536596
        ]
      },
      "properties": {
        "status": "dead",
        "confidence": 0.9538,
        "proj_x": 791710.0612,
        "proj_y": 2397141.6783
      }
    },
    {
      "type": "Feature",
      "geometry": {
        "type": "Point",
        "coordinates": [
          83.8182573,
          21.6535158
        ]
      },
      "properties": {
        "status": "dead",
        "confidence": 0.9521,
        "proj_x": 791690.4343,
        "proj_y": 2397125.3776
      }
    },
    {
      "type": "Feature",
      "geometry": {
        "type": "Point",
        "coordinates": [
          83.8180698,
          21.6536167
        ]
      },
      "properties": {
        "status": "dead",
        "confidence": 0.9907,
        "proj_x": 791670.8074,
        "proj_y": 2397136.2054
      }
    },
    {
      "type": "Feature",
      "geometry": {
        "type": "Point",
        "coordinates": [
          83.8182641,
          21.6538404
        ]
      },
      "properties": {
        "status": "dead",
        "confidence": 0.999,
        "proj_x": 791690.4815,
        "proj_y": 2397161.3523
      }
    },
    {
      "type": "Feature",
      "geometry": {
        "type": "Point",
        "coordinates": [
          83.8183581,
          21.6538041
        ]
      },
      "properties": {
        "status": "dead",
        "confidence": 0.9692,
        "proj_x": 791700.2949,
        "proj_y": 2397157.5072
      }
    },
    {
      "type": "Feature",
      "geometry": {
        "type": "Point",
        "coordinates": [
          83.8185535,
          21.6536494
        ]
      },
      "properties": {
        "status": "dead",
        "confidence": 0.9562,
        "proj_x": 791720.8418,
        "proj_y": 2397140.7347
      }
    },
    {
      "type": "Feature",
      "geometry": {
        "type": "Point",
        "coordinates": [
          83.818692,
          21.653884
        ]
      },
      "properties": {
        "status": "dead",
        "confidence": 0.9985,
        "proj_x": 791734.7128,
        "proj_y": 2397166.9904
      }
    },
    {
      "type": "Feature",
      "geometry": {
        "type": "Point",
        "coordinates": [
          83.8182268,
          21.6538212
        ]
      },
      "properties": {
        "status": "dead",
        "confidence": 0.9943,
        "proj_x": 791686.6599,
        "proj_y": 2397159.1585
      }
    },
    {
      "type": "Feature",
      "geometry": {
        "type": "Point",
        "coordinates": [
          83.8183065,
          21.6539261
        ]
      },
      "properties": {
        "status": "dead",
        "confidence": 0.8005,
        "proj_x": 791694.7041,
        "proj_y": 2397170.9299
      }
    },
    {
      "type": "Feature",
      "geometry": {
        "type": "Point",
        "coordinates": [
          83.8183865,
          21.6536205
        ]
      },
      "properties": {
        "status": "dead",
        "confidence": 0.9999,
        "proj_x": 791703.5975,
        "proj_y": 2397137.2198
      }
    },
    {
      "type": "Feature",
      "geometry": {
        "type": "Point",
        "coordinates": [
          83.8186574,
          21.6539417
        ]
      },
      "properties": {
        "status": "dead",
        "confidence": 0.9312,
        "proj_x": 791731.0091,
        "proj_y": 2397173.3125
      }
    },
    {
      "type": "Feature",
      "geometry": {
        "type": "Point",
        "coordinates": [
          83.8182501,
          21.6536609
        ]
      },
      "properties": {
        "status": "dead",
        "confidence": 0.9902,
        "proj_x": 791689.3964,
        "proj_y": 2397141.4424
      }
    },
    {
      "type": "Feature",
      "geometry": {
        "type": "Point",
        "coordinates": [
          83.8186497,
          21.6537199
        ]
      },
      "properties": {
        "status": "dead",
        "confidence": 0.9603,
        "proj_x": 791730.6553,
        "proj_y": 2397148.7317
      }
    },
    {
      "type": "Feature",
      "geometry": {
        "type": "Point",
        "coordinates": [
          83.8182512,
          21.6534249
        ]
      },
      "properties": {
        "status": "dead",
        "confidence": 0.9998,
        "proj_x": 791689.9861,
        "proj_y": 2397115.3047
      }
    },
    {
      "type": "Feature",
      "geometry": {
        "type": "Point",
        "coordinates": [
          83.8182876,
          21.6535721
        ]
      },
      "properties": {
        "status": "dead",
        "confidence": 0.9057,
        "proj_x": 791693.4538,
        "proj_y": 2397131.6761
      }
    },
    {
      "type": "Feature",
      "geometry": {
        "type": "Point",
        "coordinates": [
          83.818425,
          21.6535889
        ]
      },
      "properties": {
        "status": "dead",
        "confidence": 0.9909,
        "proj_x": 791707.655,
        "proj_y": 2397133.7992
      }
    },
    {
      "type": "Feature",
      "geometry": {
        "type": "Point",
        "coordinates": [
          83.8185993,
          21.6537191
        ]
      },
      "properties": {
        "status": "dead",
        "confidence": 0.9872,
        "proj_x": 791725.4419,
        "proj_y": 2397148.543
      }
    },
    {
      "type": "Feature",
      "geometry": {
        "type": "Point",
        "coordinates": [
          83.8187368,
          21.6537587
        ]
      },
      "properties": {
        "status": "dead",
        "confidence": 0.8762,
        "proj_x": 791739.5959,
        "proj_y": 2397153.1902
      }
    },
    {
      "type": "Feature",
      "geometry": {
        "type": "Point",
        "coordinates": [
          83.8180805,
          21.6538179
        ]
      },
      "properties": {
        "status": "dead",
        "confidence": 0.9541,
        "proj_x": 791671.5151,
        "proj_y": 2397158.5215
      }
    },
    {
      "type": "Feature",
      "geometry": {
        "type": "Point",
        "coordinates": [
          83.818185,
          21.6538147
        ]
      },
      "properties": {
        "status": "dead",
        "confidence": 0.9494,
        "proj_x": 791682.343,
        "proj_y": 2397158.3564
      }
    },
    {
      "type": "Feature",
      "geometry": {
        "type": "Point",
        "coordinates": [
          83.8182133,
          21.6535802
        ]
      },
      "properties": {
        "status": "dead",
        "confidence": 0.9922,
        "proj_x": 791685.7399,
        "proj_y": 2397132.431
      }
    },
    {
      "type": "Feature",
      "geometry": {
        "type": "Point",
        "coordinates": [
          83.8185474,
          21.6538019
        ]
      },
      "properties": {
        "status": "dead",
        "confidence": 0.9956,
        "proj_x": 791719.8982,
        "proj_y": 2397157.6251
      }
    },
    {
      "type": "Feature",
      "geometry": {
        "type": "Point",
        "coordinates": [
          83.8185595,
          21.6536652
        ]
      },
      "properties": {
        "status": "dead",
        "confidence": 0.8718,
        "proj_x": 791721.4316,
        "proj_y": 2397142.5039
      }
    },
    {
      "type": "Feature",
      "geometry": {
        "type": "Point",
        "coordinates": [
          83.8186004,
          21.6535046
        ]
      },
      "properties": {
        "status": "dead",
        "confidence": 0.9611,
        "proj_x": 791725.9845,
        "proj_y": 2397124.7878
      }
    },
    {
      "type": "Feature",
      "geometry": {
        "type": "Point",
        "coordinates": [
          83.8187,
          21.6534967
        ]
      },
      "properties": {
        "status": "dead",
        "confidence": 0.9999,
        "proj_x": 791736.3169,
        "proj_y": 2397124.1037
      }
    },
    {
      "type": "Feature",
      "geometry": {
        "type": "Point",
        "coordinates": [
          83.8182392,
          21.6534013
        ]
      },
      "properties": {
        "status": "dead",
        "confidence": 1.0,
        "proj_x": 791688.783,
        "proj_y": 2397112.6626
      }
    },
    {
      "type": "Feature",
      "geometry": {
        "type": "Point",
        "coordinates": [
          83.8182517,
          21.653788
        ]
      },
      "properties": {
        "status": "dead",
        "confidence": 0.9983,
        "proj_x": 791689.302,
        "proj_y": 2397155.5256
      }
    },
    {
      "type": "Feature",
      "geometry": {
        "type": "Point",
        "coordinates": [
          83.8183409,
          21.6536102
        ]
      },
      "properties": {
        "status": "dead",
        "confidence": 0.9996,
        "proj_x": 791698.9031,
        "proj_y": 2397135.9931
      }
    },
    {
      "type": "Feature",
      "geometry": {
        "type": "Point",
        "coordinates": [
          83.8185817,
          21.6537945
        ]
      },
      "properties": {
        "status": "dead",
        "confidence": 0.9981,
        "proj_x": 791723.4603,
        "proj_y": 2397156.8702
      }
    },
    {
      "type": "Feature",
      "geometry": {
        "type": "Point",
        "coordinates": [
          83.8186689,
          21.6538985
        ]
      },
      "properties": {
        "status": "dead",
        "confidence": 0.9999,
        "proj_x": 791732.283,
        "proj_y": 2397168.5473
      }
    },
    {
      "type": "Feature",
      "geometry": {
        "type": "Point",
        "coordinates": [
          83.8187057,
          21.6535435
        ]
      },
      "properties": {
        "status": "dead",
        "confidence": 0.9994,
        "proj_x": 791736.8123,
        "proj_y": 2397129.2935
      }
    },
    {
      "type": "Feature",
      "geometry": {
        "type": "Point",
        "coordinates": [
          83.8181225,
          21.6537495
        ]
      },
      "properties": {
        "status": "dead",
        "confidence": 0.8102,
        "proj_x": 791675.9972,
        "proj_y": 2397151.0199
      }
    },
    {
      "type": "Feature",
      "geometry": {
        "type": "Point",
        "coordinates": [
          83.8181367,
          21.6534143
        ]
      },
      "properties": {
        "status": "dead",
        "confidence": 0.9987,
        "proj_x": 791678.1439,
        "proj_y": 2397113.9128
      }
    },
    {
      "type": "Feature",
      "geometry": {
        "type": "Point",
        "coordinates": [
          83.8181432,
          21.6534323
        ]
      },
      "properties": {
        "status": "dead",
        "confidence": 0.9924,
        "proj_x": 791678.7809,
        "proj_y": 2397115.918
      }
    },
    {
      "type": "Feature",
      "geometry": {
        "type": "Point",
        "coordinates": [
          83.8182277,
          21.6538791
        ]
      },
      "properties": {
        "status": "dead",
        "confidence": 0.8831,
        "proj_x": 791686.6363,
        "proj_y": 2397165.575
      }
    },
    {
      "type": "Feature",
      "geometry": {
        "type": "Point",
        "coordinates": [
          83.8183004,
          21.6536798
        ]
      },
      "properties": {
        "status": "dead",
        "confidence": 0.9997,
        "proj_x": 791694.5626,
        "proj_y": 2397143.6362
      }
    },
    {
      "type": "Feature",
      "geometry": {
        "type": "Point",
        "coordinates": [
          83.8183545,
          21.653499
        ]
      },
      "properties": {
        "status": "dead",
        "confidence": 1.0,
        "proj_x": 791700.5308,
        "proj_y": 2397123.7027
      }
    },
    {
      "type": "Feature",
      "geometry": {
        "type": "Point",
        "coordinates": [
          83.8186088,
          21.6537617
        ]
      },
      "properties": {
        "status": "dead",
        "confidence": 0.9988,
        "proj_x": 791726.3383,
        "proj_y": 2397153.2846
      }
    },
    {
      "type": "Feature",
      "geometry": {
        "type": "Point",
        "coordinates": [
          83.8186185,
          21.6539536
        ]
      },
      "properties": {
        "status": "dead",
        "confidence": 0.967,
        "proj_x": 791726.9516,
        "proj_y": 2397174.5627
      }
    },
    {
      "type": "Feature",
      "geometry": {
        "type": "Point",
        "coordinates": [
          83.8182249,
          21.6534505
        ]
      },
      "properties": {
        "status": "dead",
        "confidence": 0.9993,
        "proj_x": 791687.2025,
        "proj_y": 2397118.0883
      }
    },
    {
      "type": "Feature",
      "geometry": {
        "type": "Point",
        "coordinates": [
          83.8185421,
          21.6534958
        ]
      },
      "properties": {
        "status": "dead",
        "confidence": 1.0,
        "proj_x": 791719.969,
        "proj_y": 2397123.7027
      }
    },
    {
      "type": "Feature",
      "geometry": {
        "type": "Point",
        "coordinates": [
          83.8186052,
          21.6536325
        ]
      },
      "properties": {
        "status": "dead",
        "confidence": 0.8038,
        "proj_x": 791726.2204,
        "proj_y": 2397138.9654
      }
    },
    {
      "type": "Feature",
      "geometry": {
        "type": "Point",
        "coordinates": [
          83.8185327,
          21.6537472
        ]
      },
      "properties": {
        "status": "dead",
        "confidence": 0.9444,
        "proj_x": 791718.4828,
        "proj_y": 2397151.5389
      }
    },
    {
      "type": "Feature",
      "geometry": {
        "type": "Point",
        "coordinates": [
          83.8185593,
          21.6533579
        ]
      },
      "properties": {
        "status": "dead",
        "confidence": 1.0,
        "proj_x": 791722.0213,
        "proj_y": 2397108.4636
      }
    },
    {
      "type": "Feature",
      "geometry": {
        "type": "Point",
        "coordinates": [
          83.8185771,
          21.6539569
        ]
      },
      "properties": {
        "status": "dead",
        "confidence": 0.9999,
        "proj_x": 791722.6583,
        "proj_y": 2397174.8458
      }
    },
    {
      "type": "Feature",
      "geometry": {
        "type": "Point",
        "coordinates": [
          83.8186176,
          21.653361
        ]
      },
      "properties": {
        "status": "dead",
        "confidence": 0.9997,
        "proj_x": 791728.0604,
        "proj_y": 2397108.9118
      }
    },
    {
      "type": "Feature",
      "geometry": {
        "type": "Point",
        "coordinates": [
          83.8183983,
          21.6537844
        ]
      },
      "properties": {
        "status": "dead",
        "confidence": 0.9981,
        "proj_x": 791704.494,
        "proj_y": 2397155.4077
      }
    },
    {
      "type": "Feature",
      "geometry": {
        "type": "Point",
        "coordinates": [
          83.8181542,
          21.6534142
        ]
      },
      "properties": {
        "status": "dead",
        "confidence": 0.9997,
        "proj_x": 791679.9604,
        "proj_y": 2397113.9364
      }
    },
    {
      "type": "Feature",
      "geometry": {
        "type": "Point",
        "coordinates": [
          83.8182632,
          21.6537229
        ]
      },
      "properties": {
        "status": "dead",
        "confidence": 0.9877,
        "proj_x": 791690.623,
        "proj_y": 2397148.3307
      }
    },
    {
      "type": "Feature",
      "geometry": {
        "type": "Point",
        "coordinates": [
          83.8184498,
          21.653949
        ]
      },
      "properties": {
        "status": "dead",
        "confidence": 0.9113,
        "proj_x": 791709.495,
        "proj_y": 2397173.7371
      }
    },
    {
      "type": "Feature",
      "geometry": {
        "type": "Point",
        "coordinates": [
          83.8185185,
          21.6538488
        ]
      },
      "properties": {
        "status": "dead",
        "confidence": 0.8685,
        "proj_x": 791716.8079,
        "proj_y": 2397162.7677
      }
    },
    {
      "type": "Feature",
      "geometry": {
        "type": "Point",
        "coordinates": [
          83.818604,
          21.6536766
        ]
      },
      "properties": {
        "status": "dead",
        "confidence": 0.9822,
        "proj_x": 791726.008,
        "proj_y": 2397143.8486
      }
    },
    {
      "type": "Feature",
      "geometry": {
        "type": "Point",
        "coordinates": [
          83.8186833,
          21.6535138
        ]
      },
      "properties": {
        "status": "dead",
        "confidence": 1.0,
        "proj_x": 791734.5476,
        "proj_y": 2397125.9673
      }
    },
    {
      "type": "Feature",
      "geometry": {
        "type": "Point",
        "coordinates": [
          83.8180744,
          21.6535753
        ]
      },
      "properties": {
        "status": "dead",
        "confidence": 0.9932,
        "proj_x": 791671.3736,
        "proj_y": 2397131.6289
      }
    },
    {
      "type": "Feature",
      "geometry": {
        "type": "Point",
        "coordinates": [
          83.8185722,
          21.6538143
        ]
      },
      "properties": {
        "status": "dead",
        "confidence": 0.9989,
        "proj_x": 791722.446,
        "proj_y": 2397159.0405
      }
    },
    {
      "type": "Feature",
      "geometry": {
        "type": "Point",
        "coordinates": [
          83.8183758,
          21.6536556
        ]
      },
      "properties": {
        "status": "dead",
        "confidence": 0.9889,
        "proj_x": 791702.418,
        "proj_y": 2397141.0885
      }
    },
    {
      "type": "Feature",
      "geometry": {
        "type": "Point",
        "coordinates": [
          83.8184064,
          21.653546
        ]
      },
      "properties": {
        "status": "dead",
        "confidence": 1.0,
        "proj_x": 791705.815,
        "proj_y": 2397129.0104
      }
    },
    {
      "type": "Feature",
      "geometry": {
        "type": "Point",
        "coordinates": [
          83.8187221,
          21.6535896
        ]
      },
      "properties": {
        "status": "dead",
        "confidence": 0.9999,
        "proj_x": 791738.4164,
        "proj_y": 2397134.4361
      }
    },
    {
      "type": "Feature",
      "geometry": {
        "type": "Point",
        "coordinates": [
          83.8186761,
          21.6533922
        ]
      },
      "properties": {
        "status": "dead",
        "confidence": 0.9995,
        "proj_x": 791734.0522,
        "proj_y": 2397112.4739
      }
    },
    {
      "type": "Feature",
      "geometry": {
        "type": "Point",
        "coordinates": [
          83.8184987,
          21.6534071
        ]
      },
      "properties": {
        "status": "dead",
        "confidence": 0.9997,
        "proj_x": 791715.652,
        "proj_y": 2397113.7949
      }
    },
    {
      "type": "Feature",
      "geometry": {
        "type": "Point",
        "coordinates": [
          83.8185106,
          21.6538055
        ]
      },
      "properties": {
        "status": "dead",
        "confidence": 1.0,
        "proj_x": 791716.0767,
        "proj_y": 2397157.9554
      }
    },
    {
      "type": "Feature",
      "geometry": {
        "type": "Point",
        "coordinates": [
          83.8185247,
          21.6538174
        ]
      },
      "properties": {
        "status": "dead",
        "confidence": 0.9756,
        "proj_x": 791717.5156,
        "proj_y": 2397159.3
      }
    },
    {
      "type": "Feature",
      "geometry": {
        "type": "Point",
        "coordinates": [
          83.8187328,
          21.6534144
        ]
      },
      "properties": {
        "status": "dead",
        "confidence": 0.9935,
        "proj_x": 791739.879,
        "proj_y": 2397115.0452
      }
    },
    {
      "type": "Feature",
      "geometry": {
        "type": "Point",
        "coordinates": [
          83.8182571,
          21.6537051
        ]
      },
      "properties": {
        "status": "dead",
        "confidence": 0.9118,
        "proj_x": 791690.0333,
        "proj_y": 2397146.3491
      }
    },
    {
      "type": "Feature",
      "geometry": {
        "type": "Point",
        "coordinates": [
          83.8187104,
          21.653457
        ]
      },
      "properties": {
        "status": "dead",
        "confidence": 0.9921,
        "proj_x": 791737.4728,
        "proj_y": 2397119.716
      }
    },
    {
      "type": "Feature",
      "geometry": {
        "type": "Point",
        "coordinates": [
          83.8181893,
          21.6534603
        ]
      },
      "properties": {
        "status": "dead",
        "confidence": 0.9958,
        "proj_x": 791683.4989,
        "proj_y": 2397119.1027
      }
    },
    {
      "type": "Feature",
      "geometry": {
        "type": "Point",
        "coordinates": [
          83.8184089,
          21.6539435
        ]
      },
      "properties": {
        "status": "dead",
        "confidence": 0.9753,
        "proj_x": 791705.2724,
        "proj_y": 2397173.053
      }
    },
    {
      "type": "Feature",
      "geometry": {
        "type": "Point",
        "coordinates": [
          83.8184024,
          21.6533602
        ]
      },
      "properties": {
        "status": "dead",
        "confidence": 1.0,
        "proj_x": 791705.7678,
        "proj_y": 2397108.4164
      }
    },
    {
      "type": "Feature",
      "geometry": {
        "type": "Point",
        "coordinates": [
          83.8186973,
          21.6539095
        ]
      },
      "properties": {
        "status": "dead",
        "confidence": 0.9998,
        "proj_x": 791735.2081,
        "proj_y": 2397169.8212
      }
    },
    {
      "type": "Feature",
      "geometry": {
        "type": "Point",
        "coordinates": [
          83.8187105,
          21.6535696
        ]
      },
      "properties": {
        "status": "dead",
        "confidence": 1.0,
        "proj_x": 791737.2605,
        "proj_y": 2397132.1951
      }
    },
    {
      "type": "Feature",
      "geometry": {
        "type": "Point",
        "coordinates": [
          83.8181126,
          21.6533706
        ]
      },
      "properties": {
        "status": "dead",
        "confidence": 0.9998,
        "proj_x": 791675.7378,
        "proj_y": 2397109.0297
      }
    },
    {
      "type": "Feature",
      "geometry": {
        "type": "Point",
        "coordinates": [
          83.8182776,
          21.6533847
        ]
      },
      "properties": {
        "status": "dead",
        "confidence": 0.9999,
        "proj_x": 791692.7933,
        "proj_y": 2397110.8933
      }
    },
    {
      "type": "Feature",
      "geometry": {
        "type": "Point",
        "coordinates": [
          83.8183796,
          21.6534917
        ]
      },
      "properties": {
        "status": "dead",
        "confidence": 1.0,
        "proj_x": 791703.1493,
        "proj_y": 2397122.9478
      }
    },
    {
      "type": "Feature",
      "geometry": {
        "type": "Point",
        "coordinates": [
          83.8187349,
          21.6539672
        ]
      },
      "properties": {
        "status": "dead",
        "confidence": 0.9935,
        "proj_x": 791738.9825,
        "proj_y": 2397176.2848
      }
    },
    {
      "type": "Feature",
      "geometry": {
        "type": "Point",
        "coordinates": [
          83.8180967,
          21.6534912
        ]
      },
      "properties": {
        "status": "dead",
        "confidence": 0.999,
        "proj_x": 791673.8506,
        "proj_y": 2397122.3581
      }
    },
    {
      "type": "Feature",
      "geometry": {
        "type": "Point",
        "coordinates": [
          83.8182983,
          21.6534652
        ]
      },
      "properties": {
        "status": "dead",
        "confidence": 0.999,
        "proj_x": 791694.7749,
        "proj_y": 2397119.8575
      }
    },
    {
      "type": "Feature",
      "geometry": {
        "type": "Point",
        "coordinates": [
          83.8184864,
          21.653429
        ]
      },
      "properties": {
        "status": "dead",
        "confidence": 0.992,
        "proj_x": 791714.331,
        "proj_y": 2397116.2011
      }
    },
    {
      "type": "Feature",
      "geometry": {
        "type": "Point",
        "coordinates": [
          83.8185006,
          21.6538926
        ]
      },
      "properties": {
        "status": "dead",
        "confidence": 0.7991,
        "proj_x": 791714.8736,
        "proj_y": 2397167.5801
      }
    },
    {
      "type": "Feature",
      "geometry": {
        "type": "Point",
        "coordinates": [
          83.8183601,
          21.6534337
        ]
      },
      "properties": {
        "status": "dead",
        "confidence": 0.9972,
        "proj_x": 791701.2385,
        "proj_y": 2397116.4842
      }
    },
    {
      "type": "Feature",
      "geometry": {
        "type": "Point",
        "coordinates": [
          83.8184207,
          21.6539276
        ]
      },
      "properties": {
        "status": "dead",
        "confidence": 0.9009,
        "proj_x": 791706.5227,
        "proj_y": 2397171.3073
      }
    },
    {
      "type": "Feature",
      "geometry": {
        "type": "Point",
        "coordinates": [
          83.8180857,
          21.6538012
        ]
      },
      "properties": {
        "status": "dead",
        "confidence": 0.9837,
        "proj_x": 791672.0813,
        "proj_y": 2397156.6815
      }
    },
    {
      "type": "Feature",
      "geometry": {
        "type": "Point",
        "coordinates": [
          83.8186229,
          21.6537466
        ]
      },
      "properties": {
        "status": "dead",
        "confidence": 0.9995,
        "proj_x": 791727.8245,
        "proj_y": 2397151.6333
      }
    },
    {
      "type": "Feature",
      "geometry": {
        "type": "Point",
        "coordinates": [
          83.8182014,
          21.6535118
        ]
      },
      "properties": {
        "status": "dead",
        "confidence": 1.0,
        "proj_x": 791684.6548,
        "proj_y": 2397124.835
      }
    },
    {
      "type": "Feature",
      "geometry": {
        "type": "Point",
        "coordinates": [
          83.8186046,
          21.6533793
        ]
      },
      "properties": {
        "status": "dead",
        "confidence": 0.9971,
        "proj_x": 791726.6686,
        "proj_y": 2397110.9169
      }
    },
    {
      "type": "Feature",
      "geometry": {
        "type": "Point",
        "coordinates": [
          83.8186492,
          21.6534985
        ]
      },
      "properties": {
        "status": "dead",
        "confidence": 0.9999,
        "proj_x": 791731.0563,
        "proj_y": 2397124.1981
      }
    },
    {
      "type": "Feature",
      "geometry": {
        "type": "Point",
        "coordinates": [
          83.8187112,
          21.653885
        ]
      },
      "properties": {
        "status": "dead",
        "confidence": 0.9952,
        "proj_x": 791736.6943,
        "proj_y": 2397167.1319
      }
    },
    {
      "type": "Feature",
      "geometry": {
        "type": "Point",
        "coordinates": [
          83.8182793,
          21.6538836
        ]
      },
      "properties": {
        "status": "dead",
        "confidence": 0.9625,
        "proj_x": 791691.9677,
        "proj_y": 2397166.1647
      }
    },
    {
      "type": "Feature",
      "geometry": {
        "type": "Point",
        "coordinates": [
          83.8183899,
          21.6533757
        ]
      },
      "properties": {
        "status": "dead",
        "confidence": 0.9999,
        "proj_x": 791704.4468,
        "proj_y": 2397110.1149
      }
    },
    {
      "type": "Feature",
      "geometry": {
        "type": "Point",
        "coordinates": [
          83.8187164,
          21.6539767
        ]
      },
      "properties": {
        "status": "dead",
        "confidence": 0.9883,
        "proj_x": 791737.0482,
        "proj_y": 2397177.2992
      }
    },
    {
      "type": "Feature",
      "geometry": {
        "type": "Point",
        "coordinates": [
          83.8187197,
          21.6539016
        ]
      },
      "properties": {
        "status": "dead",
        "confidence": 1.0,
        "proj_x": 791737.5436,
        "proj_y": 2397168.9955
      }
    },
    {
      "type": "Feature",
      "geometry": {
        "type": "Point",
        "coordinates": [
          83.8185309,
          21.6537155
        ]
      },
      "properties": {
        "status": "dead",
        "confidence": 0.9505,
        "proj_x": 791718.3649,
        "proj_y": 2397148.024
      }
    },
    {
      "type": "Feature",
      "geometry": {
        "type": "Point",
        "coordinates": [
          83.8185684,
          21.6536416
        ]
      },
      "properties": {
        "status": "dead",
        "confidence": 0.9588,
        "proj_x": 791722.3988,
        "proj_y": 2397139.909
      }
    },
    {
      "type": "Feature",
      "geometry": {
        "type": "Point",
        "coordinates": [
          83.8185401,
          21.6537686
        ]
      },
      "properties": {
        "status": "dead",
        "confidence": 0.9937,
        "proj_x": 791719.2141,
        "proj_y": 2397153.9215
      }
    },
    {
      "type": "Feature",
      "geometry": {
        "type": "Point",
        "coordinates": [
          83.8184507,
          21.6538922
        ]
      },
      "properties": {
        "status": "dead",
        "confidence": 0.8719,
        "proj_x": 791709.7074,
        "proj_y": 2397167.4386
      }
    },
    {
      "type": "Feature",
      "geometry": {
        "type": "Point",
        "coordinates": [
          83.8185625,
          21.6537949
        ]
      },
      "properties": {
        "status": "dead",
        "confidence": 1.0,
        "proj_x": 791721.4788,
        "proj_y": 2397156.8702
      }
    },
    {
      "type": "Feature",
      "geometry": {
        "type": "Point",
        "coordinates": [
          83.8191023,
          21.6539305
        ]
      },
      "properties": {
        "status": "dead",
        "confidence": 0.9829,
        "proj_x": 791777.104,
        "proj_y": 2397172.9114
      }
    },
    {
      "type": "Feature",
      "geometry": {
        "type": "Point",
        "coordinates": [
          83.8189041,
          21.6534121
        ]
      },
      "properties": {
        "status": "dead",
        "confidence": 1.0,
        "proj_x": 791757.6186,
        "proj_y": 2397115.1159
      }
    },
    {
      "type": "Feature",
      "geometry": {
        "type": "Point",
        "coordinates": [
          83.8190736,
          21.6535587
        ]
      },
      "properties": {
        "status": "dead",
        "confidence": 0.9999,
        "proj_x": 791774.8865,
        "proj_y": 2397131.6761
      }
    },
    {
      "type": "Feature",
      "geometry": {
        "type": "Point",
        "coordinates": [
          83.8192595,
          21.6538718
        ]
      },
      "properties": {
        "status": "dead",
        "confidence": 1.0,
        "proj_x": 791793.499,
        "proj_y": 2397166.7073
      }
    },
    {
      "type": "Feature",
      "geometry": {
        "type": "Point",
        "coordinates": [
          83.8190438,
          21.6534656
        ]
      },
      "properties": {
        "status": "dead",
        "confidence": 1.0,
        "proj_x": 791771.985,
        "proj_y": 2397121.2965
      }
    },
    {
      "type": "Feature",
      "geometry": {
        "type": "Point",
        "coordinates": [
          83.8187613,
          21.6537214
        ]
      },
      "properties": {
        "status": "dead",
        "confidence": 0.8819,
        "proj_x": 791742.2144,
        "proj_y": 2397149.1091
      }
    },
    {
      "type": "Feature",
      "geometry": {
        "type": "Point",
        "coordinates": [
          83.8192372,
          21.653583
        ]
      },
      "properties": {
        "status": "dead",
        "confidence": 1.0,
        "proj_x": 791791.777,
        "proj_y": 2397134.6721
      }
    },
    {
      "type": "Feature",
      "geometry": {
        "type": "Point",
        "coordinates": [
          83.8188163,
          21.6536692
        ]
      },
      "properties": {
        "status": "dead",
        "confidence": 0.9999,
        "proj_x": 791748.0175,
        "proj_y": 2397143.4239
      }
    },
    {
      "type": "Feature",
      "geometry": {
        "type": "Point",
        "coordinates": [
          83.8187428,
          21.653378
        ]
      },
      "properties": {
        "status": "dead",
        "confidence": 0.9999,
        "proj_x": 791740.9877,
        "proj_y": 2397111.0349
      }
    },
    {
      "type": "Feature",
      "geometry": {
        "type": "Point",
        "coordinates": [
          83.818849,
          21.6534393
        ]
      },
      "properties": {
        "status": "dead",
        "confidence": 1.0,
        "proj_x": 791751.8627,
        "proj_y": 2397118.0175
      }
    },
    {
      "type": "Feature",
      "geometry": {
        "type": "Point",
        "coordinates": [
          83.8189348,
          21.6536461
        ]
      },
      "properties": {
        "status": "dead",
        "confidence": 1.0,
        "proj_x": 791760.3315,
        "proj_y": 2397141.0885
      }
    },
    {
      "type": "Feature",
      "geometry": {
        "type": "Point",
        "coordinates": [
          83.8190145,
          21.6537727
        ]
      },
      "properties": {
        "status": "dead",
        "confidence": 1.0,
        "proj_x": 791768.3285,
        "proj_y": 2397155.2661
      }
    },
    {
      "type": "Feature",
      "geometry": {
        "type": "Point",
        "coordinates": [
          83.8187876,
          21.653876
        ]
      },
      "properties": {
        "status": "dead",
        "confidence": 1.0,
        "proj_x": 791744.6206,
        "proj_y": 2397166.2826
      }
    },
    {
      "type": "Feature",
      "geometry": {
        "type": "Point",
        "coordinates": [
          83.8191505,
          21.6536437
        ]
      },
      "properties": {
        "status": "dead",
        "confidence": 0.9996,
        "proj_x": 791782.6712,
        "proj_y": 2397141.2301
      }
    },
    {
      "type": "Feature",
      "geometry": {
        "type": "Point",
        "coordinates": [
          83.819172,
          21.6539559
        ]
      },
      "properties": {
        "status": "dead",
        "confidence": 0.9999,
        "proj_x": 791784.2753,
        "proj_y": 2397175.8602
      }
    },
    {
      "type": "Feature",
      "geometry": {
        "type": "Point",
        "coordinates": [
          83.8194088,
          21.6534338
        ]
      },
      "properties": {
        "status": "dead",
        "confidence": 1.0,
        "proj_x": 791809.8469,
        "proj_y": 2397118.4657
      }
    },
    {
      "type": "Feature",
      "geometry": {
        "type": "Point",
        "coordinates": [
          83.8187816,
          21.6533606
        ]
      },
      "properties": {
        "status": "dead",
        "confidence": 0.9975,
        "proj_x": 791745.0452,
        "proj_y": 2397109.1713
      }
    },
    {
      "type": "Feature",
      "geometry": {
        "type": "Point",
        "coordinates": [
          83.818928,
          21.6534701
        ]
      },
      "properties": {
        "status": "dead",
        "confidence": 0.9996,
        "proj_x": 791759.9776,
        "proj_y": 2397121.5796
      }
    },
    {
      "type": "Feature",
      "geometry": {
        "type": "Point",
        "coordinates": [
          83.8189963,
          21.6534728
        ]
      },
      "properties": {
        "status": "dead",
        "confidence": 0.9992,
        "proj_x": 791767.0546,
        "proj_y": 2397122.0042
      }
    },
    {
      "type": "Feature",
      "geometry": {
        "type": "Point",
        "coordinates": [
          83.8191972,
          21.6538443
        ]
      },
      "properties": {
        "status": "dead",
        "confidence": 1.0,
        "proj_x": 791787.1061,
        "proj_y": 2397163.5462
      }
    },
    {
      "type": "Feature",
      "geometry": {
        "type": "Point",
        "coordinates": [
          83.819235,
          21.6534455
        ]
      },
      "properties": {
        "status": "dead",
        "confidence": 0.9995,
        "proj_x": 791791.8241,
        "proj_y": 2397119.4329
      }
    },
    {
      "type": "Feature",
      "geometry": {
        "type": "Point",
        "coordinates": [
          83.8192555,
          21.6534901
        ]
      },
      "properties": {
        "status": "dead",
        "confidence": 0.9999,
        "proj_x": 791793.8529,
        "proj_y": 2397124.4104
      }
    },
    {
      "type": "Feature",
      "geometry": {
        "type": "Point",
        "coordinates": [
          83.8193755,
          21.6534069
        ]
      },
      "properties": {
        "status": "dead",
        "confidence": 1.0,
        "proj_x": 791806.4499,
        "proj_y": 2397115.4226
      }
    },
    {
      "type": "Feature",
      "geometry": {
        "type": "Point",
        "coordinates": [
          83.8190299,
          21.6535224
        ]
      },
      "properties": {
        "status": "dead",
        "confidence": 1.0,
        "proj_x": 791770.428,
        "proj_y": 2397127.5715
      }
    },
    {
      "type": "Feature",
      "geometry": {
        "type": "Point",
        "coordinates": [
          83.8191422,
          21.6539434
        ]
      },
      "properties": {
        "status": "dead",
        "confidence": 0.9862,
        "proj_x": 791781.2086,
        "proj_y": 2397174.4212
      }
    },
    {
      "type": "Feature",
      "geometry": {
        "type": "Point",
        "coordinates": [
          83.8191991,
          21.6534763
        ]
      },
      "properties": {
        "status": "dead",
        "confidence": 1.0,
        "proj_x": 791788.0497,
        "proj_y": 2397122.7827
      }
    },
    {
      "type": "Feature",
      "geometry": {
        "type": "Point",
        "coordinates": [
          83.8192471,
          21.6536584
        ]
      },
      "properties": {
        "status": "dead",
        "confidence": 0.9998,
        "proj_x": 791792.6498,
        "proj_y": 2397143.0465
      }
    },
    {
      "type": "Feature",
      "geometry": {
        "type": "Point",
        "coordinates": [
          83.8187777,
          21.6536617
        ]
      },
      "properties": {
        "status": "dead",
        "confidence": 0.9998,
        "proj_x": 791744.0308,
        "proj_y": 2397142.5275
      }
    },
    {
      "type": "Feature",
      "geometry": {
        "type": "Point",
        "coordinates": [
          83.8191096,
          21.6533686
        ]
      },
      "properties": {
        "status": "dead",
        "confidence": 0.9988,
        "proj_x": 791778.9912,
        "proj_y": 2397110.681
      }
    },
    {
      "type": "Feature",
      "geometry": {
        "type": "Point",
        "coordinates": [
          83.8187477,
          21.6535809
        ]
      },
      "properties": {
        "status": "dead",
        "confidence": 1.0,
        "proj_x": 791741.0821,
        "proj_y": 2397133.5161
      }
    },
    {
      "type": "Feature",
      "geometry": {
        "type": "Point",
        "coordinates": [
          83.8188021,
          21.6538849
        ]
      },
      "properties": {
        "status": "dead",
        "confidence": 1.0,
        "proj_x": 791746.1067,
        "proj_y": 2397167.297
      }
    },
    {
      "type": "Feature",
      "geometry": {
        "type": "Point",
        "coordinates": [
          83.818963,
          21.6536073
        ]
      },
      "properties": {
        "status": "dead",
        "confidence": 0.9993,
        "proj_x": 791763.3274,
        "proj_y": 2397136.8423
      }
    },
    {
      "type": "Feature",
      "geometry": {
        "type": "Point",
        "coordinates": [
          83.8191392,
          21.6536716
        ]
      },
      "properties": {
        "status": "dead",
        "confidence": 1.0,
        "proj_x": 791781.4445,
        "proj_y": 2397144.2968
      }
    },
    {
      "type": "Feature",
      "geometry": {
        "type": "Point",
        "coordinates": [
          83.8191595,
          21.6534781
        ]
      },
      "properties": {
        "status": "dead",
        "confidence": 1.0,
        "proj_x": 791783.9451,
        "proj_y": 2397122.9006
      }
    },
    {
      "type": "Feature",
      "geometry": {
        "type": "Point",
        "coordinates": [
          83.8187564,
          21.6534662
        ]
      },
      "properties": {
        "status": "dead",
        "confidence": 0.9998,
        "proj_x": 791742.2144,
        "proj_y": 2397120.8247
      }
    },
    {
      "type": "Feature",
      "geometry": {
        "type": "Point",
        "coordinates": [
          83.8188291,
          21.6534569
        ]
      },
      "properties": {
        "status": "dead",
        "confidence": 1.0,
        "proj_x": 791749.7632,
        "proj_y": 2397119.9283
      }
    },
    {
      "type": "Feature",
      "geometry": {
        "type": "Point",
        "coordinates": [
          83.8187543,
          21.6536161
        ]
      },
      "properties": {
        "status": "dead",
        "confidence": 0.9996,
        "proj_x": 791741.6954,
        "proj_y": 2397137.4321
      }
    },
    {
      "type": "Feature",
      "geometry": {
        "type": "Point",
        "coordinates": [
          83.8188417,
          21.6535665
        ]
      },
      "properties": {
        "status": "dead",
        "confidence": 0.9991,
        "proj_x": 791750.8483,
        "proj_y": 2397132.1007
      }
    },
    {
      "type": "Feature",
      "geometry": {
        "type": "Point",
        "coordinates": [
          83.8189073,
          21.6539285
        ]
      },
      "properties": {
        "status": "dead",
        "confidence": 1.0,
        "proj_x": 791756.9109,
        "proj_y": 2397172.3217
      }
    },
    {
      "type": "Feature",
      "geometry": {
        "type": "Point",
        "coordinates": [
          83.8189397,
          21.6536047
        ]
      },
      "properties": {
        "status": "dead",
        "confidence": 0.9999,
        "proj_x": 791760.9212,
        "proj_y": 2397136.5121
      }
    },
    {
      "type": "Feature",
      "geometry": {
        "type": "Point",
        "coordinates": [
          83.8189665,
          21.6535644
        ]
      },
      "properties": {
        "status": "dead",
        "confidence": 1.0,
        "proj_x": 791763.7756,
        "proj_y": 2397132.1007
      }
    },
    {
      "type": "Feature",
      "geometry": {
        "type": "Point",
        "coordinates": [
          83.8191006,
          21.6534946
        ]
      },
      "properties": {
        "status": "dead",
        "confidence": 0.9997,
        "proj_x": 791777.8117,
        "proj_y": 2397124.6227
      }
    },
    {
      "type": "Feature",
      "geometry": {
        "type": "Point",
        "coordinates": [
          83.8191738,
          21.6534608
        ]
      },
      "properties": {
        "status": "dead",
        "confidence": 1.0,
        "proj_x": 791785.4548,
        "proj_y": 2397121.0134
      }
    },
    {
      "type": "Feature",
      "geometry": {
        "type": "Point",
        "coordinates": [
          83.8193861,
          21.6538373
        ]
      },
      "properties": {
        "status": "dead",
        "confidence": 0.9992,
        "proj_x": 791806.6858,
        "proj_y": 2397163.1216
      }
    },
    {
      "type": "Feature",
      "geometry": {
        "type": "Point",
        "coordinates": [
          83.8192135,
          21.6538886
        ]
      },
      "properties": {
        "status": "dead",
        "confidence": 0.9999,
        "proj_x": 791788.7103,
        "proj_y": 2397168.4765
      }
    },
    {
      "type": "Feature",
      "geometry": {
        "type": "Point",
        "coordinates": [
          83.8192623,
          21.6536081
        ]
      },
      "properties": {
        "status": "dead",
        "confidence": 0.9999,
        "proj_x": 791794.3247,
        "proj_y": 2397137.5029
      }
    },
    {
      "type": "Feature",
      "geometry": {
        "type": "Point",
        "coordinates": [
          83.8194028,
          21.6537597
        ]
      },
      "properties": {
        "status": "dead",
        "confidence": 1.0,
        "proj_x": 791808.573,
        "proj_y": 2397154.5584
      }
    },
    {
      "type": "Feature",
      "geometry": {
        "type": "Point",
        "coordinates": [
          83.8191179,
          21.6538408
        ]
      },
      "properties": {
        "status": "dead",
        "confidence": 0.9997,
        "proj_x": 791778.8968,
        "proj_y": 2397163.0036
      }
    },
    {
      "type": "Feature",
      "geometry": {
        "type": "Point",
        "coordinates": [
          83.8189187,
          21.6535929
        ]
      },
      "properties": {
        "status": "dead",
        "confidence": 0.9983,
        "proj_x": 791758.7746,
        "proj_y": 2397135.1674
      }
    },
    {
      "type": "Feature",
      "geometry": {
        "type": "Point",
        "coordinates": [
          83.8189208,
          21.6533961
        ]
      },
      "properties": {
        "status": "dead",
        "confidence": 1.0,
        "proj_x": 791759.3879,
        "proj_y": 2397113.3703
      }
    },
    {
      "type": "Feature",
      "geometry": {
        "type": "Point",
        "coordinates": [
          83.819001,
          21.6536401
        ]
      },
      "properties": {
        "status": "dead",
        "confidence": 1.0,
        "proj_x": 791767.1962,
        "proj_y": 2397140.546
      }
    },
    {
      "type": "Feature",
      "geometry": {
        "type": "Point",
        "coordinates": [
          83.8190095,
          21.6538422
        ]
      },
      "properties": {
        "status": "dead",
        "confidence": 0.9889,
        "proj_x": 791767.668,
        "proj_y": 2397162.9565
      }
    },
    {
      "type": "Feature",
      "geometry": {
        "type": "Point",
        "coordinates": [
          83.8192036,
          21.6534252
        ]
      },
      "properties": {
        "status": "dead",
        "confidence": 1.0,
        "proj_x": 791788.6159,
        "proj_y": 2397117.1211
      }
    },
    {
      "type": "Feature",
      "geometry": {
        "type": "Point",
        "coordinates": [
          83.8193286,
          21.6535269
        ]
      },
      "properties": {
        "status": "dead",
        "confidence": 0.9999,
        "proj_x": 791801.3545,
        "proj_y": 2397128.633
      }
    },
    {
      "type": "Feature",
      "geometry": {
        "type": "Point",
        "coordinates": [
          83.8193864,
          21.6534442
        ]
      },
      "properties": {
        "status": "dead",
        "confidence": 1.0,
        "proj_x": 791807.5115,
        "proj_y": 2397119.5745
      }
    },
    {
      "type": "Feature",
      "geometry": {
        "type": "Point",
        "coordinates": [
          83.8191322,
          21.6538312
        ]
      },
      "properties": {
        "status": "dead",
        "confidence": 0.9995,
        "proj_x": 791780.4066,
        "proj_y": 2397161.9657
      }
    },
    {
      "type": "Feature",
      "geometry": {
        "type": "Point",
        "coordinates": [
          83.8188431,
          21.6536053
        ]
      },
      "properties": {
        "status": "dead",
        "confidence": 0.9998,
        "proj_x": 791750.9191,
        "proj_y": 2397136.3941
      }
    },
    {
      "type": "Feature",
      "geometry": {
        "type": "Point",
        "coordinates": [
          83.8189072,
          21.6535382
        ]
      },
      "properties": {
        "status": "dead",
        "confidence": 0.9999,
        "proj_x": 791757.6894,
        "proj_y": 2397129.0812
      }
    },
    {
      "type": "Feature",
      "geometry": {
        "type": "Point",
        "coordinates": [
          83.8189558,
          21.6537294
        ]
      },
      "properties": {
        "status": "dead",
        "confidence": 0.9998,
        "proj_x": 791762.3366,
        "proj_y": 2397150.3594
      }
    },
    {
      "type": "Feature",
      "geometry": {
        "type": "Point",
        "coordinates": [
          83.8190705,
          21.6535978
        ]
      },
      "properties": {
        "status": "dead",
        "confidence": 1.0,
        "proj_x": 791774.4855,
        "proj_y": 2397135.9931
      }
    },
    {
      "type": "Feature",
      "geometry": {
        "type": "Point",
        "coordinates": [
          83.819195,
          21.6534029
        ]
      },
      "properties": {
        "status": "dead",
        "confidence": 1.0,
        "proj_x": 791787.7667,
        "proj_y": 2397114.6441
      }
    },
    {
      "type": "Feature",
      "geometry": {
        "type": "Point",
        "coordinates": [
          83.8192763,
          21.6533907
        ]
      },
      "properties": {
        "status": "dead",
        "confidence": 1.0,
        "proj_x": 791796.2119,
        "proj_y": 2397113.4411
      }
    },
    {
      "type": "Feature",
      "geometry": {
        "type": "Point",
        "coordinates": [
          83.8193517,
          21.6535087
        ]
      },
      "properties": {
        "status": "dead",
        "confidence": 1.0,
        "proj_x": 791803.7843,
        "proj_y": 2397126.6515
      }
    },
    {
      "type": "Feature",
      "geometry": {
        "type": "Point",
        "coordinates": [
          83.8193738,
          21.6535081
        ]
      },
      "properties": {
        "status": "dead",
        "confidence": 1.0,
        "proj_x": 791806.0725,
        "proj_y": 2397126.6279
      }
    },
    {
      "type": "Feature",
      "geometry": {
        "type": "Point",
        "coordinates": [
          83.8187816,
          21.6537196
        ]
      },
      "properties": {
        "status": "dead",
        "confidence": 0.9846,
        "proj_x": 791744.3139,
        "proj_y": 2397148.944
      }
    },
    {
      "type": "Feature",
      "geometry": {
        "type": "Point",
        "coordinates": [
          83.8190138,
          21.6533996
        ]
      },
      "properties": {
        "status": "dead",
        "confidence": 0.9998,
        "proj_x": 791769.0126,
        "proj_y": 2397113.9364
      }
    },
    {
      "type": "Feature",
      "geometry": {
        "type": "Point",
        "coordinates": [
          83.8191382,
          21.6533999
        ]
      },
      "properties": {
        "status": "dead",
        "confidence": 0.9999,
        "proj_x": 791781.8927,
        "proj_y": 2397114.1959
      }
    },
    {
      "type": "Feature",
      "geometry": {
        "type": "Point",
        "coordinates": [
          83.819278,
          21.6538313
        ]
      },
      "properties": {
        "status": "dead",
        "confidence": 0.9995,
        "proj_x": 791795.5042,
        "proj_y": 2397162.2488
      }
    },
    {
      "type": "Feature",
      "geometry": {
        "type": "Point",
        "coordinates": [
          83.8193256,
          21.6537244
        ]
      },
      "properties": {
        "status": "dead",
        "confidence": 0.9975,
        "proj_x": 791800.6468,
        "proj_y": 2397150.5009
      }
    },
    {
      "type": "Feature",
      "geometry": {
        "type": "Point",
        "coordinates": [
          83.8188144,
          21.65385
        ]
      },
      "properties": {
        "status": "dead",
        "confidence": 0.9991,
        "proj_x": 791747.4514,
        "proj_y": 2397163.4519
      }
    },
    {
      "type": "Feature",
      "geometry": {
        "type": "Point",
        "coordinates": [
          83.8188364,
          21.6535506
        ]
      },
      "properties": {
        "status": "dead",
        "confidence": 0.9995,
        "proj_x": 791750.3293,
        "proj_y": 2397130.3315
      }
    },
    {
      "type": "Feature",
      "geometry": {
        "type": "Point",
        "coordinates": [
          83.819239,
          21.6533466
        ]
      },
      "properties": {
        "status": "dead",
        "confidence": 1.0,
        "proj_x": 791792.4375,
        "proj_y": 2397108.4871
      }
    },
    {
      "type": "Feature",
      "geometry": {
        "type": "Point",
        "coordinates": [
          83.8193157,
          21.6535536
        ]
      },
      "properties": {
        "status": "dead",
        "confidence": 1.0,
        "proj_x": 791799.9627,
        "proj_y": 2397131.5582
      }
    },
    {
      "type": "Feature",
      "geometry": {
        "type": "Point",
        "coordinates": [
          83.8194025,
          21.6534158
        ]
      },
      "properties": {
        "status": "dead",
        "confidence": 1.0,
        "proj_x": 791809.2336,
        "proj_y": 2397116.4606
      }
    },
    {
      "type": "Feature",
      "geometry": {
        "type": "Point",
        "coordinates": [
          83.8194121,
          21.6536714
        ]
      },
      "properties": {
        "status": "dead",
        "confidence": 0.9991,
        "proj_x": 791809.7054,
        "proj_y": 2397144.7922
      }
    },
    {
      "type": "Feature",
      "geometry": {
        "type": "Point",
        "coordinates": [
          83.8189868,
          21.6537323
        ]
      },
      "properties": {
        "status": "dead",
        "confidence": 0.9997,
        "proj_x": 791765.5449,
        "proj_y": 2397150.7368
      }
    },
    {
      "type": "Feature",
      "geometry": {
        "type": "Point",
        "coordinates": [
          83.8190766,
          21.6537459
        ]
      },
      "properties": {
        "status": "dead",
        "confidence": 0.9984,
        "proj_x": 791774.8158,
        "proj_y": 2397152.4117
      }
    },
    {
      "type": "Feature",
      "geometry": {
        "type": "Point",
        "coordinates": [
          83.8192097,
          21.6536659
        ]
      },
      "properties": {
        "status": "dead",
        "confidence": 1.0,
        "proj_x": 791788.7574,
        "proj_y": 2397143.8014
      }
    },
    {
      "type": "Feature",
      "geometry": {
        "type": "Point",
        "coordinates": [
          83.819273,
          21.6533752
        ]
      },
      "properties": {
        "status": "dead",
        "confidence": 1.0,
        "proj_x": 791795.9052,
        "proj_y": 2397111.719
      }
    },
    {
      "type": "Feature",
      "geometry": {
        "type": "Point",
        "coordinates": [
          83.8192852,
          21.6539657
        ]
      },
      "properties": {
        "status": "dead",
        "confidence": 1.0,
        "proj_x": 791795.976,
        "proj_y": 2397177.1576
      }
    },
    {
      "type": "Feature",
      "geometry": {
        "type": "Point",
        "coordinates": [
          83.819324,
          21.6535737
        ]
      },
      "properties": {
        "status": "dead",
        "confidence": 1.0,
        "proj_x": 791800.7883,
        "proj_y": 2397133.7992
      }
    },
    {
      "type": "Feature",
      "geometry": {
        "type": "Point",
        "coordinates": [
          83.8193369,
          21.6538343
        ]
      },
      "properties": {
        "status": "dead",
        "confidence": 0.9971,
        "proj_x": 791801.5904,
        "proj_y": 2397162.697
      }
    },
    {
      "type": "Feature",
      "geometry": {
        "type": "Point",
        "coordinates": [
          83.819369,
          21.6535518
        ]
      },
      "properties": {
        "status": "dead",
        "confidence": 1.0,
        "proj_x": 791805.4828,
        "proj_y": 2397131.4638
      }
    },
    {
      "type": "Feature",
      "geometry": {
        "type": "Point",
        "coordinates": [
          83.8190325,
          21.6536904
        ]
      },
      "properties": {
        "status": "dead",
        "confidence": 0.9965,
        "proj_x": 791770.3572,
        "proj_y": 2397146.184
      }
    },
    {
      "type": "Feature",
      "geometry": {
        "type": "Point",
        "coordinates": [
          83.8193001,
          21.6533967
        ]
      },
      "properties": {
        "status": "dead",
        "confidence": 1.0,
        "proj_x": 791798.6652,
        "proj_y": 2397114.1488
      }
    },
    {
      "type": "Feature",
      "geometry": {
        "type": "Point",
        "coordinates": [
          83.8193152,
          21.6537031
        ]
      },
      "properties": {
        "status": "dead",
        "confidence": 0.9999,
        "proj_x": 791799.6088,
        "proj_y": 2397148.1184
      }
    },
    {
      "type": "Feature",
      "geometry": {
        "type": "Point",
        "coordinates": [
          83.8193326,
          21.6538508
        ]
      },
      "properties": {
        "status": "dead",
        "confidence": 0.9983,
        "proj_x": 791801.1186,
        "proj_y": 2397164.5134
      }
    },
    {
      "type": "Feature",
      "geometry": {
        "type": "Point",
        "coordinates": [
          83.8192287,
          21.6537567
        ]
      },
      "properties": {
        "status": "dead",
        "confidence": 1.0,
        "proj_x": 791790.5503,
        "proj_y": 2397153.8979
      }
    },
    {
      "type": "Feature",
      "geometry": {
        "type": "Point",
        "coordinates": [
          83.8189105,
          21.6534957
        ]
      },
      "properties": {
        "status": "dead",
        "confidence": 1.0,
        "proj_x": 791758.114,
        "proj_y": 2397124.3868
      }
    },
    {
      "type": "Feature",
      "geometry": {
        "type": "Point",
        "coordinates": [
          83.8191569,
          21.6535196
        ]
      },
      "properties": {
        "status": "dead",
        "confidence": 0.9999,
        "proj_x": 791783.5912,
        "proj_y": 2397127.5007
      }
    },
    {
      "type": "Feature",
      "geometry": {
        "type": "Point",
        "coordinates": [
          83.8192935,
          21.6534549
        ]
      },
      "properties": {
        "status": "dead",
        "confidence": 0.9999,
        "proj_x": 791797.8632,
        "proj_y": 2397120.5888
      }
    },
    {
      "type": "Feature",
      "geometry": {
        "type": "Point",
        "coordinates": [
          83.8193343,
          21.6534223
        ]
      },
      "properties": {
        "status": "dead",
        "confidence": 0.9999,
        "proj_x": 791802.1566,
        "proj_y": 2397117.0503
      }
    },
    {
      "type": "Feature",
      "geometry": {
        "type": "Point",
        "coordinates": [
          83.8187606,
          21.6536624
        ]
      },
      "properties": {
        "status": "dead",
        "confidence": 0.9936,
        "proj_x": 791742.2616,
        "proj_y": 2397142.5747
      }
    },
    {
      "type": "Feature",
      "geometry": {
        "type": "Point",
        "coordinates": [
          83.8188527,
          21.6536545
        ]
      },
      "properties": {
        "status": "dead",
        "confidence": 0.9989,
        "proj_x": 791751.8155,
        "proj_y": 2397141.867
      }
    },
    {
      "type": "Feature",
      "geometry": {
        "type": "Point",
        "coordinates": [
          83.8193144,
          21.6534182
        ]
      },
      "properties": {
        "status": "dead",
        "confidence": 0.9944,
        "proj_x": 791800.1042,
        "proj_y": 2397116.5549
      }
    },
    {
      "type": "Feature",
      "geometry": {
        "type": "Point",
        "coordinates": [
          83.8188345,
          21.6539823
        ]
      },
      "properties": {
        "status": "dead",
        "confidence": 0.9534,
        "proj_x": 791749.2678,
        "proj_y": 2397178.1484
      }
    },
    {
      "type": "Feature",
      "geometry": {
        "type": "Point",
        "coordinates": [
          83.8190035,
          21.6538898
        ]
      },
      "properties": {
        "status": "dead",
        "confidence": 0.9969,
        "proj_x": 791766.9603,
        "proj_y": 2397168.217
      }
    },
    {
      "type": "Feature",
      "geometry": {
        "type": "Point",
        "coordinates": [
          83.8193017,
          21.6533628
        ]
      },
      "properties": {
        "status": "dead",
        "confidence": 1.0,
        "proj_x": 791798.9011,
        "proj_y": 2397110.3979
      }
    },
    {
      "type": "Feature",
      "geometry": {
        "type": "Point",
        "coordinates": [
          83.8194042,
          21.653502
        ]
      },
      "properties": {
        "status": "dead",
        "confidence": 1.0,
        "proj_x": 791809.2336,
        "proj_y": 2397126.0145
      }
    },
    {
      "type": "Feature",
      "geometry": {
        "type": "Point",
        "coordinates": [
          83.8189943,
          21.6537875
        ]
      },
      "properties": {
        "status": "dead",
        "confidence": 1.0,
        "proj_x": 791766.2054,
        "proj_y": 2397156.8702
      }
    },
    {
      "type": "Feature",
      "geometry": {
        "type": "Point",
        "coordinates": [
          83.8192434,
          21.6534081
        ]
      },
      "properties": {
        "status": "dead",
        "confidence": 0.9999,
        "proj_x": 791792.7677,
        "proj_y": 2397115.3047
      }
    },
    {
      "type": "Feature",
      "geometry": {
        "type": "Point",
        "coordinates": [
          83.8187926,
          21.6535857
        ]
      },
      "properties": {
        "status": "dead",
        "confidence": 1.0,
        "proj_x": 791745.7293,
        "proj_y": 2397134.1295
      }
    },
    {
      "type": "Feature",
      "geometry": {
        "type": "Point",
        "coordinates": [
          83.8187916,
          21.6537675
        ]
      },
      "properties": {
        "status": "dead",
        "confidence": 0.9432,
        "proj_x": 791745.2575,
        "proj_y": 2397154.2753
      }
    },
    {
      "type": "Feature",
      "geometry": {
        "type": "Point",
        "coordinates": [
          83.819047,
          21.6535828
        ]
      },
      "properties": {
        "status": "dead",
        "confidence": 0.9998,
        "proj_x": 791772.0793,
        "proj_y": 2397134.2946
      }
    },
    {
      "type": "Feature",
      "geometry": {
        "type": "Point",
        "coordinates": [
          83.8190021,
          21.6537469
        ]
      },
      "properties": {
        "status": "dead",
        "confidence": 0.995,
        "proj_x": 791767.1018,
        "proj_y": 2397152.3881
      }
    },
    {
      "type": "Feature",
      "geometry": {
        "type": "Point",
        "coordinates": [
          83.8191145,
          21.6536462
        ]
      },
      "properties": {
        "status": "dead",
        "confidence": 0.9999,
        "proj_x": 791778.944,
        "proj_y": 2397141.4424
      }
    },
    {
      "type": "Feature",
      "geometry": {
        "type": "Point",
        "coordinates": [
          83.8193534,
          21.6535267
        ]
      },
      "properties": {
        "status": "dead",
        "confidence": 1.0,
        "proj_x": 791803.9258,
        "proj_y": 2397128.6566
      }
    },
    {
      "type": "Feature",
      "geometry": {
        "type": "Point",
        "coordinates": [
          83.8190859,
          21.653967
        ]
      },
      "properties": {
        "status": "dead",
        "confidence": 0.9975,
        "proj_x": 791775.3347,
        "proj_y": 2397176.9217
      }
    },
    {
      "type": "Feature",
      "geometry": {
        "type": "Point",
        "coordinates": [
          83.8193241,
          21.6533897
        ]
      },
      "properties": {
        "status": "dead",
        "confidence": 0.9998,
        "proj_x": 791801.1658,
        "proj_y": 2397113.4175
      }
    },
    {
      "type": "Feature",
      "geometry": {
        "type": "Point",
        "coordinates": [
          83.8192441,
          21.6534673
        ]
      },
      "properties": {
        "status": "dead",
        "confidence": 1.0,
        "proj_x": 791792.7206,
        "proj_y": 2397121.8627
      }
    },
    {
      "type": "Feature",
      "geometry": {
        "type": "Point",
        "coordinates": [
          83.81903,
          21.6536579
        ]
      },
      "properties": {
        "status": "dead",
        "confidence": 1.0,
        "proj_x": 791770.1685,
        "proj_y": 2397142.5747
      }
    },
    {
      "type": "Feature",
      "geometry": {
        "type": "Point",
        "coordinates": [
          83.819168,
          21.6534443
        ]
      },
      "properties": {
        "status": "dead",
        "confidence": 0.9991,
        "proj_x": 791784.8887,
        "proj_y": 2397119.1734
      }
    },
    {
      "type": "Feature",
      "geometry": {
        "type": "Point",
        "coordinates": [
          83.819319,
          21.6537852
        ]
      },
      "properties": {
        "status": "dead",
        "confidence": 1.0,
        "proj_x": 791799.8447,
        "proj_y": 2397157.2241
      }
    },
    {
      "type": "Feature",
      "geometry": {
        "type": "Point",
        "coordinates": [
          83.8190954,
          21.6535769
        ]
      },
      "properties": {
        "status": "dead",
        "confidence": 0.9998,
        "proj_x": 791777.104,
        "proj_y": 2397133.7285
      }
    },
    {
      "type": "Feature",
      "geometry": {
        "type": "Point",
        "coordinates": [
          83.8188746,
          21.6534437
        ]
      },
      "properties": {
        "status": "dead",
        "confidence": 1.0,
        "proj_x": 791754.5048,
        "proj_y": 2397118.5601
      }
    },
    {
      "type": "Feature",
      "geometry": {
        "type": "Point",
        "coordinates": [
          83.8189239,
          21.653543
        ]
      },
      "properties": {
        "status": "dead",
        "confidence": 0.9999,
        "proj_x": 791759.4115,
        "proj_y": 2397129.6474
      }
    },
    {
      "type": "Feature",
      "geometry": {
        "type": "Point",
        "coordinates": [
          83.8193682,
          21.6535959
        ]
      },
      "properties": {
        "status": "dead",
        "confidence": 0.9998,
        "proj_x": 791805.3176,
        "proj_y": 2397136.3469
      }
    },
    {
      "type": "Feature",
      "geometry": {
        "type": "Point",
        "coordinates": [
          83.8193035,
          21.6539241
        ]
      },
      "properties": {
        "status": "dead",
        "confidence": 0.9999,
        "proj_x": 791797.9575,
        "proj_y": 2397172.5812
      }
    },
    {
      "type": "Feature",
      "geometry": {
        "type": "Point",
        "coordinates": [
          83.8200186,
          21.6539019
        ]
      },
      "properties": {
        "status": "dead",
        "confidence": 0.9999,
        "proj_x": 791872.0537,
        "proj_y": 2397171.4725
      }
    },
    {
      "type": "Feature",
      "geometry": {
        "type": "Point",
        "coordinates": [
          83.8196899,
          21.6535498
        ]
      },
      "properties": {
        "status": "dead",
        "confidence": 0.9999,
        "proj_x": 791838.7211,
        "proj_y": 2397131.8413
      }
    },
    {
      "type": "Feature",
      "geometry": {
        "type": "Point",
        "coordinates": [
          83.8198755,
          21.6539101
        ]
      },
      "properties": {
        "status": "dead",
        "confidence": 1.0,
        "proj_x": 791857.2156,
        "proj_y": 2397172.1094
      }
    },
    {
      "type": "Feature",
      "geometry": {
        "type": "Point",
        "coordinates": [
          83.8195419,
          21.6539411
        ]
      },
      "properties": {
        "status": "dead",
        "confidence": 1.0,
        "proj_x": 791822.6091,
        "proj_y": 2397174.9166
      }
    },
    {
      "type": "Feature",
      "geometry": {
        "type": "Point",
        "coordinates": [
          83.8198499,
          21.653862
        ]
      },
      "properties": {
        "status": "dead",
        "confidence": 0.9998,
        "proj_x": 791854.6679,
        "proj_y": 2397166.7309
      }
    },
    {
      "type": "Feature",
      "geometry": {
        "type": "Point",
        "coordinates": [
          83.8194831,
          21.6537168
        ]
      },
      "properties": {
        "status": "dead",
        "confidence": 0.9973,
        "proj_x": 791816.9711,
        "proj_y": 2397149.9584
      }
    },
    {
      "type": "Feature",
      "geometry": {
        "type": "Point",
        "coordinates": [
          83.819739,
          21.6534269
        ]
      },
      "properties": {
        "status": "dead",
        "confidence": 0.9999,
        "proj_x": 791844.0524,
        "proj_y": 2397118.3242
      }
    },
    {
      "type": "Feature",
      "geometry": {
        "type": "Point",
        "coordinates": [
          83.8197815,
          21.6539524
        ]
      },
      "properties": {
        "status": "dead",
        "confidence": 0.9643,
        "proj_x": 791847.4022,
        "proj_y": 2397176.6151
      }
    },
    {
      "type": "Feature",
      "geometry": {
        "type": "Point",
        "coordinates": [
          83.8199553,
          21.6534224
        ]
      },
      "properties": {
        "status": "dead",
        "confidence": 1.0,
        "proj_x": 791866.4629,
        "proj_y": 2397118.2298
      }
    },
    {
      "type": "Feature",
      "geometry": {
        "type": "Point",
        "coordinates": [
          83.8197573,
          21.6537145
        ]
      },
      "properties": {
        "status": "dead",
        "confidence": 1.0,
        "proj_x": 791845.3734,
        "proj_y": 2397150.2179
      }
    },
    {
      "type": "Feature",
      "geometry": {
        "type": "Point",
        "coordinates": [
          83.8198134,
          21.6539288
        ]
      },
      "properties": {
        "status": "dead",
        "confidence": 0.999,
        "proj_x": 791850.752,
        "proj_y": 2397174.0674
      }
    },
    {
      "type": "Feature",
      "geometry": {
        "type": "Point",
        "coordinates": [
          83.8198332,
          21.6536131
        ]
      },
      "properties": {
        "status": "dead",
        "confidence": 1.0,
        "proj_x": 791853.4412,
        "proj_y": 2397139.1306
      }
    },
    {
      "type": "Feature",
      "geometry": {
        "type": "Point",
        "coordinates": [
          83.819974,
          21.653789
        ]
      },
      "properties": {
        "status": "dead",
        "confidence": 1.0,
        "proj_x": 791867.666,
        "proj_y": 2397158.8754
      }
    },
    {
      "type": "Feature",
      "geometry": {
        "type": "Point",
        "coordinates": [
          83.8200884,
          21.6539103
        ]
      },
      "properties": {
        "status": "dead",
        "confidence": 0.9999,
        "proj_x": 791879.2723,
        "proj_y": 2397172.534
      }
    },
    {
      "type": "Feature",
      "geometry": {
        "type": "Point",
        "coordinates": [
          83.8194338,
          21.653855
        ]
      },
      "properties": {
        "status": "dead",
        "confidence": 0.9505,
        "proj_x": 791811.5926,
        "proj_y": 2397165.1739
      }
    },
    {
      "type": "Feature",
      "geometry": {
        "type": "Point",
        "coordinates": [
          83.8195418,
          21.6533719
        ]
      },
      "properties": {
        "status": "dead",
        "confidence": 1.0,
        "proj_x": 791823.7414,
        "proj_y": 2397111.8605
      }
    },
    {
      "type": "Feature",
      "geometry": {
        "type": "Point",
        "coordinates": [
          83.8197194,
          21.6535799
        ]
      },
      "properties": {
        "status": "dead",
        "confidence": 1.0,
        "proj_x": 791841.717,
        "proj_y": 2397135.2382
      }
    },
    {
      "type": "Feature",
      "geometry": {
        "type": "Point",
        "coordinates": [
          83.8199396,
          21.6536222
        ]
      },
      "properties": {
        "status": "dead",
        "confidence": 0.9994,
        "proj_x": 791864.4342,
        "proj_y": 2397140.3336
      }
    },
    {
      "type": "Feature",
      "geometry": {
        "type": "Point",
        "coordinates": [
          83.8194402,
          21.6534301
        ]
      },
      "properties": {
        "status": "dead",
        "confidence": 1.0,
        "proj_x": 791813.1023,
        "proj_y": 2397118.1119
      }
    },
    {
      "type": "Feature",
      "geometry": {
        "type": "Point",
        "coordinates": [
          83.8195201,
          21.6537435
        ]
      },
      "properties": {
        "status": "dead",
        "confidence": 0.9998,
        "proj_x": 791820.7455,
        "proj_y": 2397152.9779
      }
    },
    {
      "type": "Feature",
      "geometry": {
        "type": "Point",
        "coordinates": [
          83.81971,
          21.6534817
        ]
      },
      "properties": {
        "status": "dead",
        "confidence": 0.998,
        "proj_x": 791840.9385,
        "proj_y": 2397124.3396
      }
    },
    {
      "type": "Feature",
      "geometry": {
        "type": "Point",
        "coordinates": [
          83.8198435,
          21.6538825
        ]
      },
      "properties": {
        "status": "dead",
        "confidence": 0.9956,
        "proj_x": 791853.9602,
        "proj_y": 2397168.9955
      }
    },
    {
      "type": "Feature",
      "geometry": {
        "type": "Point",
        "coordinates": [
          83.8199268,
          21.6538822
        ]
      },
      "properties": {
        "status": "dead",
        "confidence": 0.9998,
        "proj_x": 791862.5941,
        "proj_y": 2397169.1135
      }
    },
    {
      "type": "Feature",
      "geometry": {
        "type": "Point",
        "coordinates": [
          83.8200221,
          21.6537185
        ]
      },
      "properties": {
        "status": "dead",
        "confidence": 0.9998,
        "proj_x": 791872.785,
        "proj_y": 2397151.1615
      }
    },
    {
      "type": "Feature",
      "geometry": {
        "type": "Point",
        "coordinates": [
          83.8197378,
          21.6539073
        ]
      },
      "properties": {
        "status": "dead",
        "confidence": 0.9986,
        "proj_x": 791842.9673,
        "proj_y": 2397171.5432
      }
    },
    {
      "type": "Feature",
      "geometry": {
        "type": "Point",
        "coordinates": [
          83.8194374,
          21.6538136
        ]
      },
      "properties": {
        "status": "dead",
        "confidence": 0.9999,
        "proj_x": 791812.0408,
        "proj_y": 2397160.5975
      }
    },
    {
      "type": "Feature",
      "geometry": {
        "type": "Point",
        "coordinates": [
          83.8195027,
          21.6537648
        ]
      },
      "properties": {
        "status": "dead",
        "confidence": 0.9998,
        "proj_x": 791818.9055,
        "proj_y": 2397155.3133
      }
    },
    {
      "type": "Feature",
      "geometry": {
        "type": "Point",
        "coordinates": [
          83.8196088,
          21.6537294
        ]
      },
      "properties": {
        "status": "dead",
        "confidence": 0.9999,
        "proj_x": 791829.9692,
        "proj_y": 2397151.5861
      }
    },
    {
      "type": "Feature",
      "geometry": {
        "type": "Point",
        "coordinates": [
          83.819763,
          21.6534327
        ]
      },
      "properties": {
        "status": "dead",
        "confidence": 1.0,
        "proj_x": 791846.5294,
        "proj_y": 2397119.0083
      }
    },
    {
      "type": "Feature",
      "geometry": {
        "type": "Point",
        "coordinates": [
          83.8199516,
          21.6536081
        ]
      },
      "properties": {
        "status": "dead",
        "confidence": 0.9998,
        "proj_x": 791865.708,
        "proj_y": 2397138.8003
      }
    },
    {
      "type": "Feature",
      "geometry": {
        "type": "Point",
        "coordinates": [
          83.81946,
          21.6533865
        ]
      },
      "properties": {
        "status": "dead",
        "confidence": 1.0,
        "proj_x": 791815.249,
        "proj_y": 2397113.3231
      }
    },
    {
      "type": "Feature",
      "geometry": {
        "type": "Point",
        "coordinates": [
          83.8194679,
          21.6534047
        ]
      },
      "properties": {
        "status": "dead",
        "confidence": 1.0,
        "proj_x": 791816.0275,
        "proj_y": 2397115.3518
      }
    },
    {
      "type": "Feature",
      "geometry": {
        "type": "Point",
        "coordinates": [
          83.8196001,
          21.6538415
        ]
      },
      "properties": {
        "status": "dead",
        "confidence": 0.9909,
        "proj_x": 791828.8369,
        "proj_y": 2397163.9944
      }
    },
    {
      "type": "Feature",
      "geometry": {
        "type": "Point",
        "coordinates": [
          83.8199588,
          21.6538014
        ]
      },
      "properties": {
        "status": "dead",
        "confidence": 0.99,
        "proj_x": 791866.0619,
        "proj_y": 2397160.22
      }
    },
    {
      "type": "Feature",
      "geometry": {
        "type": "Point",
        "coordinates": [
          83.8200474,
          21.6536989
        ]
      },
      "properties": {
        "status": "dead",
        "confidence": 1.0,
        "proj_x": 791875.4507,
        "proj_y": 2397149.0384
      }
    },
    {
      "type": "Feature",
      "geometry": {
        "type": "Point",
        "coordinates": [
          83.8195216,
          21.65346
        ]
      },
      "properties": {
        "status": "dead",
        "confidence": 1.0,
        "proj_x": 791821.4768,
        "proj_y": 2397121.5796
      }
    },
    {
      "type": "Feature",
      "geometry": {
        "type": "Point",
        "coordinates": [
          83.8196066,
          21.6534871
        ]
      },
      "properties": {
        "status": "dead",
        "confidence": 1.0,
        "proj_x": 791830.2287,
        "proj_y": 2397124.7407
      }
    },
    {
      "type": "Feature",
      "geometry": {
        "type": "Point",
        "coordinates": [
          83.8196764,
          21.6537608
        ]
      },
      "properties": {
        "status": "dead",
        "confidence": 1.0,
        "proj_x": 791836.9046,
        "proj_y": 2397155.1954
      }
    },
    {
      "type": "Feature",
      "geometry": {
        "type": "Point",
        "coordinates": [
          83.8196811,
          21.6535912
        ]
      },
      "properties": {
        "status": "dead",
        "confidence": 1.0,
        "proj_x": 791837.7303,
        "proj_y": 2397136.4177
      }
    },
    {
      "type": "Feature",
      "geometry": {
        "type": "Point",
        "coordinates": [
          83.8197454,
          21.6536649
        ]
      },
      "properties": {
        "status": "dead",
        "confidence": 1.0,
        "proj_x": 791844.2411,
        "proj_y": 2397144.6978
      }
    },
    {
      "type": "Feature",
      "geometry": {
        "type": "Point",
        "coordinates": [
          83.8200361,
          21.6534585
        ]
      },
      "properties": {
        "status": "dead",
        "confidence": 1.0,
        "proj_x": 791874.7666,
        "proj_y": 2397122.3817
      }
    },
    {
      "type": "Feature",
      "geometry": {
        "type": "Point",
        "coordinates": [
          83.8200699,
          21.6535095
        ]
      },
      "properties": {
        "status": "dead",
        "confidence": 0.9991,
        "proj_x": 791878.1635,
        "proj_y": 2397128.0904
      }
    },
    {
      "type": "Feature",
      "geometry": {
        "type": "Point",
        "coordinates": [
          83.8194589,
          21.653443
        ]
      },
      "properties": {
        "status": "dead",
        "confidence": 1.0,
        "proj_x": 791815.0131,
        "proj_y": 2397119.5745
      }
    },
    {
      "type": "Feature",
      "geometry": {
        "type": "Point",
        "coordinates": [
          83.8197257,
          21.6537517
        ]
      },
      "properties": {
        "status": "dead",
        "confidence": 1.0,
        "proj_x": 791842.0237,
        "proj_y": 2397154.2753
      }
    },
    {
      "type": "Feature",
      "geometry": {
        "type": "Point",
        "coordinates": [
          83.8197693,
          21.6537567
        ]
      },
      "properties": {
        "status": "dead",
        "confidence": 0.9995,
        "proj_x": 791846.5294,
        "proj_y": 2397154.9123
      }
    },
    {
      "type": "Feature",
      "geometry": {
        "type": "Point",
        "coordinates": [
          83.8198177,
          21.6538938
        ]
      },
      "properties": {
        "status": "dead",
        "confidence": 0.8588,
        "proj_x": 791851.2709,
        "proj_y": 2397170.1986
      }
    },
    {
      "type": "Feature",
      "geometry": {
        "type": "Point",
        "coordinates": [
          83.8199688,
          21.6535071
        ]
      },
      "properties": {
        "status": "dead",
        "confidence": 1.0,
        "proj_x": 791867.6896,
        "proj_y": 2397127.6422
      }
    },
    {
      "type": "Feature",
      "geometry": {
        "type": "Point",
        "coordinates": [
          83.8199145,
          21.6538102
        ]
      },
      "properties": {
        "status": "dead",
        "confidence": 1.0,
        "proj_x": 791861.4618,
        "proj_y": 2397161.1164
      }
    },
    {
      "type": "Feature",
      "geometry": {
        "type": "Point",
        "coordinates": [
          83.8194725,
          21.6538989
        ]
      },
      "properties": {
        "status": "dead",
        "confidence": 1.0,
        "proj_x": 791815.5085,
        "proj_y": 2397170.1042
      }
    },
    {
      "type": "Feature",
      "geometry": {
        "type": "Point",
        "coordinates": [
          83.8196046,
          21.6536407
        ]
      },
      "properties": {
        "status": "dead",
        "confidence": 1.0,
        "proj_x": 791829.7097,
        "proj_y": 2397141.7491
      }
    },
    {
      "type": "Feature",
      "geometry": {
        "type": "Point",
        "coordinates": [
          83.8196606,
          21.6539329
        ]
      },
      "properties": {
        "status": "dead",
        "confidence": 0.9962,
        "proj_x": 791834.9231,
        "proj_y": 2397174.2325
      }
    },
    {
      "type": "Feature",
      "geometry": {
        "type": "Point",
        "coordinates": [
          83.819653,
          21.6534346
        ]
      },
      "properties": {
        "status": "dead",
        "confidence": 0.9991,
        "proj_x": 791835.1354,
        "proj_y": 2397119.0083
      }
    },
    {
      "type": "Feature",
      "geometry": {
        "type": "Point",
        "coordinates": [
          83.8196654,
          21.6537316
        ]
      },
      "properties": {
        "status": "dead",
        "confidence": 0.9997,
        "proj_x": 791835.8195,
        "proj_y": 2397151.9399
      }
    },
    {
      "type": "Feature",
      "geometry": {
        "type": "Point",
        "coordinates": [
          83.8197358,
          21.6535941
        ]
      },
      "properties": {
        "status": "dead",
        "confidence": 0.9991,
        "proj_x": 791843.3919,
        "proj_y": 2397136.8423
      }
    },
    {
      "type": "Feature",
      "geometry": {
        "type": "Point",
        "coordinates": [
          83.8197726,
          21.6534834
        ]
      },
      "properties": {
        "status": "dead",
        "confidence": 1.0,
        "proj_x": 791847.4258,
        "proj_y": 2397124.6463
      }
    },
    {
      "type": "Feature",
      "geometry": {
        "type": "Point",
        "coordinates": [
          83.8198812,
          21.6536172
        ]
      },
      "properties": {
        "status": "dead",
        "confidence": 1.0,
        "proj_x": 791858.3951,
        "proj_y": 2397139.6731
      }
    },
    {
      "type": "Feature",
      "geometry": {
        "type": "Point",
        "coordinates": [
          83.8200306,
          21.6535485
        ]
      },
      "properties": {
        "status": "dead",
        "confidence": 1.0,
        "proj_x": 791874.0117,
        "proj_y": 2397132.3366
      }
    },
    {
      "type": "Feature",
      "geometry": {
        "type": "Point",
        "coordinates": [
          83.8200993,
          21.6535888
        ]
      },
      "properties": {
        "status": "dead",
        "confidence": 0.9999,
        "proj_x": 791881.0415,
        "proj_y": 2397136.9367
      }
    },
    {
      "type": "Feature",
      "geometry": {
        "type": "Point",
        "coordinates": [
          83.8194749,
          21.6535309
        ]
      },
      "properties": {
        "status": "dead",
        "confidence": 1.0,
        "proj_x": 791816.4993,
        "proj_y": 2397129.3407
      }
    },
    {
      "type": "Feature",
      "geometry": {
        "type": "Point",
        "coordinates": [
          83.8194864,
          21.6533729
        ]
      },
      "properties": {
        "status": "dead",
        "confidence": 1.0,
        "proj_x": 791818.009,
        "proj_y": 2397111.8605
      }
    },
    {
      "type": "Feature",
      "geometry": {
        "type": "Point",
        "coordinates": [
          83.8195983,
          21.6535373
        ]
      },
      "properties": {
        "status": "dead",
        "confidence": 1.0,
        "proj_x": 791829.2615,
        "proj_y": 2397130.2843
      }
    },
    {
      "type": "Feature",
      "geometry": {
        "type": "Point",
        "coordinates": [
          83.8197035,
          21.6535346
        ]
      },
      "properties": {
        "status": "dead",
        "confidence": 0.9999,
        "proj_x": 791840.1601,
        "proj_y": 2397130.19
      }
    },
    {
      "type": "Feature",
      "geometry": {
        "type": "Point",
        "coordinates": [
          83.8198174,
          21.6535972
        ]
      },
      "properties": {
        "status": "dead",
        "confidence": 0.9998,
        "proj_x": 791851.8371,
        "proj_y": 2397137.3377
      }
    },
    {
      "type": "Feature",
      "geometry": {
        "type": "Point",
        "coordinates": [
          83.8199179,
          21.6538415
        ]
      },
      "properties": {
        "status": "dead",
        "confidence": 1.0,
        "proj_x": 791861.7449,
        "proj_y": 2397164.5842
      }
    },
    {
      "type": "Feature",
      "geometry": {
        "type": "Point",
        "coordinates": [
          83.8200077,
          21.6537545
        ]
      },
      "properties": {
        "status": "dead",
        "confidence": 0.9999,
        "proj_x": 791871.2281,
        "proj_y": 2397155.1246
      }
    },
    {
      "type": "Feature",
      "geometry": {
        "type": "Point",
        "coordinates": [
          83.8200262,
          21.6539412
        ]
      },
      "properties": {
        "status": "dead",
        "confidence": 0.9998,
        "proj_x": 791872.7614,
        "proj_y": 2397175.8366
      }
    },
    {
      "type": "Feature",
      "geometry": {
        "type": "Point",
        "coordinates": [
          83.8199613,
          21.6533814
        ]
      },
      "properties": {
        "status": "dead",
        "confidence": 0.9999,
        "proj_x": 791867.1706,
        "proj_y": 2397113.7005
      }
    },
    {
      "type": "Feature",
      "geometry": {
        "type": "Point",
        "coordinates": [
          83.8194274,
          21.6533611
        ]
      },
      "properties": {
        "status": "dead",
        "confidence": 1.0,
        "proj_x": 791811.9228,
        "proj_y": 2397110.4451
      }
    },
    {
      "type": "Feature",
      "geometry": {
        "type": "Point",
        "coordinates": [
          83.8195475,
          21.6535258
        ]
      },
      "properties": {
        "status": "dead",
        "confidence": 1.0,
        "proj_x": 791824.0245,
        "proj_y": 2397128.9161
      }
    },
    {
      "type": "Feature",
      "geometry": {
        "type": "Point",
        "coordinates": [
          83.8195781,
          21.6536596
        ]
      },
      "properties": {
        "status": "dead",
        "confidence": 1.0,
        "proj_x": 791826.9261,
        "proj_y": 2397143.8014
      }
    },
    {
      "type": "Feature",
      "geometry": {
        "type": "Point",
        "coordinates": [
          83.8197023,
          21.6539437
        ]
      },
      "properties": {
        "status": "dead",
        "confidence": 0.9997,
        "proj_x": 791839.2165,
        "proj_y": 2397175.5063
      }
    },
    {
      "type": "Feature",
      "geometry": {
        "type": "Point",
        "coordinates": [
          83.8200191,
          21.653824
        ]
      },
      "properties": {
        "status": "dead",
        "confidence": 1.0,
        "proj_x": 791872.266,
        "proj_y": 2397162.8385
      }
    },
    {
      "type": "Feature",
      "geometry": {
        "type": "Point",
        "coordinates": [
          83.8196109,
          21.6535905
        ]
      },
      "properties": {
        "status": "dead",
        "confidence": 0.9998,
        "proj_x": 791830.4646,
        "proj_y": 2397136.2054
      }
    },
    {
      "type": "Feature",
      "geometry": {
        "type": "Point",
        "coordinates": [
          83.8194636,
          21.6533703
        ]
      },
      "properties": {
        "status": "dead",
        "confidence": 1.0,
        "proj_x": 791815.65,
        "proj_y": 2397111.5303
      }
    },
    {
      "type": "Feature",
      "geometry": {
        "type": "Point",
        "coordinates": [
          83.8195325,
          21.6535882
        ]
      },
      "properties": {
        "status": "dead",
        "confidence": 1.0,
        "proj_x": 791822.3496,
        "proj_y": 2397135.8044
      }
    },
    {
      "type": "Feature",
      "geometry": {
        "type": "Point",
        "coordinates": [
          83.8195792,
          21.6535866
        ]
      },
      "properties": {
        "status": "dead",
        "confidence": 0.9993,
        "proj_x": 791827.1856,
        "proj_y": 2397135.71
      }
    },
    {
      "type": "Feature",
      "geometry": {
        "type": "Point",
        "coordinates": [
          83.8196443,
          21.6534081
        ]
      },
      "properties": {
        "status": "dead",
        "confidence": 0.9976,
        "proj_x": 791834.2861,
        "proj_y": 2397116.0595
      }
    },
    {
      "type": "Feature",
      "geometry": {
        "type": "Point",
        "coordinates": [
          83.8197146,
          21.6537695
        ]
      },
      "properties": {
        "status": "dead",
        "confidence": 0.9998,
        "proj_x": 791840.8442,
        "proj_y": 2397156.2333
      }
    },
    {
      "type": "Feature",
      "geometry": {
        "type": "Point",
        "coordinates": [
          83.8198681,
          21.6538131
        ]
      },
      "properties": {
        "status": "dead",
        "confidence": 0.9888,
        "proj_x": 791856.6495,
        "proj_y": 2397161.3523
      }
    },
    {
      "type": "Feature",
      "geometry": {
        "type": "Point",
        "coordinates": [
          83.8198677,
          21.6536285
        ]
      },
      "properties": {
        "status": "dead",
        "confidence": 0.9999,
        "proj_x": 791856.9797,
        "proj_y": 2397140.8998
      }
    },
    {
      "type": "Feature",
      "geometry": {
        "type": "Point",
        "coordinates": [
          83.8196344,
          21.6536159
        ]
      },
      "properties": {
        "status": "dead",
        "confidence": 1.0,
        "proj_x": 791832.8472,
        "proj_y": 2397139.0598
      }
    },
    {
      "type": "Feature",
      "geometry": {
        "type": "Point",
        "coordinates": [
          83.819673,
          21.6534911
        ]
      },
      "properties": {
        "status": "dead",
        "confidence": 0.9989,
        "proj_x": 791837.0934,
        "proj_y": 2397125.3068
      }
    },
    {
      "type": "Feature",
      "geometry": {
        "type": "Point",
        "coordinates": [
          83.819571,
          21.6533985
        ]
      },
      "properties": {
        "status": "dead",
        "confidence": 1.0,
        "proj_x": 791826.7138,
        "proj_y": 2397114.8565
      }
    },
    {
      "type": "Feature",
      "geometry": {
        "type": "Point",
        "coordinates": [
          83.8195849,
          21.6534223
        ]
      },
      "properties": {
        "status": "dead",
        "confidence": 0.9999,
        "proj_x": 791828.1056,
        "proj_y": 2397117.5221
      }
    },
    {
      "type": "Feature",
      "geometry": {
        "type": "Point",
        "coordinates": [
          83.8197317,
          21.6534537
        ]
      },
      "properties": {
        "status": "dead",
        "confidence": 1.0,
        "proj_x": 791843.2503,
        "proj_y": 2397121.2729
      }
    },
    {
      "type": "Feature",
      "geometry": {
        "type": "Point",
        "coordinates": [
          83.8196363,
          21.6537715
        ]
      },
      "properties": {
        "status": "dead",
        "confidence": 0.9999,
        "proj_x": 791832.7292,
        "proj_y": 2397156.3041
      }
    },
    {
      "type": "Feature",
      "geometry": {
        "type": "Point",
        "coordinates": [
          83.8196282,
          21.6535983
        ]
      },
      "properties": {
        "status": "dead",
        "confidence": 0.9999,
        "proj_x": 791832.2338,
        "proj_y": 2397137.1018
      }
    },
    {
      "type": "Feature",
      "geometry": {
        "type": "Point",
        "coordinates": [
          83.8196481,
          21.6535328
        ]
      },
      "properties": {
        "status": "dead",
        "confidence": 0.9957,
        "proj_x": 791834.4277,
        "proj_y": 2397129.8833
      }
    },
    {
      "type": "Feature",
      "geometry": {
        "type": "Point",
        "coordinates": [
          83.8198942,
          21.6533276
        ]
      },
      "properties": {
        "status": "dead",
        "confidence": 0.9998,
        "proj_x": 791860.3295,
        "proj_y": 2397107.6143
      }
    },
    {
      "type": "Feature",
      "geometry": {
        "type": "Point",
        "coordinates": [
          83.8198031,
          21.6536794
        ]
      },
      "properties": {
        "status": "dead",
        "confidence": 0.9999,
        "proj_x": 791850.1858,
        "proj_y": 2397146.4199
      }
    },
    {
      "type": "Feature",
      "geometry": {
        "type": "Point",
        "coordinates": [
          83.8198393,
          21.6534333
        ]
      },
      "properties": {
        "status": "dead",
        "confidence": 1.0,
        "proj_x": 791854.432,
        "proj_y": 2397119.2206
      }
    },
    {
      "type": "Feature",
      "geometry": {
        "type": "Point",
        "coordinates": [
          83.8197979,
          21.6535516
        ]
      },
      "properties": {
        "status": "dead",
        "confidence": 1.0,
        "proj_x": 791849.9027,
        "proj_y": 2397132.2423
      }
    },
    {
      "type": "Feature",
      "geometry": {
        "type": "Point",
        "coordinates": [
          83.8198534,
          21.6537027
        ]
      },
      "properties": {
        "status": "dead",
        "confidence": 1.0,
        "proj_x": 791855.352,
        "proj_y": 2397149.0855
      }
    },
    {
      "type": "Feature",
      "geometry": {
        "type": "Point",
        "coordinates": [
          83.8200253,
          21.6535677
        ]
      },
      "properties": {
        "status": "dead",
        "confidence": 1.0,
        "proj_x": 791873.422,
        "proj_y": 2397134.4597
      }
    },
    {
      "type": "Feature",
      "geometry": {
        "type": "Point",
        "coordinates": [
          83.8200666,
          21.6534805
        ]
      },
      "properties": {
        "status": "dead",
        "confidence": 0.998,
        "proj_x": 791877.8805,
        "proj_y": 2397124.8822
      }
    },
    {
      "type": "Feature",
      "geometry": {
        "type": "Point",
        "coordinates": [
          83.8197188,
          21.6539494
        ]
      },
      "properties": {
        "status": "dead",
        "confidence": 0.9994,
        "proj_x": 791840.9149,
        "proj_y": 2397176.1669
      }
    },
    {
      "type": "Feature",
      "geometry": {
        "type": "Point",
        "coordinates": [
          83.8198118,
          21.6537304
        ]
      },
      "properties": {
        "status": "dead",
        "confidence": 0.9997,
        "proj_x": 791850.9879,
        "proj_y": 2397152.0815
      }
    },
    {
      "type": "Feature",
      "geometry": {
        "type": "Point",
        "coordinates": [
          83.8198358,
          21.6535362
        ]
      },
      "properties": {
        "status": "dead",
        "confidence": 0.9997,
        "proj_x": 791853.8658,
        "proj_y": 2397130.6146
      }
    },
    {
      "type": "Feature",
      "geometry": {
        "type": "Point",
        "coordinates": [
          83.8194387,
          21.6535917
        ]
      },
      "properties": {
        "status": "dead",
        "confidence": 1.0,
        "proj_x": 791812.6305,
        "proj_y": 2397136.0167
      }
    },
    {
      "type": "Feature",
      "geometry": {
        "type": "Point",
        "coordinates": [
          83.8194575,
          21.6537598
        ]
      },
      "properties": {
        "status": "dead",
        "confidence": 0.9998,
        "proj_x": 791814.2346,
        "proj_y": 2397154.6764
      }
    },
    {
      "type": "Feature",
      "geometry": {
        "type": "Point",
        "coordinates": [
          83.8195632,
          21.6536897
        ]
      },
      "properties": {
        "status": "dead",
        "confidence": 1.0,
        "proj_x": 791825.3219,
        "proj_y": 2397147.104
      }
    },
    {
      "type": "Feature",
      "geometry": {
        "type": "Point",
        "coordinates": [
          83.8199281,
          21.6533858
        ]
      },
      "properties": {
        "status": "dead",
        "confidence": 1.0,
        "proj_x": 791863.7265,
        "proj_y": 2397114.1252
      }
    },
    {
      "type": "Feature",
      "geometry": {
        "type": "Point",
        "coordinates": [
          83.8199295,
          21.6535719
        ]
      },
      "properties": {
        "status": "dead",
        "confidence": 0.9986,
        "proj_x": 791863.4906,
        "proj_y": 2397134.7428
      }
    },
    {
      "type": "Feature",
      "geometry": {
        "type": "Point",
        "coordinates": [
          83.8198174,
          21.6537124
        ]
      },
      "properties": {
        "status": "dead",
        "confidence": 1.0,
        "proj_x": 791851.6012,
        "proj_y": 2397150.0999
      }
    },
    {
      "type": "Feature",
      "geometry": {
        "type": "Point",
        "coordinates": [
          83.8197156,
          21.6533504
        ]
      },
      "properties": {
        "status": "dead",
        "confidence": 1.0,
        "proj_x": 791841.7878,
        "proj_y": 2397109.8082
      }
    },
    {
      "type": "Feature",
      "geometry": {
        "type": "Point",
        "coordinates": [
          83.8197664,
          21.6538553
        ]
      },
      "properties": {
        "status": "dead",
        "confidence": 0.9997,
        "proj_x": 791846.034,
        "proj_y": 2397165.8344
      }
    },
    {
      "type": "Feature",
      "geometry": {
        "type": "Point",
        "coordinates": [
          83.8197525,
          21.653609
        ]
      },
      "properties": {
        "status": "dead",
        "confidence": 0.9994,
        "proj_x": 791845.0904,
        "proj_y": 2397138.5172
      }
    },
    {
      "type": "Feature",
      "geometry": {
        "type": "Point",
        "coordinates": [
          83.8195406,
          21.6536309
        ]
      },
      "properties": {
        "status": "dead",
        "confidence": 1.0,
        "proj_x": 791823.1045,
        "proj_y": 2397140.546
      }
    },
    {
      "type": "Feature",
      "geometry": {
        "type": "Point",
        "coordinates": [
          83.8196813,
          21.653716
        ]
      },
      "properties": {
        "status": "dead",
        "confidence": 1.0,
        "proj_x": 791837.4944,
        "proj_y": 2397150.2415
      }
    },
    {
      "type": "Feature",
      "geometry": {
        "type": "Point",
        "coordinates": [
          83.8199848,
          21.6535373
        ]
      },
      "properties": {
        "status": "dead",
        "confidence": 1.0,
        "proj_x": 791869.2937,
        "proj_y": 2397131.0156
      }
    },
    {
      "type": "Feature",
      "geometry": {
        "type": "Point",
        "coordinates": [
          83.8200188,
          21.6535142
        ]
      },
      "properties": {
        "status": "dead",
        "confidence": 1.0,
        "proj_x": 791872.8558,
        "proj_y": 2397128.5151
      }
    },
    {
      "type": "Feature",
      "geometry": {
        "type": "Point",
        "coordinates": [
          83.8196614,
          21.6536325
        ]
      },
      "properties": {
        "status": "dead",
        "confidence": 0.9997,
        "proj_x": 791835.6072,
        "proj_y": 2397140.947
      }
    },
    {
      "type": "Feature",
      "geometry": {
        "type": "Point",
        "coordinates": [
          83.8198156,
          21.6535044
        ]
      },
      "properties": {
        "status": "dead",
        "confidence": 0.9999,
        "proj_x": 791851.8371,
        "proj_y": 2397127.0525
      }
    },
    {
      "type": "Feature",
      "geometry": {
        "type": "Point",
        "coordinates": [
          83.8194649,
          21.6534952
        ]
      },
      "properties": {
        "status": "dead",
        "confidence": 1.0,
        "proj_x": 791815.5321,
        "proj_y": 2397125.3776
      }
    },
    {
      "type": "Feature",
      "geometry": {
        "type": "Point",
        "coordinates": [
          83.8196319,
          21.6533359
        ]
      },
      "properties": {
        "status": "dead",
        "confidence": 1.0,
        "proj_x": 791833.1538,
        "proj_y": 2397108.0389
      }
    },
    {
      "type": "Feature",
      "geometry": {
        "type": "Point",
        "coordinates": [
          83.8195171,
          21.6534952
        ]
      },
      "properties": {
        "status": "dead",
        "confidence": 1.0,
        "proj_x": 791820.9342,
        "proj_y": 2397125.472
      }
    },
    {
      "type": "Feature",
      "geometry": {
        "type": "Point",
        "coordinates": [
          83.8195673,
          21.653607
        ]
      },
      "properties": {
        "status": "dead",
        "confidence": 1.0,
        "proj_x": 791825.9117,
        "proj_y": 2397137.9511
      }
    },
    {
      "type": "Feature",
      "geometry": {
        "type": "Point",
        "coordinates": [
          83.8194489,
          21.6535307
        ]
      },
      "properties": {
        "status": "dead",
        "confidence": 1.0,
        "proj_x": 791813.81,
        "proj_y": 2397129.2699
      }
    },
    {
      "type": "Feature",
      "geometry": {
        "type": "Point",
        "coordinates": [
          83.8197244,
          21.6539649
        ]
      },
      "properties": {
        "status": "dead",
        "confidence": 1.0,
        "proj_x": 791841.4575,
        "proj_y": 2397177.8889
      }
    },
    {
      "type": "Feature",
      "geometry": {
        "type": "Point",
        "coordinates": [
          83.8201696,
          21.6536449
        ]
      },
      "properties": {
        "status": "dead",
        "confidence": 0.9926,
        "proj_x": 791888.2129,
        "proj_y": 2397143.2824
      }
    },
    {
      "type": "Feature",
      "geometry": {
        "type": "Point",
        "coordinates": [
          83.820574,
          21.653637
        ]
      },
      "properties": {
        "status": "dead",
        "confidence": 0.9995,
        "proj_x": 791930.1087,
        "proj_y": 2397143.1645
      }
    },
    {
      "type": "Feature",
      "geometry": {
        "type": "Point",
        "coordinates": [
          83.820739,
          21.6533854
        ]
      },
      "properties": {
        "status": "dead",
        "confidence": 0.9999,
        "proj_x": 791947.7069,
        "proj_y": 2397115.6113
      }
    },
    {
      "type": "Feature",
      "geometry": {
        "type": "Point",
        "coordinates": [
          83.8206936,
          21.6538385
        ]
      },
      "properties": {
        "status": "dead",
        "confidence": 0.9999,
        "proj_x": 791942.0924,
        "proj_y": 2397165.7165
      }
    },
    {
      "type": "Feature",
      "geometry": {
        "type": "Point",
        "coordinates": [
          83.8206056,
          21.6536662
        ]
      },
      "properties": {
        "status": "dead",
        "confidence": 0.999,
        "proj_x": 791933.317,
        "proj_y": 2397146.4671
      }
    },
    {
      "type": "Feature",
      "geometry": {
        "type": "Point",
        "coordinates": [
          83.8202124,
          21.6538422
        ]
      },
      "properties": {
        "status": "dead",
        "confidence": 0.9999,
        "proj_x": 791892.2468,
        "proj_y": 2397165.2211
      }
    },
    {
      "type": "Feature",
      "geometry": {
        "type": "Point",
        "coordinates": [
          83.8202179,
          21.6536468
        ]
      },
      "properties": {
        "status": "dead",
        "confidence": 0.9948,
        "proj_x": 791893.214,
        "proj_y": 2397143.5891
      }
    },
    {
      "type": "Feature",
      "geometry": {
        "type": "Point",
        "coordinates": [
          83.820386,
          21.6538431
        ]
      },
      "properties": {
        "status": "dead",
        "confidence": 0.9999,
        "proj_x": 791910.2224,
        "proj_y": 2397165.6457
      }
    },
    {
      "type": "Feature",
      "geometry": {
        "type": "Point",
        "coordinates": [
          83.820637,
          21.6533746
        ]
      },
      "properties": {
        "status": "dead",
        "confidence": 0.9999,
        "proj_x": 791937.1621,
        "proj_y": 2397114.2195
      }
    },
    {
      "type": "Feature",
      "geometry": {
        "type": "Point",
        "coordinates": [
          83.8205796,
          21.6534075
        ]
      },
      "properties": {
        "status": "dead",
        "confidence": 0.9999,
        "proj_x": 791931.1467,
        "proj_y": 2397117.758
      }
    },
    {
      "type": "Feature",
      "geometry": {
        "type": "Point",
        "coordinates": [
          83.820759,
          21.6536374
        ]
      },
      "properties": {
        "status": "dead",
        "confidence": 0.9566,
        "proj_x": 791949.2638,
        "proj_y": 2397143.5655
      }
    },
    {
      "type": "Feature",
      "geometry": {
        "type": "Point",
        "coordinates": [
          83.8203292,
          21.6533962
        ]
      },
      "properties": {
        "status": "dead",
        "confidence": 1.0,
        "proj_x": 791905.2449,
        "proj_y": 2397116.0359
      }
    },
    {
      "type": "Feature",
      "geometry": {
        "type": "Point",
        "coordinates": [
          83.8203817,
          21.6535859
        ]
      },
      "properties": {
        "status": "dead",
        "confidence": 1.0,
        "proj_x": 791910.2931,
        "proj_y": 2397137.149
      }
    },
    {
      "type": "Feature",
      "geometry": {
        "type": "Point",
        "coordinates": [
          83.8203802,
          21.6533468
        ]
      },
      "properties": {
        "status": "dead",
        "confidence": 0.9999,
        "proj_x": 791910.6234,
        "proj_y": 2397110.6574
      }
    },
    {
      "type": "Feature",
      "geometry": {
        "type": "Point",
        "coordinates": [
          83.8202118,
          21.653365
        ]
      },
      "properties": {
        "status": "dead",
        "confidence": 0.9979,
        "proj_x": 791893.1432,
        "proj_y": 2397112.3559
      }
    },
    {
      "type": "Feature",
      "geometry": {
        "type": "Point",
        "coordinates": [
          83.8203963,
          21.6537522
        ]
      },
      "properties": {
        "status": "dead",
        "confidence": 1.0,
        "proj_x": 791911.4726,
        "proj_y": 2397155.5964
      }
    },
    {
      "type": "Feature",
      "geometry": {
        "type": "Point",
        "coordinates": [
          83.8206785,
          21.6538104
        ]
      },
      "properties": {
        "status": "dead",
        "confidence": 0.998,
        "proj_x": 791940.5827,
        "proj_y": 2397162.579
      }
    },
    {
      "type": "Feature",
      "geometry": {
        "type": "Point",
        "coordinates": [
          83.8203845,
          21.6533795
        ]
      },
      "properties": {
        "status": "dead",
        "confidence": 0.9999,
        "proj_x": 791911.0008,
        "proj_y": 2397114.2903
      }
    },
    {
      "type": "Feature",
      "geometry": {
        "type": "Point",
        "coordinates": [
          83.8204503,
          21.6538365
        ]
      },
      "properties": {
        "status": "dead",
        "confidence": 0.9997,
        "proj_x": 791916.8983,
        "proj_y": 2397165.0324
      }
    },
    {
      "type": "Feature",
      "geometry": {
        "type": "Point",
        "coordinates": [
          83.8201603,
          21.653598
        ]
      },
      "properties": {
        "status": "dead",
        "confidence": 0.9998,
        "proj_x": 791887.34,
        "proj_y": 2397138.069
      }
    },
    {
      "type": "Feature",
      "geometry": {
        "type": "Point",
        "coordinates": [
          83.8202799,
          21.6534113
        ]
      },
      "properties": {
        "status": "dead",
        "confidence": 1.0,
        "proj_x": 791900.1022,
        "proj_y": 2397117.6165
      }
    },
    {
      "type": "Feature",
      "geometry": {
        "type": "Point",
        "coordinates": [
          83.8203898,
          21.6536529
        ]
      },
      "properties": {
        "status": "dead",
        "confidence": 1.0,
        "proj_x": 791911.0008,
        "proj_y": 2397144.5799
      }
    },
    {
      "type": "Feature",
      "geometry": {
        "type": "Point",
        "coordinates": [
          83.8205488,
          21.6538846
        ]
      },
      "properties": {
        "status": "dead",
        "confidence": 1.0,
        "proj_x": 791926.9948,
        "proj_y": 2397170.5524
      }
    },
    {
      "type": "Feature",
      "geometry": {
        "type": "Point",
        "coordinates": [
          83.8206167,
          21.6537608
        ]
      },
      "properties": {
        "status": "dead",
        "confidence": 1.0,
        "proj_x": 791934.2842,
        "proj_y": 2397156.9646
      }
    },
    {
      "type": "Feature",
      "geometry": {
        "type": "Point",
        "coordinates": [
          83.8207108,
          21.6538753
        ]
      },
      "properties": {
        "status": "dead",
        "confidence": 0.9998,
        "proj_x": 791943.7909,
        "proj_y": 2397169.8212
      }
    },
    {
      "type": "Feature",
      "geometry": {
        "type": "Point",
        "coordinates": [
          83.8207438,
          21.6533702
        ]
      },
      "properties": {
        "status": "dead",
        "confidence": 0.9999,
        "proj_x": 791948.2258,
        "proj_y": 2397113.9364
      }
    },
    {
      "type": "Feature",
      "geometry": {
        "type": "Point",
        "coordinates": [
          83.8201745,
          21.6534391
        ]
      },
      "properties": {
        "status": "dead",
        "confidence": 0.9994,
        "proj_x": 791889.1329,
        "proj_y": 2397120.4945
      }
    },
    {
      "type": "Feature",
      "geometry": {
        "type": "Point",
        "coordinates": [
          83.8203015,
          21.6535381
        ]
      },
      "properties": {
        "status": "dead",
        "confidence": 0.9996,
        "proj_x": 791902.0838,
        "proj_y": 2397131.6997
      }
    },
    {
      "type": "Feature",
      "geometry": {
        "type": "Point",
        "coordinates": [
          83.820426,
          21.6538982
        ]
      },
      "properties": {
        "status": "dead",
        "confidence": 0.9986,
        "proj_x": 791914.2562,
        "proj_y": 2397171.8263
      }
    },
    {
      "type": "Feature",
      "geometry": {
        "type": "Point",
        "coordinates": [
          83.8206273,
          21.6538569
        ]
      },
      "properties": {
        "status": "dead",
        "confidence": 0.9999,
        "proj_x": 791935.1806,
        "proj_y": 2397167.6273
      }
    },
    {
      "type": "Feature",
      "geometry": {
        "type": "Point",
        "coordinates": [
          83.8206724,
          21.6538823
        ]
      },
      "properties": {
        "status": "dead",
        "confidence": 0.9991,
        "proj_x": 791939.8042,
        "proj_y": 2397170.5289
      }
    },
    {
      "type": "Feature",
      "geometry": {
        "type": "Point",
        "coordinates": [
          83.8206897,
          21.6535877
        ]
      },
      "properties": {
        "status": "dead",
        "confidence": 0.9999,
        "proj_x": 791942.1868,
        "proj_y": 2397137.9275
      }
    },
    {
      "type": "Feature",
      "geometry": {
        "type": "Point",
        "coordinates": [
          83.8201408,
          21.6533941
        ]
      },
      "properties": {
        "status": "dead",
        "confidence": 0.9995,
        "proj_x": 791885.7359,
        "proj_y": 2397115.4462
      }
    },
    {
      "type": "Feature",
      "geometry": {
        "type": "Point",
        "coordinates": [
          83.8201685,
          21.6539394
        ]
      },
      "properties": {
        "status": "dead",
        "confidence": 1.0,
        "proj_x": 791887.5052,
        "proj_y": 2397175.9074
      }
    },
    {
      "type": "Feature",
      "geometry": {
        "type": "Point",
        "coordinates": [
          83.8202292,
          21.653685
        ]
      },
      "properties": {
        "status": "dead",
        "confidence": 1.0,
        "proj_x": 791894.2991,
        "proj_y": 2397147.8353
      }
    },
    {
      "type": "Feature",
      "geometry": {
        "type": "Point",
        "coordinates": [
          83.8205849,
          21.6538904
        ]
      },
      "properties": {
        "status": "dead",
        "confidence": 1.0,
        "proj_x": 791930.7221,
        "proj_y": 2397171.2601
      }
    },
    {
      "type": "Feature",
      "geometry": {
        "type": "Point",
        "coordinates": [
          83.8207657,
          21.6535494
        ]
      },
      "properties": {
        "status": "dead",
        "confidence": 0.9999,
        "proj_x": 791950.1366,
        "proj_y": 2397133.8228
      }
    },
    {
      "type": "Feature",
      "geometry": {
        "type": "Point",
        "coordinates": [
          83.8204717,
          21.653926
        ]
      },
      "properties": {
        "status": "dead",
        "confidence": 0.9998,
        "proj_x": 791918.9271,
        "proj_y": 2397174.9874
      }
    },
    {
      "type": "Feature",
      "geometry": {
        "type": "Point",
        "coordinates": [
          83.820706,
          21.653537
        ]
      },
      "properties": {
        "status": "dead",
        "confidence": 1.0,
        "proj_x": 791943.9796,
        "proj_y": 2397132.3366
      }
    },
    {
      "type": "Feature",
      "geometry": {
        "type": "Point",
        "coordinates": [
          83.8202834,
          21.653848
        ]
      },
      "properties": {
        "status": "dead",
        "confidence": 0.9988,
        "proj_x": 791899.5833,
        "proj_y": 2397165.9996
      }
    },
    {
      "type": "Feature",
      "geometry": {
        "type": "Point",
        "coordinates": [
          83.8205021,
          21.6536152
        ]
      },
      "properties": {
        "status": "dead",
        "confidence": 0.9999,
        "proj_x": 791922.7015,
        "proj_y": 2397140.6167
      }
    },
    {
      "type": "Feature",
      "geometry": {
        "type": "Point",
        "coordinates": [
          83.8205467,
          21.6537413
        ]
      },
      "properties": {
        "status": "dead",
        "confidence": 0.9977,
        "proj_x": 791927.0656,
        "proj_y": 2397154.6764
      }
    },
    {
      "type": "Feature",
      "geometry": {
        "type": "Point",
        "coordinates": [
          83.8205747,
          21.6539312
        ]
      },
      "properties": {
        "status": "dead",
        "confidence": 0.9995,
        "proj_x": 791929.5897,
        "proj_y": 2397175.7658
      }
    },
    {
      "type": "Feature",
      "geometry": {
        "type": "Point",
        "coordinates": [
          83.8201568,
          21.6537938
        ]
      },
      "properties": {
        "status": "dead",
        "confidence": 0.9996,
        "proj_x": 791886.5852,
        "proj_y": 2397159.7482
      }
    },
    {
      "type": "Feature",
      "geometry": {
        "type": "Point",
        "coordinates": [
          83.820321,
          21.6536029
        ]
      },
      "properties": {
        "status": "dead",
        "confidence": 1.0,
        "proj_x": 791903.971,
        "proj_y": 2397138.9183
      }
    },
    {
      "type": "Feature",
      "geometry": {
        "type": "Point",
        "coordinates": [
          83.8204881,
          21.6536587
        ]
      },
      "properties": {
        "status": "dead",
        "confidence": 1.0,
        "proj_x": 791921.1681,
        "proj_y": 2397145.4055
      }
    },
    {
      "type": "Feature",
      "geometry": {
        "type": "Point",
        "coordinates": [
          83.8204966,
          21.6534166
        ]
      },
      "properties": {
        "status": "dead",
        "confidence": 0.9967,
        "proj_x": 791922.5363,
        "proj_y": 2397118.6073
      }
    },
    {
      "type": "Feature",
      "geometry": {
        "type": "Point",
        "coordinates": [
          83.8205767,
          21.6534923
        ]
      },
      "properties": {
        "status": "dead",
        "confidence": 1.0,
        "proj_x": 791930.6749,
        "proj_y": 2397127.1468
      }
    },
    {
      "type": "Feature",
      "geometry": {
        "type": "Point",
        "coordinates": [
          83.8206357,
          21.6539398
        ]
      },
      "properties": {
        "status": "dead",
        "confidence": 0.9999,
        "proj_x": 791935.8883,
        "proj_y": 2397176.8274
      }
    },
    {
      "type": "Feature",
      "geometry": {
        "type": "Point",
        "coordinates": [
          83.8206805,
          21.6535014
        ]
      },
      "properties": {
        "status": "dead",
        "confidence": 0.9999,
        "proj_x": 791941.4083,
        "proj_y": 2397128.3499
      }
    },
    {
      "type": "Feature",
      "geometry": {
        "type": "Point",
        "coordinates": [
          83.8202535,
          21.653356
        ]
      },
      "properties": {
        "status": "dead",
        "confidence": 1.0,
        "proj_x": 791897.4838,
        "proj_y": 2397111.4359
      }
    },
    {
      "type": "Feature",
      "geometry": {
        "type": "Point",
        "coordinates": [
          83.8204774,
          21.6538696
        ]
      },
      "properties": {
        "status": "dead",
        "confidence": 1.0,
        "proj_x": 791919.6348,
        "proj_y": 2397168.7596
      }
    },
    {
      "type": "Feature",
      "geometry": {
        "type": "Point",
        "coordinates": [
          83.8204861,
          21.6533344
        ]
      },
      "properties": {
        "status": "dead",
        "confidence": 0.9999,
        "proj_x": 791921.6163,
        "proj_y": 2397109.4779
      }
    },
    {
      "type": "Feature",
      "geometry": {
        "type": "Point",
        "coordinates": [
          83.8205216,
          21.6535548
        ]
      },
      "properties": {
        "status": "dead",
        "confidence": 1.0,
        "proj_x": 791924.8482,
        "proj_y": 2397133.9644
      }
    },
    {
      "type": "Feature",
      "geometry": {
        "type": "Point",
        "coordinates": [
          83.8207073,
          21.6533943
        ]
      },
      "properties": {
        "status": "dead",
        "confidence": 0.9958,
        "proj_x": 791944.4043,
        "proj_y": 2397116.5313
      }
    },
    {
      "type": "Feature",
      "geometry": {
        "type": "Point",
        "coordinates": [
          83.8207646,
          21.6538573
        ]
      },
      "properties": {
        "status": "dead",
        "confidence": 0.9987,
        "proj_x": 791949.4053,
        "proj_y": 2397167.9339
      }
    },
    {
      "type": "Feature",
      "geometry": {
        "type": "Point",
        "coordinates": [
          83.8202019,
          21.6536652
        ]
      },
      "properties": {
        "status": "dead",
        "confidence": 0.998,
        "proj_x": 791891.5155,
        "proj_y": 2397145.5942
      }
    },
    {
      "type": "Feature",
      "geometry": {
        "type": "Point",
        "coordinates": [
          83.8203337,
          21.6535067
        ]
      },
      "properties": {
        "status": "dead",
        "confidence": 0.9998,
        "proj_x": 791905.4808,
        "proj_y": 2397128.2792
      }
    },
    {
      "type": "Feature",
      "geometry": {
        "type": "Point",
        "coordinates": [
          83.8204006,
          21.653576
        ]
      },
      "properties": {
        "status": "dead",
        "confidence": 1.0,
        "proj_x": 791912.2747,
        "proj_y": 2397136.0874
      }
    },
    {
      "type": "Feature",
      "geometry": {
        "type": "Point",
        "coordinates": [
          83.8204072,
          21.6536468
        ]
      },
      "properties": {
        "status": "dead",
        "confidence": 0.9998,
        "proj_x": 791912.8173,
        "proj_y": 2397143.9429
      }
    },
    {
      "type": "Feature",
      "geometry": {
        "type": "Point",
        "coordinates": [
          83.8207043,
          21.6539086
        ]
      },
      "properties": {
        "status": "dead",
        "confidence": 0.9998,
        "proj_x": 791943.0596,
        "proj_y": 2397173.5012
      }
    },
    {
      "type": "Feature",
      "geometry": {
        "type": "Point",
        "coordinates": [
          83.8203107,
          21.6534977
        ]
      },
      "properties": {
        "status": "dead",
        "confidence": 1.0,
        "proj_x": 791903.1218,
        "proj_y": 2397127.2412
      }
    },
    {
      "type": "Feature",
      "geometry": {
        "type": "Point",
        "coordinates": [
          83.8203638,
          21.6535113
        ]
      },
      "properties": {
        "status": "dead",
        "confidence": 0.9991,
        "proj_x": 791908.5946,
        "proj_y": 2397128.8453
      }
    },
    {
      "type": "Feature",
      "geometry": {
        "type": "Point",
        "coordinates": [
          83.8204998,
          21.6535015
        ]
      },
      "properties": {
        "status": "dead",
        "confidence": 1.0,
        "proj_x": 791922.7015,
        "proj_y": 2397128.0197
      }
    },
    {
      "type": "Feature",
      "geometry": {
        "type": "Point",
        "coordinates": [
          83.820607,
          21.6534705
        ]
      },
      "properties": {
        "status": "dead",
        "confidence": 1.0,
        "proj_x": 791933.8595,
        "proj_y": 2397124.7878
      }
    },
    {
      "type": "Feature",
      "geometry": {
        "type": "Point",
        "coordinates": [
          83.8206807,
          21.6537103
        ]
      },
      "properties": {
        "status": "dead",
        "confidence": 0.9975,
        "proj_x": 791941.0073,
        "proj_y": 2397151.4917
      }
    },
    {
      "type": "Feature",
      "geometry": {
        "type": "Point",
        "coordinates": [
          83.8204649,
          21.6538256
        ]
      },
      "properties": {
        "status": "dead",
        "confidence": 1.0,
        "proj_x": 791918.4317,
        "proj_y": 2397163.8529
      }
    },
    {
      "type": "Feature",
      "geometry": {
        "type": "Point",
        "coordinates": [
          83.8202953,
          21.6538996
        ]
      },
      "properties": {
        "status": "dead",
        "confidence": 0.9995,
        "proj_x": 791900.7156,
        "proj_y": 2397171.7319
      }
    },
    {
      "type": "Feature",
      "geometry": {
        "type": "Point",
        "coordinates": [
          83.8203333,
          21.6535608
        ]
      },
      "properties": {
        "status": "dead",
        "confidence": 1.0,
        "proj_x": 791905.3392,
        "proj_y": 2397134.271
      }
    },
    {
      "type": "Feature",
      "geometry": {
        "type": "Point",
        "coordinates": [
          83.8201549,
          21.6538362
        ]
      },
      "properties": {
        "status": "dead",
        "confidence": 0.9969,
        "proj_x": 791886.3021,
        "proj_y": 2397164.4426
      }
    },
    {
      "type": "Feature",
      "geometry": {
        "type": "Point",
        "coordinates": [
          83.8202386,
          21.653562
        ]
      },
      "properties": {
        "status": "dead",
        "confidence": 0.9992,
        "proj_x": 791895.5258,
        "proj_y": 2397134.2238
      }
    },
    {
      "type": "Feature",
      "geometry": {
        "type": "Point",
        "coordinates": [
          83.8203214,
          21.6537899
        ]
      },
      "properties": {
        "status": "dead",
        "confidence": 0.9989,
        "proj_x": 791903.6407,
        "proj_y": 2397159.6303
      }
    },
    {
      "type": "Feature",
      "geometry": {
        "type": "Point",
        "coordinates": [
          83.8203699,
          21.6536956
        ]
      },
      "properties": {
        "status": "dead",
        "confidence": 1.0,
        "proj_x": 791908.8541,
        "proj_y": 2397149.2743
      }
    },
    {
      "type": "Feature",
      "geometry": {
        "type": "Point",
        "coordinates": [
          83.8205094,
          21.6537562
        ]
      },
      "properties": {
        "status": "dead",
        "confidence": 1.0,
        "proj_x": 791923.1733,
        "proj_y": 2397156.2569
      }
    },
    {
      "type": "Feature",
      "geometry": {
        "type": "Point",
        "coordinates": [
          83.8203525,
          21.6537736
        ]
      },
      "properties": {
        "status": "dead",
        "confidence": 0.9999,
        "proj_x": 791906.8962,
        "proj_y": 2397157.8846
      }
    },
    {
      "type": "Feature",
      "geometry": {
        "type": "Point",
        "coordinates": [
          83.8205779,
          21.6534265
        ]
      },
      "properties": {
        "status": "dead",
        "confidence": 1.0,
        "proj_x": 791930.9344,
        "proj_y": 2397119.8575
      }
    },
    {
      "type": "Feature",
      "geometry": {
        "type": "Point",
        "coordinates": [
          83.8207198,
          21.6534124
        ]
      },
      "properties": {
        "status": "dead",
        "confidence": 0.9998,
        "proj_x": 791945.6545,
        "proj_y": 2397118.5601
      }
    },
    {
      "type": "Feature",
      "geometry": {
        "type": "Point",
        "coordinates": [
          83.8207861,
          21.6538721
        ]
      },
      "properties": {
        "status": "dead",
        "confidence": 1.0,
        "proj_x": 791951.5992,
        "proj_y": 2397169.6088
      }
    },
    {
      "type": "Feature",
      "geometry": {
        "type": "Point",
        "coordinates": [
          83.8206124,
          21.6536459
        ]
      },
      "properties": {
        "status": "dead",
        "confidence": 1.0,
        "proj_x": 791934.0718,
        "proj_y": 2397144.226
      }
    },
    {
      "type": "Feature",
      "geometry": {
        "type": "Point",
        "coordinates": [
          83.8204452,
          21.6539009
        ]
      },
      "properties": {
        "status": "dead",
        "confidence": 0.9995,
        "proj_x": 791916.2378,
        "proj_y": 2397172.1566
      }
    },
    {
      "type": "Feature",
      "geometry": {
        "type": "Point",
        "coordinates": [
          83.8201322,
          21.6539224
        ]
      },
      "properties": {
        "status": "dead",
        "confidence": 0.9937,
        "proj_x": 791883.778,
        "proj_y": 2397173.9494
      }
    },
    {
      "type": "Feature",
      "geometry": {
        "type": "Point",
        "coordinates": [
          83.8206088,
          21.6535071
        ]
      },
      "properties": {
        "status": "dead",
        "confidence": 1.0,
        "proj_x": 791933.9775,
        "proj_y": 2397128.8453
      }
    },
    {
      "type": "Feature",
      "geometry": {
        "type": "Point",
        "coordinates": [
          83.8203274,
          21.6537676
        ]
      },
      "properties": {
        "status": "dead",
        "confidence": 0.9998,
        "proj_x": 791904.3013,
        "proj_y": 2397157.1769
      }
    },
    {
      "type": "Feature",
      "geometry": {
        "type": "Point",
        "coordinates": [
          83.8204551,
          21.653754
        ]
      },
      "properties": {
        "status": "dead",
        "confidence": 0.9996,
        "proj_x": 791917.5588,
        "proj_y": 2397155.9031
      }
    },
    {
      "type": "Feature",
      "geometry": {
        "type": "Point",
        "coordinates": [
          83.8207804,
          21.6538932
        ]
      },
      "properties": {
        "status": "dead",
        "confidence": 1.0,
        "proj_x": 791950.9623,
        "proj_y": 2397171.9443
      }
    },
    {
      "type": "Feature",
      "geometry": {
        "type": "Point",
        "coordinates": [
          83.8203031,
          21.6534825
        ]
      },
      "properties": {
        "status": "dead",
        "confidence": 1.0,
        "proj_x": 791902.3669,
        "proj_y": 2397125.5427
      }
    },
    {
      "type": "Feature",
      "geometry": {
        "type": "Point",
        "coordinates": [
          83.8207836,
          21.65385
        ]
      },
      "properties": {
        "status": "dead",
        "confidence": 1.0,
        "proj_x": 791951.3869,
        "proj_y": 2397167.1555
      }
    },
    {
      "type": "Feature",
      "geometry": {
        "type": "Point",
        "coordinates": [
          83.8201543,
          21.6537452
        ]
      },
      "properties": {
        "status": "dead",
        "confidence": 0.9966,
        "proj_x": 791886.42,
        "proj_y": 2397154.3697
      }
    },
    {
      "type": "Feature",
      "geometry": {
        "type": "Point",
        "coordinates": [
          83.8204508,
          21.6535547
        ]
      },
      "properties": {
        "status": "dead",
        "confidence": 1.0,
        "proj_x": 791917.5117,
        "proj_y": 2397133.8228
      }
    },
    {
      "type": "Feature",
      "geometry": {
        "type": "Point",
        "coordinates": [
          83.8204885,
          21.6533986
        ]
      },
      "properties": {
        "status": "dead",
        "confidence": 0.9999,
        "proj_x": 791921.7343,
        "proj_y": 2397116.6021
      }
    },
    {
      "type": "Feature",
      "geometry": {
        "type": "Point",
        "coordinates": [
          83.8201839,
          21.6539208
        ]
      },
      "properties": {
        "status": "dead",
        "confidence": 0.9973,
        "proj_x": 791889.1329,
        "proj_y": 2397173.8786
      }
    },
    {
      "type": "Feature",
      "geometry": {
        "type": "Point",
        "coordinates": [
          83.8202692,
          21.6535071
        ]
      },
      "properties": {
        "status": "dead",
        "confidence": 1.0,
        "proj_x": 791898.8048,
        "proj_y": 2397128.2084
      }
    },
    {
      "type": "Feature",
      "geometry": {
        "type": "Point",
        "coordinates": [
          83.8204156,
          21.6538187
        ]
      },
      "properties": {
        "status": "dead",
        "confidence": 0.9999,
        "proj_x": 791913.3362,
        "proj_y": 2397163.0036
      }
    },
    {
      "type": "Feature",
      "geometry": {
        "type": "Point",
        "coordinates": [
          83.820773,
          21.6534783
        ]
      },
      "properties": {
        "status": "dead",
        "confidence": 0.9999,
        "proj_x": 791951.0331,
        "proj_y": 2397125.9673
      }
    },
    {
      "type": "Feature",
      "geometry": {
        "type": "Point",
        "coordinates": [
          83.8201374,
          21.6538275
        ]
      },
      "properties": {
        "status": "dead",
        "confidence": 1.0,
        "proj_x": 791884.5093,
        "proj_y": 2397163.4519
      }
    },
    {
      "type": "Feature",
      "geometry": {
        "type": "Point",
        "coordinates": [
          83.8201365,
          21.6537477
        ]
      },
      "properties": {
        "status": "dead",
        "confidence": 0.9996,
        "proj_x": 791884.58,
        "proj_y": 2397154.6056
      }
    },
    {
      "type": "Feature",
      "geometry": {
        "type": "Point",
        "coordinates": [
          83.8204749,
          21.6535077
        ]
      },
      "properties": {
        "status": "dead",
        "confidence": 0.9991,
        "proj_x": 791920.1066,
        "proj_y": 2397128.6566
      }
    },
    {
      "type": "Feature",
      "geometry": {
        "type": "Point",
        "coordinates": [
          83.8205277,
          21.6536691
        ]
      },
      "properties": {
        "status": "dead",
        "confidence": 1.0,
        "proj_x": 791925.2492,
        "proj_y": 2397146.6322
      }
    },
    {
      "type": "Feature",
      "geometry": {
        "type": "Point",
        "coordinates": [
          83.8207787,
          21.6533856
        ]
      },
      "properties": {
        "status": "dead",
        "confidence": 1.0,
        "proj_x": 791951.8115,
        "proj_y": 2397115.7057
      }
    },
    {
      "type": "Feature",
      "geometry": {
        "type": "Point",
        "coordinates": [
          83.8208453,
          21.6537657
        ]
      },
      "properties": {
        "status": "dead",
        "confidence": 0.9769,
        "proj_x": 791957.9449,
        "proj_y": 2397157.9318
      }
    },
    {
      "type": "Feature",
      "geometry": {
        "type": "Point",
        "coordinates": [
          83.8211906,
          21.6539069
        ]
      },
      "properties": {
        "status": "dead",
        "confidence": 0.9996,
        "proj_x": 791993.4243,
        "proj_y": 2397174.2325
      }
    },
    {
      "type": "Feature",
      "geometry": {
        "type": "Point",
        "coordinates": [
          83.8208532,
          21.6534691
        ]
      },
      "properties": {
        "status": "dead",
        "confidence": 0.9999,
        "proj_x": 791959.3603,
        "proj_y": 2397125.0945
      }
    },
    {
      "type": "Feature",
      "geometry": {
        "type": "Point",
        "coordinates": [
          83.8210098,
          21.6534141
        ]
      },
      "properties": {
        "status": "dead",
        "confidence": 1.0,
        "proj_x": 791975.6846,
        "proj_y": 2397119.2914
      }
    },
    {
      "type": "Feature",
      "geometry": {
        "type": "Point",
        "coordinates": [
          83.8212209,
          21.6538336
        ]
      },
      "properties": {
        "status": "dead",
        "confidence": 0.9987,
        "proj_x": 791996.7033,
        "proj_y": 2397166.1647
      }
    },
    {
      "type": "Feature",
      "geometry": {
        "type": "Point",
        "coordinates": [
          83.8209043,
          21.653694
        ]
      },
      "properties": {
        "status": "dead",
        "confidence": 0.9984,
        "proj_x": 791964.1963,
        "proj_y": 2397150.0999
      }
    },
    {
      "type": "Feature",
      "geometry": {
        "type": "Point",
        "coordinates": [
          83.8210578,
          21.6536338
        ]
      },
      "properties": {
        "status": "dead",
        "confidence": 0.989,
        "proj_x": 791980.2139,
        "proj_y": 2397143.7306
      }
    },
    {
      "type": "Feature",
      "geometry": {
        "type": "Point",
        "coordinates": [
          83.8209417,
          21.6538173
        ]
      },
      "properties": {
        "status": "dead",
        "confidence": 0.9638,
        "proj_x": 791967.8291,
        "proj_y": 2397163.8293
      }
    },
    {
      "type": "Feature",
      "geometry": {
        "type": "Point",
        "coordinates": [
          83.8211258,
          21.6533388
        ]
      },
      "properties": {
        "status": "dead",
        "confidence": 0.9998,
        "proj_x": 791987.857,
        "proj_y": 2397111.1764
      }
    },
    {
      "type": "Feature",
      "geometry": {
        "type": "Point",
        "coordinates": [
          83.8212331,
          21.6538657
        ]
      },
      "properties": {
        "status": "dead",
        "confidence": 0.9999,
        "proj_x": 791997.9064,
        "proj_y": 2397169.7504
      }
    },
    {
      "type": "Feature",
      "geometry": {
        "type": "Point",
        "coordinates": [
          83.8208292,
          21.6537712
        ]
      },
      "properties": {
        "status": "dead",
        "confidence": 0.8628,
        "proj_x": 791956.27,
        "proj_y": 2397158.5215
      }
    },
    {
      "type": "Feature",
      "geometry": {
        "type": "Point",
        "coordinates": [
          83.8208933,
          21.6537876
        ]
      },
      "properties": {
        "status": "dead",
        "confidence": 0.9996,
        "proj_x": 791962.8752,
        "proj_y": 2397160.4559
      }
    },
    {
      "type": "Feature",
      "geometry": {
        "type": "Point",
        "coordinates": [
          83.8209082,
          21.6534722
        ]
      },
      "properties": {
        "status": "dead",
        "confidence": 0.9999,
        "proj_x": 791965.0455,
        "proj_y": 2397125.5427
      }
    },
    {
      "type": "Feature",
      "geometry": {
        "type": "Point",
        "coordinates": [
          83.8210096,
          21.6534432
        ]
      },
      "properties": {
        "status": "dead",
        "confidence": 0.9998,
        "proj_x": 791975.6138,
        "proj_y": 2397122.5232
      }
    },
    {
      "type": "Feature",
      "geometry": {
        "type": "Point",
        "coordinates": [
          83.8210794,
          21.653319
        ]
      },
      "properties": {
        "status": "dead",
        "confidence": 1.0,
        "proj_x": 791983.0919,
        "proj_y": 2397108.8882
      }
    },
    {
      "type": "Feature",
      "geometry": {
        "type": "Point",
        "coordinates": [
          83.8211532,
          21.6534908
        ]
      },
      "properties": {
        "status": "dead",
        "confidence": 0.9999,
        "proj_x": 791990.3812,
        "proj_y": 2397128.0669
      }
    },
    {
      "type": "Feature",
      "geometry": {
        "type": "Point",
        "coordinates": [
          83.8212842,
          21.6535878
        ]
      },
      "properties": {
        "status": "dead",
        "confidence": 0.9767,
        "proj_x": 792003.7567,
        "proj_y": 2397139.0598
      }
    },
    {
      "type": "Feature",
      "geometry": {
        "type": "Point",
        "coordinates": [
          83.8213991,
          21.6537927
        ]
      },
      "properties": {
        "status": "dead",
        "confidence": 0.9993,
        "proj_x": 792015.245,
        "proj_y": 2397161.9657
      }
    },
    {
      "type": "Feature",
      "geometry": {
        "type": "Point",
        "coordinates": [
          83.820968,
          21.6535144
        ]
      },
      "properties": {
        "status": "dead",
        "confidence": 0.9977,
        "proj_x": 791971.1553,
        "proj_y": 2397130.3315
      }
    },
    {
      "type": "Feature",
      "geometry": {
        "type": "Point",
        "coordinates": [
          83.821108,
          21.6537582
        ]
      },
      "properties": {
        "status": "dead",
        "confidence": 0.9948,
        "proj_x": 791985.1678,
        "proj_y": 2397157.6015
      }
    },
    {
      "type": "Feature",
      "geometry": {
        "type": "Point",
        "coordinates": [
          83.8213789,
          21.6533254
        ]
      },
      "properties": {
        "status": "dead",
        "confidence": 1.0,
        "proj_x": 792014.0891,
        "proj_y": 2397110.162
      }
    },
    {
      "type": "Feature",
      "geometry": {
        "type": "Point",
        "coordinates": [
          83.8208798,
          21.6536993
        ]
      },
      "properties": {
        "status": "dead",
        "confidence": 0.8085,
        "proj_x": 791961.6486,
        "proj_y": 2397150.6425
      }
    },
    {
      "type": "Feature",
      "geometry": {
        "type": "Point",
        "coordinates": [
          83.821107,
          21.6534948
        ]
      },
      "properties": {
        "status": "dead",
        "confidence": 1.0,
        "proj_x": 791985.5924,
        "proj_y": 2397128.4207
      }
    },
    {
      "type": "Feature",
      "geometry": {
        "type": "Point",
        "coordinates": [
          83.821081,
          21.6536686
        ]
      },
      "properties": {
        "status": "dead",
        "confidence": 1.0,
        "proj_x": 791982.5493,
        "proj_y": 2397147.623
      }
    },
    {
      "type": "Feature",
      "geometry": {
        "type": "Point",
        "coordinates": [
          83.8211366,
          21.6538706
        ]
      },
      "properties": {
        "status": "dead",
        "confidence": 0.9998,
        "proj_x": 791987.9042,
        "proj_y": 2397170.1042
      }
    },
    {
      "type": "Feature",
      "geometry": {
        "type": "Point",
        "coordinates": [
          83.8209828,
          21.6533653
        ]
      },
      "properties": {
        "status": "dead",
        "confidence": 0.9999,
        "proj_x": 791972.9953,
        "proj_y": 2397113.8421
      }
    },
    {
      "type": "Feature",
      "geometry": {
        "type": "Point",
        "coordinates": [
          83.8211655,
          21.6533765
        ]
      },
      "properties": {
        "status": "dead",
        "confidence": 1.0,
        "proj_x": 791991.8909,
        "proj_y": 2397115.4226
      }
    },
    {
      "type": "Feature",
      "geometry": {
        "type": "Point",
        "coordinates": [
          83.8212431,
          21.6538494
        ]
      },
      "properties": {
        "status": "dead",
        "confidence": 1.0,
        "proj_x": 791998.9679,
        "proj_y": 2397167.9575
      }
    },
    {
      "type": "Feature",
      "geometry": {
        "type": "Point",
        "coordinates": [
          83.8214538,
          21.6537244
        ]
      },
      "properties": {
        "status": "dead",
        "confidence": 0.9999,
        "proj_x": 792021.0482,
        "proj_y": 2397154.5112
      }
    },
    {
      "type": "Feature",
      "geometry": {
        "type": "Point",
        "coordinates": [
          83.8214655,
          21.6539163
        ]
      },
      "properties": {
        "status": "dead",
        "confidence": 0.9995,
        "proj_x": 792021.8738,
        "proj_y": 2397175.7894
      }
    },
    {
      "type": "Feature",
      "geometry": {
        "type": "Point",
        "coordinates": [
          83.8214699,
          21.653754
        ]
      },
      "properties": {
        "status": "dead",
        "confidence": 0.9997,
        "proj_x": 792022.6523,
        "proj_y": 2397157.8138
      }
    },
    {
      "type": "Feature",
      "geometry": {
        "type": "Point",
        "coordinates": [
          83.8209575,
          21.6533606
        ]
      },
      "properties": {
        "status": "dead",
        "confidence": 0.9999,
        "proj_x": 791970.3769,
        "proj_y": 2397113.2759
      }
    },
    {
      "type": "Feature",
      "geometry": {
        "type": "Point",
        "coordinates": [
          83.8209864,
          21.6533857
        ]
      },
      "properties": {
        "status": "dead",
        "confidence": 0.9993,
        "proj_x": 791973.3256,
        "proj_y": 2397116.1067
      }
    },
    {
      "type": "Feature",
      "geometry": {
        "type": "Point",
        "coordinates": [
          83.8210919,
          21.6535364
        ]
      },
      "properties": {
        "status": "dead",
        "confidence": 0.9969,
        "proj_x": 791983.9411,
        "proj_y": 2397132.9972
      }
    },
    {
      "type": "Feature",
      "geometry": {
        "type": "Point",
        "coordinates": [
          83.821366,
          21.6535319
        ]
      },
      "properties": {
        "status": "dead",
        "confidence": 1.0,
        "proj_x": 792012.3435,
        "proj_y": 2397133.0208
      }
    },
    {
      "type": "Feature",
      "geometry": {
        "type": "Point",
        "coordinates": [
          83.8213849,
          21.653939
        ]
      },
      "properties": {
        "status": "dead",
        "confidence": 1.0,
        "proj_x": 792013.4758,
        "proj_y": 2397178.1484
      }
    },
    {
      "type": "Feature",
      "geometry": {
        "type": "Point",
        "coordinates": [
          83.821458,
          21.653833
        ]
      },
      "properties": {
        "status": "dead",
        "confidence": 1.0,
        "proj_x": 792021.2605,
        "proj_y": 2397166.5421
      }
    },
    {
      "type": "Feature",
      "geometry": {
        "type": "Point",
        "coordinates": [
          83.8209246,
          21.65365
        ]
      },
      "properties": {
        "status": "dead",
        "confidence": 0.9999,
        "proj_x": 791966.3901,
        "proj_y": 2397145.264
      }
    },
    {
      "type": "Feature",
      "geometry": {
        "type": "Point",
        "coordinates": [
          83.8213939,
          21.6533468
        ]
      },
      "properties": {
        "status": "dead",
        "confidence": 1.0,
        "proj_x": 792015.5989,
        "proj_y": 2397112.5682
      }
    },
    {
      "type": "Feature",
      "geometry": {
        "type": "Point",
        "coordinates": [
          83.8208094,
          21.6535471
        ]
      },
      "properties": {
        "status": "dead",
        "confidence": 0.9998,
        "proj_x": 791954.6659,
        "proj_y": 2397133.6577
      }
    },
    {
      "type": "Feature",
      "geometry": {
        "type": "Point",
        "coordinates": [
          83.8209033,
          21.6538556
        ]
      },
      "properties": {
        "status": "dead",
        "confidence": 0.9992,
        "proj_x": 791963.7717,
        "proj_y": 2397168.0047
      }
    },
    {
      "type": "Feature",
      "geometry": {
        "type": "Point",
        "coordinates": [
          83.8210694,
          21.6538819
        ]
      },
      "properties": {
        "status": "dead",
        "confidence": 0.9968,
        "proj_x": 791980.9216,
        "proj_y": 2397171.2366
      }
    },
    {
      "type": "Feature",
      "geometry": {
        "type": "Point",
        "coordinates": [
          83.821171,
          21.6536956
        ]
      },
      "properties": {
        "status": "dead",
        "confidence": 1.0,
        "proj_x": 791991.8202,
        "proj_y": 2397150.784
      }
    },
    {
      "type": "Feature",
      "geometry": {
        "type": "Point",
        "coordinates": [
          83.8209857,
          21.6538985
        ]
      },
      "properties": {
        "status": "dead",
        "confidence": 1.0,
        "proj_x": 791972.2169,
        "proj_y": 2397172.9114
      }
    },
    {
      "type": "Feature",
      "geometry": {
        "type": "Point",
        "coordinates": [
          83.8214646,
          21.6538573
        ]
      },
      "properties": {
        "status": "dead",
        "confidence": 0.9999,
        "proj_x": 792021.8974,
        "proj_y": 2397169.255
      }
    },
    {
      "type": "Feature",
      "geometry": {
        "type": "Point",
        "coordinates": [
          83.8211502,
          21.6537718
        ]
      },
      "properties": {
        "status": "dead",
        "confidence": 1.0,
        "proj_x": 791989.5083,
        "proj_y": 2397159.1821
      }
    },
    {
      "type": "Feature",
      "geometry": {
        "type": "Point",
        "coordinates": [
          83.8210297,
          21.6534095
        ]
      },
      "properties": {
        "status": "dead",
        "confidence": 0.9995,
        "proj_x": 791977.7605,
        "proj_y": 2397118.8196
      }
    },
    {
      "type": "Feature",
      "geometry": {
        "type": "Point",
        "coordinates": [
          83.8213071,
          21.6533381
        ]
      },
      "properties": {
        "status": "dead",
        "confidence": 1.0,
        "proj_x": 792006.6347,
        "proj_y": 2397111.4359
      }
    },
    {
      "type": "Feature",
      "geometry": {
        "type": "Point",
        "coordinates": [
          83.8211385,
          21.6539421
        ]
      },
      "properties": {
        "status": "dead",
        "confidence": 1.0,
        "proj_x": 791987.9514,
        "proj_y": 2397178.0305
      }
    },
    {
      "type": "Feature",
      "geometry": {
        "type": "Point",
        "coordinates": [
          83.8212745,
          21.6537918
        ]
      },
      "properties": {
        "status": "dead",
        "confidence": 1.0,
        "proj_x": 792002.3413,
        "proj_y": 2397161.6354
      }
    },
    {
      "type": "Feature",
      "geometry": {
        "type": "Point",
        "coordinates": [
          83.8212774,
          21.6536584
        ]
      },
      "properties": {
        "status": "dead",
        "confidence": 0.7094,
        "proj_x": 792002.9075,
        "proj_y": 2397146.8681
      }
    },
    {
      "type": "Feature",
      "geometry": {
        "type": "Point",
        "coordinates": [
          83.8208583,
          21.6533325
        ]
      },
      "properties": {
        "status": "dead",
        "confidence": 0.9983,
        "proj_x": 791960.1624,
        "proj_y": 2397109.9733
      }
    },
    {
      "type": "Feature",
      "geometry": {
        "type": "Point",
        "coordinates": [
          83.8209588,
          21.6536502
        ]
      },
      "properties": {
        "status": "dead",
        "confidence": 0.9999,
        "proj_x": 791969.9286,
        "proj_y": 2397145.3583
      }
    },
    {
      "type": "Feature",
      "geometry": {
        "type": "Point",
        "coordinates": [
          83.8209949,
          21.6537497
        ]
      },
      "properties": {
        "status": "dead",
        "confidence": 1.0,
        "proj_x": 791973.4671,
        "proj_y": 2397156.4456
      }
    },
    {
      "type": "Feature",
      "geometry": {
        "type": "Point",
        "coordinates": [
          83.8214105,
          21.6533919
        ]
      },
      "properties": {
        "status": "dead",
        "confidence": 1.0,
        "proj_x": 792017.2266,
        "proj_y": 2397117.5929
      }
    },
    {
      "type": "Feature",
      "geometry": {
        "type": "Point",
        "coordinates": [
          83.8212296,
          21.6535426
        ]
      },
      "properties": {
        "status": "dead",
        "confidence": 0.9998,
        "proj_x": 791998.1895,
        "proj_y": 2397133.9408
      }
    },
    {
      "type": "Feature",
      "geometry": {
        "type": "Point",
        "coordinates": [
          83.8208104,
          21.6538687
        ]
      },
      "properties": {
        "status": "dead",
        "confidence": 1.0,
        "proj_x": 791954.1233,
        "proj_y": 2397169.2786
      }
    },
    {
      "type": "Feature",
      "geometry": {
        "type": "Point",
        "coordinates": [
          83.8208184,
          21.6538353
        ]
      },
      "properties": {
        "status": "dead",
        "confidence": 0.9999,
        "proj_x": 791955.0198,
        "proj_y": 2397165.5985
      }
    },
    {
      "type": "Feature",
      "geometry": {
        "type": "Point",
        "coordinates": [
          83.8209958,
          21.6539277
        ]
      },
      "properties": {
        "status": "dead",
        "confidence": 1.0,
        "proj_x": 791973.2076,
        "proj_y": 2397176.1669
      }
    },
    {
      "type": "Feature",
      "geometry": {
        "type": "Point",
        "coordinates": [
          83.8209346,
          21.6538689
        ]
      },
      "properties": {
        "status": "dead",
        "confidence": 0.9996,
        "proj_x": 791966.9799,
        "proj_y": 2397169.5381
      }
    },
    {
      "type": "Feature",
      "geometry": {
        "type": "Point",
        "coordinates": [
          83.8211343,
          21.6538938
        ]
      },
      "properties": {
        "status": "dead",
        "confidence": 1.0,
        "proj_x": 791987.6211,
        "proj_y": 2397172.6755
      }
    },
    {
      "type": "Feature",
      "geometry": {
        "type": "Point",
        "coordinates": [
          83.8211893,
          21.6537445
        ]
      },
      "properties": {
        "status": "dead",
        "confidence": 0.9961,
        "proj_x": 791993.613,
        "proj_y": 2397156.2333
      }
    },
    {
      "type": "Feature",
      "geometry": {
        "type": "Point",
        "coordinates": [
          83.821266,
          21.6534476
        ]
      },
      "properties": {
        "status": "dead",
        "confidence": 0.9994,
        "proj_x": 792002.1526,
        "proj_y": 2397123.4904
      }
    },
    {
      "type": "Feature",
      "geometry": {
        "type": "Point",
        "coordinates": [
          83.8208094,
          21.6538061
        ]
      },
      "properties": {
        "status": "dead",
        "confidence": 0.9999,
        "proj_x": 791954.1469,
        "proj_y": 2397162.3431
      }
    },
    {
      "type": "Feature",
      "geometry": {
        "type": "Point",
        "coordinates": [
          83.8209009,
          21.653839
        ]
      },
      "properties": {
        "status": "dead",
        "confidence": 0.9962,
        "proj_x": 791963.5593,
        "proj_y": 2397166.1647
      }
    },
    {
      "type": "Feature",
      "geometry": {
        "type": "Point",
        "coordinates": [
          83.8210717,
          21.6534354
        ]
      },
      "properties": {
        "status": "dead",
        "confidence": 1.0,
        "proj_x": 791982.0539,
        "proj_y": 2397121.7683
      }
    },
    {
      "type": "Feature",
      "geometry": {
        "type": "Point",
        "coordinates": [
          83.8212109,
          21.6537524
        ]
      },
      "properties": {
        "status": "dead",
        "confidence": 0.9997,
        "proj_x": 791995.8305,
        "proj_y": 2397157.1533
      }
    },
    {
      "type": "Feature",
      "geometry": {
        "type": "Point",
        "coordinates": [
          83.8213085,
          21.6537335
        ]
      },
      "properties": {
        "status": "dead",
        "confidence": 1.0,
        "proj_x": 792005.9742,
        "proj_y": 2397155.2425
      }
    },
    {
      "type": "Feature",
      "geometry": {
        "type": "Point",
        "coordinates": [
          83.8210339,
          21.6538236
        ]
      },
      "properties": {
        "status": "dead",
        "confidence": 0.9995,
        "proj_x": 791977.3595,
        "proj_y": 2397164.7021
      }
    },
    {
      "type": "Feature",
      "geometry": {
        "type": "Point",
        "coordinates": [
          83.8214669,
          21.6534964
        ]
      },
      "properties": {
        "status": "dead",
        "confidence": 0.9999,
        "proj_x": 792022.8646,
        "proj_y": 2397129.2699
      }
    },
    {
      "type": "Feature",
      "geometry": {
        "type": "Point",
        "coordinates": [
          83.8210895,
          21.6539091
        ]
      },
      "properties": {
        "status": "dead",
        "confidence": 1.0,
        "proj_x": 791982.9503,
        "proj_y": 2397174.2797
      }
    },
    {
      "type": "Feature",
      "geometry": {
        "type": "Point",
        "coordinates": [
          83.8213136,
          21.6534376
        ]
      },
      "properties": {
        "status": "dead",
        "confidence": 1.0,
        "proj_x": 792007.1065,
        "proj_y": 2397122.476
      }
    },
    {
      "type": "Feature",
      "geometry": {
        "type": "Point",
        "coordinates": [
          83.8209277,
          21.6535651
        ]
      },
      "properties": {
        "status": "dead",
        "confidence": 0.9956,
        "proj_x": 791966.8855,
        "proj_y": 2397135.8751
      }
    },
    {
      "type": "Feature",
      "geometry": {
        "type": "Point",
        "coordinates": [
          83.8208363,
          21.653891
        ]
      },
      "properties": {
        "status": "dead",
        "confidence": 1.0,
        "proj_x": 791956.7654,
        "proj_y": 2397171.8027
      }
    },
    {
      "type": "Feature",
      "geometry": {
        "type": "Point",
        "coordinates": [
          83.8212244,
          21.6533691
        ]
      },
      "properties": {
        "status": "dead",
        "confidence": 1.0,
        "proj_x": 791998.0007,
        "proj_y": 2397114.7149
      }
    },
    {
      "type": "Feature",
      "geometry": {
        "type": "Point",
        "coordinates": [
          83.8213791,
          21.6534086
        ]
      },
      "properties": {
        "status": "dead",
        "confidence": 1.0,
        "proj_x": 792013.9476,
        "proj_y": 2397119.3857
      }
    },
    {
      "type": "Feature",
      "geometry": {
        "type": "Point",
        "coordinates": [
          83.8212442,
          21.6534177
        ]
      },
      "properties": {
        "status": "dead",
        "confidence": 0.9948,
        "proj_x": 791999.9587,
        "proj_y": 2397120.1406
      }
    },
    {
      "type": "Feature",
      "geometry": {
        "type": "Point",
        "coordinates": [
          83.8210376,
          21.6533836
        ]
      },
      "properties": {
        "status": "dead",
        "confidence": 1.0,
        "proj_x": 791978.6334,
        "proj_y": 2397115.9652
      }
    },
    {
      "type": "Feature",
      "geometry": {
        "type": "Point",
        "coordinates": [
          83.8210829,
          21.6535225
        ]
      },
      "properties": {
        "status": "dead",
        "confidence": 0.9989,
        "proj_x": 791983.0447,
        "proj_y": 2397131.4402
      }
    },
    {
      "type": "Feature",
      "geometry": {
        "type": "Point",
        "coordinates": [
          83.820825,
          21.6535675
        ]
      },
      "properties": {
        "status": "dead",
        "confidence": 1.0,
        "proj_x": 791956.2464,
        "proj_y": 2397135.9459
      }
    },
    {
      "type": "Feature",
      "geometry": {
        "type": "Point",
        "coordinates": [
          83.8213581,
          21.653357
        ]
      },
      "properties": {
        "status": "dead",
        "confidence": 1.0,
        "proj_x": 792011.8717,
        "proj_y": 2397113.6298
      }
    },
    {
      "type": "Feature",
      "geometry": {
        "type": "Point",
        "coordinates": [
          83.8221367,
          21.6537833
        ]
      },
      "properties": {
        "status": "dead",
        "confidence": 0.9955,
        "proj_x": 792091.653,
        "proj_y": 2397162.3195
      }
    },
    {
      "type": "Feature",
      "geometry": {
        "type": "Point",
        "coordinates": [
          83.8219775,
          21.653723
        ]
      },
      "properties": {
        "status": "dead",
        "confidence": 1.0,
        "proj_x": 792075.2816,
        "proj_y": 2397155.3369
      }
    },
    {
      "type": "Feature",
      "geometry": {
        "type": "Point",
        "coordinates": [
          83.8220223,
          21.6533349
        ]
      },
      "properties": {
        "status": "dead",
        "confidence": 1.0,
        "proj_x": 792080.7073,
        "proj_y": 2397112.4267
      }
    },
    {
      "type": "Feature",
      "geometry": {
        "type": "Point",
        "coordinates": [
          83.8221214,
          21.6534495
        ]
      },
      "properties": {
        "status": "dead",
        "confidence": 0.9998,
        "proj_x": 792090.733,
        "proj_y": 2397125.3068
      }
    },
    {
      "type": "Feature",
      "geometry": {
        "type": "Point",
        "coordinates": [
          83.8217537,
          21.6532973
        ]
      },
      "properties": {
        "status": "dead",
        "confidence": 0.9999,
        "proj_x": 792052.9654,
        "proj_y": 2397107.7559
      }
    },
    {
      "type": "Feature",
      "geometry": {
        "type": "Point",
        "coordinates": [
          83.821838,
          21.6536702
        ]
      },
      "properties": {
        "status": "dead",
        "confidence": 1.0,
        "proj_x": 792060.9389,
        "proj_y": 2397149.2271
      }
    },
    {
      "type": "Feature",
      "geometry": {
        "type": "Point",
        "coordinates": [
          83.8215986,
          21.6538595
        ]
      },
      "properties": {
        "status": "dead",
        "confidence": 0.9924,
        "proj_x": 792035.7683,
        "proj_y": 2397169.7504
      }
    },
    {
      "type": "Feature",
      "geometry": {
        "type": "Point",
        "coordinates": [
          83.821982,
          21.6538986
        ]
      },
      "properties": {
        "status": "dead",
        "confidence": 1.0,
        "proj_x": 792075.3995,
        "proj_y": 2397174.7986
      }
    },
    {
      "type": "Feature",
      "geometry": {
        "type": "Point",
        "coordinates": [
          83.8219846,
          21.6535951
        ]
      },
      "properties": {
        "status": "dead",
        "confidence": 0.9823,
        "proj_x": 792076.2724,
        "proj_y": 2397141.1829
      }
    },
    {
      "type": "Feature",
      "geometry": {
        "type": "Point",
        "coordinates": [
          83.8217259,
          21.6534615
        ]
      },
      "properties": {
        "status": "dead",
        "confidence": 0.9996,
        "proj_x": 792049.7572,
        "proj_y": 2397125.8966
      }
    },
    {
      "type": "Feature",
      "geometry": {
        "type": "Point",
        "coordinates": [
          83.8220362,
          21.6536981
        ]
      },
      "properties": {
        "status": "dead",
        "confidence": 0.9982,
        "proj_x": 792081.415,
        "proj_y": 2397152.6948
      }
    },
    {
      "type": "Feature",
      "geometry": {
        "type": "Point",
        "coordinates": [
          83.822034,
          21.6533941
        ]
      },
      "properties": {
        "status": "dead",
        "confidence": 1.0,
        "proj_x": 792081.7924,
        "proj_y": 2397119.0083
      }
    },
    {
      "type": "Feature",
      "geometry": {
        "type": "Point",
        "coordinates": [
          83.822066,
          21.653625
        ]
      },
      "properties": {
        "status": "dead",
        "confidence": 0.9998,
        "proj_x": 792084.6468,
        "proj_y": 2397144.6506
      }
    },
    {
      "type": "Feature",
      "geometry": {
        "type": "Point",
        "coordinates": [
          83.8221458,
          21.6537225
        ]
      },
      "properties": {
        "status": "dead",
        "confidence": 0.9818,
        "proj_x": 792092.7146,
        "proj_y": 2397155.5964
      }
    },
    {
      "type": "Feature",
      "geometry": {
        "type": "Point",
        "coordinates": [
          83.821753,
          21.6538207
        ]
      },
      "properties": {
        "status": "dead",
        "confidence": 0.9999,
        "proj_x": 792051.8331,
        "proj_y": 2397165.7401
      }
    },
    {
      "type": "Feature",
      "geometry": {
        "type": "Point",
        "coordinates": [
          83.8218733,
          21.6534511
        ]
      },
      "properties": {
        "status": "dead",
        "confidence": 0.9992,
        "proj_x": 792065.0435,
        "proj_y": 2397125.0237
      }
    },
    {
      "type": "Feature",
      "geometry": {
        "type": "Point",
        "coordinates": [
          83.8219471,
          21.6533572
        ]
      },
      "properties": {
        "status": "dead",
        "confidence": 1.0,
        "proj_x": 792072.8754,
        "proj_y": 2397114.7621
      }
    },
    {
      "type": "Feature",
      "geometry": {
        "type": "Point",
        "coordinates": [
          83.822055,
          21.6539042
        ]
      },
      "properties": {
        "status": "dead",
        "confidence": 0.9202,
        "proj_x": 792082.9483,
        "proj_y": 2397175.5535
      }
    },
    {
      "type": "Feature",
      "geometry": {
        "type": "Point",
        "coordinates": [
          83.8220867,
          21.6536345
        ]
      },
      "properties": {
        "status": "dead",
        "confidence": 1.0,
        "proj_x": 792086.7699,
        "proj_y": 2397145.7358
      }
    },
    {
      "type": "Feature",
      "geometry": {
        "type": "Point",
        "coordinates": [
          83.821576,
          21.6537513
        ]
      },
      "properties": {
        "status": "dead",
        "confidence": 0.9999,
        "proj_x": 792033.6452,
        "proj_y": 2397157.7195
      }
    },
    {
      "type": "Feature",
      "geometry": {
        "type": "Point",
        "coordinates": [
          83.8216301,
          21.6535941
        ]
      },
      "properties": {
        "status": "dead",
        "confidence": 0.9982,
        "proj_x": 792039.5663,
        "proj_y": 2397140.4044
      }
    },
    {
      "type": "Feature",
      "geometry": {
        "type": "Point",
        "coordinates": [
          83.8217189,
          21.6537693
        ]
      },
      "properties": {
        "status": "dead",
        "confidence": 0.9998,
        "proj_x": 792048.4126,
        "proj_y": 2397159.9841
      }
    },
    {
      "type": "Feature",
      "geometry": {
        "type": "Point",
        "coordinates": [
          83.8219577,
          21.6535726
        ]
      },
      "properties": {
        "status": "dead",
        "confidence": 0.9999,
        "proj_x": 792073.5359,
        "proj_y": 2397138.6352
      }
    },
    {
      "type": "Feature",
      "geometry": {
        "type": "Point",
        "coordinates": [
          83.8221319,
          21.653839
        ]
      },
      "properties": {
        "status": "dead",
        "confidence": 0.9998,
        "proj_x": 792091.0397,
        "proj_y": 2397168.4765
      }
    },
    {
      "type": "Feature",
      "geometry": {
        "type": "Point",
        "coordinates": [
          83.8215065,
          21.6535628
        ]
      },
      "properties": {
        "status": "dead",
        "confidence": 1.0,
        "proj_x": 792026.8277,
        "proj_y": 2397136.7008
      }
    },
    {
      "type": "Feature",
      "geometry": {
        "type": "Point",
        "coordinates": [
          83.8216446,
          21.6538717
        ]
      },
      "properties": {
        "status": "dead",
        "confidence": 0.9994,
        "proj_x": 792040.5099,
        "proj_y": 2397171.1894
      }
    },
    {
      "type": "Feature",
      "geometry": {
        "type": "Point",
        "coordinates": [
          83.821868,
          21.6538545
        ]
      },
      "properties": {
        "status": "dead",
        "confidence": 0.9999,
        "proj_x": 792063.6753,
        "proj_y": 2397169.7032
      }
    },
    {
      "type": "Feature",
      "geometry": {
        "type": "Point",
        "coordinates": [
          83.8219383,
          21.6537471
        ]
      },
      "properties": {
        "status": "dead",
        "confidence": 0.9999,
        "proj_x": 792071.1769,
        "proj_y": 2397157.9318
      }
    },
    {
      "type": "Feature",
      "geometry": {
        "type": "Point",
        "coordinates": [
          83.8215792,
          21.6533654
        ]
      },
      "properties": {
        "status": "dead",
        "confidence": 1.0,
        "proj_x": 792034.754,
        "proj_y": 2397114.9744
      }
    },
    {
      "type": "Feature",
      "geometry": {
        "type": "Point",
        "coordinates": [
          83.8217794,
          21.6535168
        ]
      },
      "properties": {
        "status": "dead",
        "confidence": 1.0,
        "proj_x": 792055.1829,
        "proj_y": 2397132.1243
      }
    },
    {
      "type": "Feature",
      "geometry": {
        "type": "Point",
        "coordinates": [
          83.8216898,
          21.6534677
        ]
      },
      "properties": {
        "status": "dead",
        "confidence": 0.9999,
        "proj_x": 792046.0064,
        "proj_y": 2397126.5099
      }
    },
    {
      "type": "Feature",
      "geometry": {
        "type": "Point",
        "coordinates": [
          83.8217966,
          21.6535691
        ]
      },
      "properties": {
        "status": "dead",
        "confidence": 0.9998,
        "proj_x": 792056.8578,
        "proj_y": 2397137.9511
      }
    },
    {
      "type": "Feature",
      "geometry": {
        "type": "Point",
        "coordinates": [
          83.8218379,
          21.6538065
        ]
      },
      "properties": {
        "status": "dead",
        "confidence": 0.9999,
        "proj_x": 792060.6558,
        "proj_y": 2397164.3247
      }
    },
    {
      "type": "Feature",
      "geometry": {
        "type": "Point",
        "coordinates": [
          83.8218563,
          21.6537938
        ]
      },
      "properties": {
        "status": "dead",
        "confidence": 1.0,
        "proj_x": 792062.5902,
        "proj_y": 2397162.9565
      }
    },
    {
      "type": "Feature",
      "geometry": {
        "type": "Point",
        "coordinates": [
          83.8218744,
          21.6534134
        ]
      },
      "properties": {
        "status": "dead",
        "confidence": 0.9969,
        "proj_x": 792065.2322,
        "proj_y": 2397120.8483
      }
    },
    {
      "type": "Feature",
      "geometry": {
        "type": "Point",
        "coordinates": [
          83.8221456,
          21.6536628
        ]
      },
      "properties": {
        "status": "dead",
        "confidence": 1.0,
        "proj_x": 792092.809,
        "proj_y": 2397148.9912
      }
    },
    {
      "type": "Feature",
      "geometry": {
        "type": "Point",
        "coordinates": [
          83.8219084,
          21.6537073
        ]
      },
      "properties": {
        "status": "dead",
        "confidence": 1.0,
        "proj_x": 792068.1574,
        "proj_y": 2397153.4733
      }
    },
    {
      "type": "Feature",
      "geometry": {
        "type": "Point",
        "coordinates": [
          83.8215093,
          21.6534618
        ]
      },
      "properties": {
        "status": "dead",
        "confidence": 1.0,
        "proj_x": 792027.3231,
        "proj_y": 2397125.5191
      }
    },
    {
      "type": "Feature",
      "geometry": {
        "type": "Point",
        "coordinates": [
          83.8215505,
          21.6533889
        ]
      },
      "properties": {
        "status": "dead",
        "confidence": 1.0,
        "proj_x": 792031.7344,
        "proj_y": 2397117.5221
      }
    },
    {
      "type": "Feature",
      "geometry": {
        "type": "Point",
        "coordinates": [
          83.8215664,
          21.6535754
        ]
      },
      "properties": {
        "status": "dead",
        "confidence": 1.0,
        "proj_x": 792033.0083,
        "proj_y": 2397138.2105
      }
    },
    {
      "type": "Feature",
      "geometry": {
        "type": "Point",
        "coordinates": [
          83.8215933,
          21.653764
        ]
      },
      "properties": {
        "status": "dead",
        "confidence": 0.9999,
        "proj_x": 792035.4145,
        "proj_y": 2397159.1585
      }
    },
    {
      "type": "Feature",
      "geometry": {
        "type": "Point",
        "coordinates": [
          83.8215951,
          21.6533308
        ]
      },
      "properties": {
        "status": "dead",
        "confidence": 1.0,
        "proj_x": 792036.476,
        "proj_y": 2397111.1764
      }
    },
    {
      "type": "Feature",
      "geometry": {
        "type": "Point",
        "coordinates": [
          83.8216429,
          21.6538077
        ]
      },
      "properties": {
        "status": "dead",
        "confidence": 1.0,
        "proj_x": 792040.4627,
        "proj_y": 2397164.0888
      }
    },
    {
      "type": "Feature",
      "geometry": {
        "type": "Point",
        "coordinates": [
          83.8216763,
          21.6534406
        ]
      },
      "properties": {
        "status": "dead",
        "confidence": 1.0,
        "proj_x": 792044.6618,
        "proj_y": 2397123.4904
      }
    },
    {
      "type": "Feature",
      "geometry": {
        "type": "Point",
        "coordinates": [
          83.8217759,
          21.6538546
        ]
      },
      "properties": {
        "status": "dead",
        "confidence": 1.0,
        "proj_x": 792054.1449,
        "proj_y": 2397169.5381
      }
    },
    {
      "type": "Feature",
      "geometry": {
        "type": "Point",
        "coordinates": [
          83.8219889,
          21.6538293
        ]
      },
      "properties": {
        "status": "dead",
        "confidence": 0.972,
        "proj_x": 792076.2488,
        "proj_y": 2397167.1319
      }
    },
    {
      "type": "Feature",
      "geometry": {
        "type": "Point",
        "coordinates": [
          83.8219841,
          21.6534207
        ]
      },
      "properties": {
        "status": "dead",
        "confidence": 1.0,
        "proj_x": 792076.579,
        "proj_y": 2397121.8627
      }
    },
    {
      "type": "Feature",
      "geometry": {
        "type": "Point",
        "coordinates": [
          83.8215715,
          21.6534641
        ]
      },
      "properties": {
        "status": "dead",
        "confidence": 1.0,
        "proj_x": 792033.7632,
        "proj_y": 2397125.8966
      }
    },
    {
      "type": "Feature",
      "geometry": {
        "type": "Point",
        "coordinates": [
          83.8216275,
          21.6536484
        ]
      },
      "properties": {
        "status": "dead",
        "confidence": 0.9979,
        "proj_x": 792039.1889,
        "proj_y": 2397146.4199
      }
    },
    {
      "type": "Feature",
      "geometry": {
        "type": "Point",
        "coordinates": [
          83.8218801,
          21.6537757
        ]
      },
      "properties": {
        "status": "dead",
        "confidence": 1.0,
        "proj_x": 792065.0907,
        "proj_y": 2397160.9985
      }
    },
    {
      "type": "Feature",
      "geometry": {
        "type": "Point",
        "coordinates": [
          83.8218834,
          21.6534305
        ]
      },
      "properties": {
        "status": "dead",
        "confidence": 1.0,
        "proj_x": 792066.1287,
        "proj_y": 2397122.7591
      }
    },
    {
      "type": "Feature",
      "geometry": {
        "type": "Point",
        "coordinates": [
          83.821973,
          21.6533506
        ]
      },
      "properties": {
        "status": "dead",
        "confidence": 1.0,
        "proj_x": 792075.5647,
        "proj_y": 2397114.078
      }
    },
    {
      "type": "Feature",
      "geometry": {
        "type": "Point",
        "coordinates": [
          83.8219855,
          21.653634
        ]
      },
      "properties": {
        "status": "dead",
        "confidence": 0.9992,
        "proj_x": 792076.296,
        "proj_y": 2397145.4999
      }
    },
    {
      "type": "Feature",
      "geometry": {
        "type": "Point",
        "coordinates": [
          83.8216388,
          21.6535115
        ]
      },
      "properties": {
        "status": "dead",
        "confidence": 0.9999,
        "proj_x": 792040.6279,
        "proj_y": 2397131.2751
      }
    },
    {
      "type": "Feature",
      "geometry": {
        "type": "Point",
        "coordinates": [
          83.8216451,
          21.653754
        ]
      },
      "properties": {
        "status": "dead",
        "confidence": 0.9998,
        "proj_x": 792040.793,
        "proj_y": 2397158.1441
      }
    },
    {
      "type": "Feature",
      "geometry": {
        "type": "Point",
        "coordinates": [
          83.8216884,
          21.6535948
        ]
      },
      "properties": {
        "status": "dead",
        "confidence": 0.9933,
        "proj_x": 792045.6054,
        "proj_y": 2397140.5931
      }
    },
    {
      "type": "Feature",
      "geometry": {
        "type": "Point",
        "coordinates": [
          83.8220017,
          21.6536553
        ]
      },
      "properties": {
        "status": "dead",
        "confidence": 0.9809,
        "proj_x": 792077.9237,
        "proj_y": 2397147.8824
      }
    },
    {
      "type": "Feature",
      "geometry": {
        "type": "Point",
        "coordinates": [
          83.8215469,
          21.6536247
        ]
      },
      "properties": {
        "status": "dead",
        "confidence": 0.9941,
        "proj_x": 792030.8852,
        "proj_y": 2397143.6362
      }
    },
    {
      "type": "Feature",
      "geometry": {
        "type": "Point",
        "coordinates": [
          83.8218257,
          21.6533895
        ]
      },
      "properties": {
        "status": "dead",
        "confidence": 1.0,
        "proj_x": 792060.2312,
        "proj_y": 2397118.1119
      }
    },
    {
      "type": "Feature",
      "geometry": {
        "type": "Point",
        "coordinates": [
          83.821948,
          21.6536692
        ]
      },
      "properties": {
        "status": "dead",
        "confidence": 1.0,
        "proj_x": 792072.3328,
        "proj_y": 2397149.3214
      }
    },
    {
      "type": "Feature",
      "geometry": {
        "type": "Point",
        "coordinates": [
          83.8220627,
          21.6537239
        ]
      },
      "properties": {
        "status": "dead",
        "confidence": 0.9947,
        "proj_x": 792084.1042,
        "proj_y": 2397155.5964
      }
    },
    {
      "type": "Feature",
      "geometry": {
        "type": "Point",
        "coordinates": [
          83.8214963,
          21.6533185
        ]
      },
      "properties": {
        "status": "dead",
        "confidence": 1.0,
        "proj_x": 792026.2616,
        "proj_y": 2397109.6195
      }
    },
    {
      "type": "Feature",
      "geometry": {
        "type": "Point",
        "coordinates": [
          83.8216053,
          21.6538271
        ]
      },
      "properties": {
        "status": "dead",
        "confidence": 0.9992,
        "proj_x": 792036.5232,
        "proj_y": 2397166.1647
      }
    },
    {
      "type": "Feature",
      "geometry": {
        "type": "Point",
        "coordinates": [
          83.8220057,
          21.6538594
        ]
      },
      "properties": {
        "status": "dead",
        "confidence": 1.0,
        "proj_x": 792077.9237,
        "proj_y": 2397170.5053
      }
    },
    {
      "type": "Feature",
      "geometry": {
        "type": "Point",
        "coordinates": [
          83.8218026,
          21.6532947
        ]
      },
      "properties": {
        "status": "dead",
        "confidence": 1.0,
        "proj_x": 792058.0373,
        "proj_y": 2397107.5671
      }
    },
    {
      "type": "Feature",
      "geometry": {
        "type": "Point",
        "coordinates": [
          83.8215645,
          21.6536284
        ]
      },
      "properties": {
        "status": "dead",
        "confidence": 1.0,
        "proj_x": 792032.7016,
        "proj_y": 2397144.0845
      }
    },
    {
      "type": "Feature",
      "geometry": {
        "type": "Point",
        "coordinates": [
          83.8215835,
          21.6535048
        ]
      },
      "properties": {
        "status": "dead",
        "confidence": 0.9996,
        "proj_x": 792034.9191,
        "proj_y": 2397130.4259
      }
    },
    {
      "type": "Feature",
      "geometry": {
        "type": "Point",
        "coordinates": [
          83.8216426,
          21.6536952
        ]
      },
      "properties": {
        "status": "dead",
        "confidence": 0.9999,
        "proj_x": 792040.6515,
        "proj_y": 2397151.6333
      }
    },
    {
      "type": "Feature",
      "geometry": {
        "type": "Point",
        "coordinates": [
          83.8218206,
          21.6533021
        ]
      },
      "properties": {
        "status": "dead",
        "confidence": 1.0,
        "proj_x": 792059.8773,
        "proj_y": 2397108.4164
      }
    },
    {
      "type": "Feature",
      "geometry": {
        "type": "Point",
        "coordinates": [
          83.8218621,
          21.65347
        ]
      },
      "properties": {
        "status": "dead",
        "confidence": 0.9999,
        "proj_x": 792063.8404,
        "proj_y": 2397127.0997
      }
    },
    {
      "type": "Feature",
      "geometry": {
        "type": "Point",
        "coordinates": [
          83.8219089,
          21.6533828
        ]
      },
      "properties": {
        "status": "dead",
        "confidence": 0.9999,
        "proj_x": 792068.8651,
        "proj_y": 2397117.5221
      }
    },
    {
      "type": "Feature",
      "geometry": {
        "type": "Point",
        "coordinates": [
          83.8220985,
          21.6538091
        ]
      },
      "properties": {
        "status": "dead",
        "confidence": 0.9985,
        "proj_x": 792087.6427,
        "proj_y": 2397165.1032
      }
    },
    {
      "type": "Feature",
      "geometry": {
        "type": "Point",
        "coordinates": [
          83.8217022,
          21.6537775
        ]
      },
      "properties": {
        "status": "dead",
        "confidence": 1.0,
        "proj_x": 792046.6669,
        "proj_y": 2397160.8569
      }
    },
    {
      "type": "Feature",
      "geometry": {
        "type": "Point",
        "coordinates": [
          83.8217655,
          21.6533782
        ]
      },
      "properties": {
        "status": "dead",
        "confidence": 1.0,
        "proj_x": 792054.027,
        "proj_y": 2397116.7437
      }
    },
    {
      "type": "Feature",
      "geometry": {
        "type": "Point",
        "coordinates": [
          83.8218722,
          21.6536952
        ]
      },
      "properties": {
        "status": "dead",
        "confidence": 0.9999,
        "proj_x": 792064.4302,
        "proj_y": 2397152.0579
      }
    },
    {
      "type": "Feature",
      "geometry": {
        "type": "Point",
        "coordinates": [
          83.8215132,
          21.6533086
        ]
      },
      "properties": {
        "status": "dead",
        "confidence": 0.9999,
        "proj_x": 792028.0308,
        "proj_y": 2397108.5579
      }
    },
    {
      "type": "Feature",
      "geometry": {
        "type": "Point",
        "coordinates": [
          83.8216882,
          21.6533836
        ]
      },
      "properties": {
        "status": "dead",
        "confidence": 0.9999,
        "proj_x": 792046.0064,
        "proj_y": 2397117.1919
      }
    },
    {
      "type": "Feature",
      "geometry": {
        "type": "Point",
        "coordinates": [
          83.8217616,
          21.653561
        ]
      },
      "properties": {
        "status": "dead",
        "confidence": 0.9987,
        "proj_x": 792053.2485,
        "proj_y": 2397136.9839
      }
    },
    {
      "type": "Feature",
      "geometry": {
        "type": "Point",
        "coordinates": [
          83.8215103,
          21.6536402
        ]
      },
      "properties": {
        "status": "dead",
        "confidence": 0.9992,
        "proj_x": 792027.0636,
        "proj_y": 2397145.2876
      }
    },
    {
      "type": "Feature",
      "geometry": {
        "type": "Point",
        "coordinates": [
          83.8220609,
          21.6538664
        ]
      },
      "properties": {
        "status": "dead",
        "confidence": 1.0,
        "proj_x": 792083.6324,
        "proj_y": 2397171.3781
      }
    },
    {
      "type": "Feature",
      "geometry": {
        "type": "Point",
        "coordinates": [
          83.8216069,
          21.6533051
        ]
      },
      "properties": {
        "status": "dead",
        "confidence": 0.8491,
        "proj_x": 792037.7499,
        "proj_y": 2397108.3456
      }
    },
    {
      "type": "Feature",
      "geometry": {
        "type": "Point",
        "coordinates": [
          83.8217297,
          21.6534312
        ]
      },
      "properties": {
        "status": "dead",
        "confidence": 0.9998,
        "proj_x": 792050.2054,
        "proj_y": 2397122.5468
      }
    },
    {
      "type": "Feature",
      "geometry": {
        "type": "Point",
        "coordinates": [
          83.8216705,
          21.6533417
        ]
      },
      "properties": {
        "status": "dead",
        "confidence": 1.0,
        "proj_x": 792044.2607,
        "proj_y": 2397112.521
      }
    },
    {
      "type": "Feature",
      "geometry": {
        "type": "Point",
        "coordinates": [
          83.8217013,
          21.6535784
        ]
      },
      "properties": {
        "status": "dead",
        "confidence": 0.9955,
        "proj_x": 792046.9736,
        "proj_y": 2397138.8003
      }
    },
    {
      "type": "Feature",
      "geometry": {
        "type": "Point",
        "coordinates": [
          83.8217473,
          21.6533902
        ]
      },
      "properties": {
        "status": "dead",
        "confidence": 1.0,
        "proj_x": 792052.1162,
        "proj_y": 2397118.0411
      }
    },
    {
      "type": "Feature",
      "geometry": {
        "type": "Point",
        "coordinates": [
          83.8221372,
          21.6537362
        ]
      },
      "properties": {
        "status": "dead",
        "confidence": 0.7207,
        "proj_x": 792091.7946,
        "proj_y": 2397157.1061
      }
    },
    {
      "type": "Feature",
      "geometry": {
        "type": "Point",
        "coordinates": [
          83.8215884,
          21.6534666
        ]
      },
      "properties": {
        "status": "dead",
        "confidence": 0.9999,
        "proj_x": 792035.5088,
        "proj_y": 2397126.2032
      }
    },
    {
      "type": "Feature",
      "geometry": {
        "type": "Point",
        "coordinates": [
          83.8216063,
          21.6535415
        ]
      },
      "properties": {
        "status": "dead",
        "confidence": 0.9976,
        "proj_x": 792037.2073,
        "proj_y": 2397134.5305
      }
    },
    {
      "type": "Feature",
      "geometry": {
        "type": "Point",
        "coordinates": [
          83.8216936,
          21.6534035
        ]
      },
      "properties": {
        "status": "dead",
        "confidence": 0.9996,
        "proj_x": 792046.5254,
        "proj_y": 2397119.4093
      }
    },
    {
      "type": "Feature",
      "geometry": {
        "type": "Point",
        "coordinates": [
          83.8219897,
          21.6533448
        ]
      },
      "properties": {
        "status": "dead",
        "confidence": 1.0,
        "proj_x": 792077.3103,
        "proj_y": 2397113.4646
      }
    },
    {
      "type": "Feature",
      "geometry": {
        "type": "Point",
        "coordinates": [
          83.8216319,
          21.6534744
        ]
      },
      "properties": {
        "status": "dead",
        "confidence": 1.0,
        "proj_x": 792039.9909,
        "proj_y": 2397127.1468
      }
    },
    {
      "type": "Feature",
      "geometry": {
        "type": "Point",
        "coordinates": [
          83.8214991,
          21.6535243
        ]
      },
      "properties": {
        "status": "dead",
        "confidence": 0.9997,
        "proj_x": 792026.1436,
        "proj_y": 2397132.431
      }
    },
    {
      "type": "Feature",
      "geometry": {
        "type": "Point",
        "coordinates": [
          83.8218548,
          21.6534467
        ]
      },
      "properties": {
        "status": "dead",
        "confidence": 1.0,
        "proj_x": 792063.1327,
        "proj_y": 2397124.5048
      }
    },
    {
      "type": "Feature",
      "geometry": {
        "type": "Point",
        "coordinates": [
          83.8219516,
          21.6539266
        ]
      },
      "properties": {
        "status": "dead",
        "confidence": 0.9999,
        "proj_x": 792072.1913,
        "proj_y": 2397177.8418
      }
    },
    {
      "type": "Feature",
      "geometry": {
        "type": "Point",
        "coordinates": [
          83.8215229,
          21.6533736
        ]
      },
      "properties": {
        "status": "dead",
        "confidence": 0.9999,
        "proj_x": 792028.9036,
        "proj_y": 2397115.7765
      }
    },
    {
      "type": "Feature",
      "geometry": {
        "type": "Point",
        "coordinates": [
          83.8215466,
          21.6537297
        ]
      },
      "properties": {
        "status": "dead",
        "confidence": 0.9999,
        "proj_x": 792030.6493,
        "proj_y": 2397155.2661
      }
    },
    {
      "type": "Feature",
      "geometry": {
        "type": "Point",
        "coordinates": [
          83.821545,
          21.6537508
        ]
      },
      "properties": {
        "status": "dead",
        "confidence": 1.0,
        "proj_x": 792030.437,
        "proj_y": 2397157.6015
      }
    },
    {
      "type": "Feature",
      "geometry": {
        "type": "Point",
        "coordinates": [
          83.8220514,
          21.653423
        ]
      },
      "properties": {
        "status": "dead",
        "confidence": 0.8361,
        "proj_x": 792083.5381,
        "proj_y": 2397122.2401
      }
    },
    {
      "type": "Feature",
      "geometry": {
        "type": "Point",
        "coordinates": [
          83.8219971,
          21.6535135
        ]
      },
      "properties": {
        "status": "dead",
        "confidence": 1.0,
        "proj_x": 792077.7349,
        "proj_y": 2397132.1715
      }
    },
    {
      "type": "Feature",
      "geometry": {
        "type": "Point",
        "coordinates": [
          83.8217981,
          21.6534503
        ]
      },
      "properties": {
        "status": "dead",
        "confidence": 1.0,
        "proj_x": 792057.2588,
        "proj_y": 2397124.7878
      }
    },
    {
      "type": "Feature",
      "geometry": {
        "type": "Point",
        "coordinates": [
          83.8218269,
          21.6534187
        ]
      },
      "properties": {
        "status": "dead",
        "confidence": 0.9995,
        "proj_x": 792060.3019,
        "proj_y": 2397121.3437
      }
    },
    {
      "type": "Feature",
      "geometry": {
        "type": "Point",
        "coordinates": [
          83.8217506,
          21.6534279
        ]
      },
      "properties": {
        "status": "dead",
        "confidence": 0.9999,
        "proj_x": 792052.3757,
        "proj_y": 2397122.2165
      }
    },
    {
      "type": "Feature",
      "geometry": {
        "type": "Point",
        "coordinates": [
          83.8216346,
          21.6535659
        ]
      },
      "properties": {
        "status": "dead",
        "confidence": 0.9985,
        "proj_x": 792040.0853,
        "proj_y": 2397137.2905
      }
    },
    {
      "type": "Feature",
      "geometry": {
        "type": "Point",
        "coordinates": [
          83.8216274,
          21.653688
        ]
      },
      "properties": {
        "status": "dead",
        "confidence": 0.9991,
        "proj_x": 792039.0945,
        "proj_y": 2397150.8076
      }
    },
    {
      "type": "Feature",
      "geometry": {
        "type": "Point",
        "coordinates": [
          83.8221621,
          21.6537754
        ]
      },
      "properties": {
        "status": "dead",
        "confidence": 0.9865,
        "proj_x": 792094.2951,
        "proj_y": 2397161.4939
      }
    },
    {
      "type": "Feature",
      "geometry": {
        "type": "Point",
        "coordinates": [
          83.8222214,
          21.6534499
        ]
      },
      "properties": {
        "status": "dead",
        "confidence": 1.0,
        "proj_x": 792101.089,
        "proj_y": 2397125.5427
      }
    },
    {
      "type": "Feature",
      "geometry": {
        "type": "Point",
        "coordinates": [
          83.8185793,
          21.6528059
        ]
      },
      "properties": {
        "status": "dead",
        "confidence": 0.9999,
        "proj_x": 791725.206,
        "proj_y": 2397047.3419
      }
    },
    {
      "type": "Feature",
      "geometry": {
        "type": "Point",
        "coordinates": [
          83.8182884,
          21.6527488
        ]
      },
      "properties": {
        "status": "dead",
        "confidence": 1.0,
        "proj_x": 791695.1995,
        "proj_y": 2397040.4772
      }
    },
    {
      "type": "Feature",
      "geometry": {
        "type": "Point",
        "coordinates": [
          83.8185872,
          21.6530713
        ]
      },
      "properties": {
        "status": "dead",
        "confidence": 0.9968,
        "proj_x": 791725.4891,
        "proj_y": 2397076.7586
      }
    },
    {
      "type": "Feature",
      "geometry": {
        "type": "Point",
        "coordinates": [
          83.818445,
          21.6528927
        ]
      },
      "properties": {
        "status": "dead",
        "confidence": 1.0,
        "proj_x": 791711.1228,
        "proj_y": 2397056.7071
      }
    },
    {
      "type": "Feature",
      "geometry": {
        "type": "Point",
        "coordinates": [
          83.8186906,
          21.6529662
        ]
      },
      "properties": {
        "status": "dead",
        "confidence": 0.9991,
        "proj_x": 791736.4112,
        "proj_y": 2397065.3174
      }
    },
    {
      "type": "Feature",
      "geometry": {
        "type": "Point",
        "coordinates": [
          83.8181075,
          21.6530732
        ]
      },
      "properties": {
        "status": "dead",
        "confidence": 1.0,
        "proj_x": 791675.8085,
        "proj_y": 2397076.0745
      }
    },
    {
      "type": "Feature",
      "geometry": {
        "type": "Point",
        "coordinates": [
          83.8182537,
          21.6533423
        ]
      },
      "properties": {
        "status": "dead",
        "confidence": 1.0,
        "proj_x": 791690.4107,
        "proj_y": 2397106.1517
      }
    },
    {
      "type": "Feature",
      "geometry": {
        "type": "Point",
        "coordinates": [
          83.8185109,
          21.6528722
        ]
      },
      "properties": {
        "status": "dead",
        "confidence": 0.9999,
        "proj_x": 791717.9874,
        "proj_y": 2397054.5604
      }
    },
    {
      "type": "Feature",
      "geometry": {
        "type": "Point",
        "coordinates": [
          83.8181455,
          21.6531899
        ]
      },
      "properties": {
        "status": "dead",
        "confidence": 1.0,
        "proj_x": 791679.5122,
        "proj_y": 2397089.0726
      }
    },
    {
      "type": "Feature",
      "geometry": {
        "type": "Point",
        "coordinates": [
          83.8182596,
          21.6531522
        ]
      },
      "properties": {
        "status": "dead",
        "confidence": 0.9998,
        "proj_x": 791691.4015,
        "proj_y": 2397085.1095
      }
    },
    {
      "type": "Feature",
      "geometry": {
        "type": "Point",
        "coordinates": [
          83.8182546,
          21.6528112
        ]
      },
      "properties": {
        "status": "dead",
        "confidence": 0.9128,
        "proj_x": 791691.5666,
        "proj_y": 2397047.3183
      }
    },
    {
      "type": "Feature",
      "geometry": {
        "type": "Point",
        "coordinates": [
          83.8183958,
          21.6531039
        ]
      },
      "properties": {
        "status": "dead",
        "confidence": 0.9996,
        "proj_x": 791705.6027,
        "proj_y": 2397080.014
      }
    },
    {
      "type": "Feature",
      "geometry": {
        "type": "Point",
        "coordinates": [
          83.8184681,
          21.653177
        ]
      },
      "properties": {
        "status": "dead",
        "confidence": 1.0,
        "proj_x": 791712.9392,
        "proj_y": 2397088.2469
      }
    },
    {
      "type": "Feature",
      "geometry": {
        "type": "Point",
        "coordinates": [
          83.8185132,
          21.6531537
        ]
      },
      "properties": {
        "status": "dead",
        "confidence": 1.0,
        "proj_x": 791717.6572,
        "proj_y": 2397085.7464
      }
    },
    {
      "type": "Feature",
      "geometry": {
        "type": "Point",
        "coordinates": [
          83.8183455,
          21.6529293
        ]
      },
      "properties": {
        "status": "dead",
        "confidence": 0.9997,
        "proj_x": 791700.7432,
        "proj_y": 2397060.5759
      }
    },
    {
      "type": "Feature",
      "geometry": {
        "type": "Point",
        "coordinates": [
          83.8185306,
          21.6530303
        ]
      },
      "properties": {
        "status": "dead",
        "confidence": 0.9999,
        "proj_x": 791719.7095,
        "proj_y": 2397072.1114
      }
    },
    {
      "type": "Feature",
      "geometry": {
        "type": "Point",
        "coordinates": [
          83.8185813,
          21.652897
        ]
      },
      "properties": {
        "status": "dead",
        "confidence": 0.9934,
        "proj_x": 791725.2296,
        "proj_y": 2397057.4384
      }
    },
    {
      "type": "Feature",
      "geometry": {
        "type": "Point",
        "coordinates": [
          83.8180459,
          21.6529631
        ]
      },
      "properties": {
        "status": "dead",
        "confidence": 0.9909,
        "proj_x": 791669.6515,
        "proj_y": 2397063.7605
      }
    },
    {
      "type": "Feature",
      "geometry": {
        "type": "Point",
        "coordinates": [
          83.8185948,
          21.6532194
        ]
      },
      "properties": {
        "status": "dead",
        "confidence": 0.9995,
        "proj_x": 791725.9845,
        "proj_y": 2397093.1772
      }
    },
    {
      "type": "Feature",
      "geometry": {
        "type": "Point",
        "coordinates": [
          83.8187151,
          21.6531015
        ]
      },
      "properties": {
        "status": "dead",
        "confidence": 1.0,
        "proj_x": 791738.6759,
        "proj_y": 2397080.3443
      }
    },
    {
      "type": "Feature",
      "geometry": {
        "type": "Point",
        "coordinates": [
          83.8184134,
          21.6530627
        ]
      },
      "properties": {
        "status": "dead",
        "confidence": 0.9407,
        "proj_x": 791707.5135,
        "proj_y": 2397075.4847
      }
    },
    {
      "type": "Feature",
      "geometry": {
        "type": "Point",
        "coordinates": [
          83.8185091,
          21.652957
        ]
      },
      "properties": {
        "status": "dead",
        "confidence": 0.9989,
        "proj_x": 791717.6336,
        "proj_y": 2397063.9492
      }
    },
    {
      "type": "Feature",
      "geometry": {
        "type": "Point",
        "coordinates": [
          83.8186733,
          21.6531433
        ]
      },
      "properties": {
        "status": "dead",
        "confidence": 1.0,
        "proj_x": 791734.2645,
        "proj_y": 2397084.8972
      }
    },
    {
      "type": "Feature",
      "geometry": {
        "type": "Point",
        "coordinates": [
          83.818677,
          21.653298
        ]
      },
      "properties": {
        "status": "dead",
        "confidence": 0.9999,
        "proj_x": 791734.3353,
        "proj_y": 2397102.0471
      }
    },
    {
      "type": "Feature",
      "geometry": {
        "type": "Point",
        "coordinates": [
          83.8183623,
          21.6530099
        ]
      },
      "properties": {
        "status": "dead",
        "confidence": 0.9997,
        "proj_x": 791702.3237,
        "proj_y": 2397069.5401
      }
    },
    {
      "type": "Feature",
      "geometry": {
        "type": "Point",
        "coordinates": [
          83.8181115,
          21.6529262
        ]
      },
      "properties": {
        "status": "dead",
        "confidence": 0.9981,
        "proj_x": 791676.5162,
        "proj_y": 2397059.7974
      }
    },
    {
      "type": "Feature",
      "geometry": {
        "type": "Point",
        "coordinates": [
          83.8181634,
          21.6533004
        ]
      },
      "properties": {
        "status": "dead",
        "confidence": 0.9999,
        "proj_x": 791681.1399,
        "proj_y": 2397101.3394
      }
    },
    {
      "type": "Feature",
      "geometry": {
        "type": "Point",
        "coordinates": [
          83.8182192,
          21.6530788
        ]
      },
      "properties": {
        "status": "dead",
        "confidence": 0.8216,
        "proj_x": 791687.3676,
        "proj_y": 2397076.9001
      }
    },
    {
      "type": "Feature",
      "geometry": {
        "type": "Point",
        "coordinates": [
          83.8182809,
          21.6533463
        ]
      },
      "properties": {
        "status": "dead",
        "confidence": 1.0,
        "proj_x": 791693.2179,
        "proj_y": 2397106.6471
      }
    },
    {
      "type": "Feature",
      "geometry": {
        "type": "Point",
        "coordinates": [
          83.8183506,
          21.6527682
        ]
      },
      "properties": {
        "status": "dead",
        "confidence": 1.0,
        "proj_x": 791701.5924,
        "proj_y": 2397042.7418
      }
    },
    {
      "type": "Feature",
      "geometry": {
        "type": "Point",
        "coordinates": [
          83.8184036,
          21.6529315
        ]
      },
      "properties": {
        "status": "dead",
        "confidence": 0.5979,
        "proj_x": 791706.7586,
        "proj_y": 2397060.9297
      }
    },
    {
      "type": "Feature",
      "geometry": {
        "type": "Point",
        "coordinates": [
          83.8184341,
          21.6527528
        ]
      },
      "properties": {
        "status": "dead",
        "confidence": 0.9998,
        "proj_x": 791710.2735,
        "proj_y": 2397041.1849
      }
    },
    {
      "type": "Feature",
      "geometry": {
        "type": "Point",
        "coordinates": [
          83.8186985,
          21.6529872
        ]
      },
      "properties": {
        "status": "dead",
        "confidence": 0.9999,
        "proj_x": 791737.1897,
        "proj_y": 2397067.6529
      }
    },
    {
      "type": "Feature",
      "geometry": {
        "type": "Point",
        "coordinates": [
          83.8187041,
          21.6530165
        ]
      },
      "properties": {
        "status": "dead",
        "confidence": 0.9995,
        "proj_x": 791737.7087,
        "proj_y": 2397070.9083
      }
    },
    {
      "type": "Feature",
      "geometry": {
        "type": "Point",
        "coordinates": [
          83.8187058,
          21.6530569
        ]
      },
      "properties": {
        "status": "dead",
        "confidence": 0.9997,
        "proj_x": 791737.803,
        "proj_y": 2397075.3904
      }
    },
    {
      "type": "Feature",
      "geometry": {
        "type": "Point",
        "coordinates": [
          83.818672,
          21.6532736
        ]
      },
      "properties": {
        "status": "dead",
        "confidence": 0.999,
        "proj_x": 791733.8635,
        "proj_y": 2397099.3342
      }
    },
    {
      "type": "Feature",
      "geometry": {
        "type": "Point",
        "coordinates": [
          83.8181214,
          21.6531418
        ]
      },
      "properties": {
        "status": "dead",
        "confidence": 0.9946,
        "proj_x": 791677.106,
        "proj_y": 2397083.6941
      }
    },
    {
      "type": "Feature",
      "geometry": {
        "type": "Point",
        "coordinates": [
          83.8182183,
          21.6531269
        ]
      },
      "properties": {
        "status": "dead",
        "confidence": 0.9951,
        "proj_x": 791687.1789,
        "proj_y": 2397082.2315
      }
    },
    {
      "type": "Feature",
      "geometry": {
        "type": "Point",
        "coordinates": [
          83.8182777,
          21.6531315
        ]
      },
      "properties": {
        "status": "dead",
        "confidence": 0.9744,
        "proj_x": 791693.3123,
        "proj_y": 2397082.8448
      }
    },
    {
      "type": "Feature",
      "geometry": {
        "type": "Point",
        "coordinates": [
          83.8183617,
          21.65334
        ]
      },
      "properties": {
        "status": "dead",
        "confidence": 0.9998,
        "proj_x": 791701.5924,
        "proj_y": 2397106.1046
      }
    },
    {
      "type": "Feature",
      "geometry": {
        "type": "Point",
        "coordinates": [
          83.8185291,
          21.6532373
        ]
      },
      "properties": {
        "status": "dead",
        "confidence": 1.0,
        "proj_x": 791719.1434,
        "proj_y": 2397095.0408
      }
    },
    {
      "type": "Feature",
      "geometry": {
        "type": "Point",
        "coordinates": [
          83.8186696,
          21.652872
        ]
      },
      "properties": {
        "status": "dead",
        "confidence": 1.0,
        "proj_x": 791734.4297,
        "proj_y": 2397054.8435
      }
    },
    {
      "type": "Feature",
      "geometry": {
        "type": "Point",
        "coordinates": [
          83.8183845,
          21.6527553
        ]
      },
      "properties": {
        "status": "dead",
        "confidence": 0.9999,
        "proj_x": 791705.1309,
        "proj_y": 2397041.3736
      }
    },
    {
      "type": "Feature",
      "geometry": {
        "type": "Point",
        "coordinates": [
          83.8183942,
          21.6532343
        ]
      },
      "properties": {
        "status": "dead",
        "confidence": 1.0,
        "proj_x": 791705.1781,
        "proj_y": 2397094.4511
      }
    },
    {
      "type": "Feature",
      "geometry": {
        "type": "Point",
        "coordinates": [
          83.8184337,
          21.6527319
        ]
      },
      "properties": {
        "status": "dead",
        "confidence": 0.987,
        "proj_x": 791710.2735,
        "proj_y": 2397038.8731
      }
    },
    {
      "type": "Feature",
      "geometry": {
        "type": "Point",
        "coordinates": [
          83.8184918,
          21.6527924
        ]
      },
      "properties": {
        "status": "dead",
        "confidence": 0.9997,
        "proj_x": 791716.171,
        "proj_y": 2397045.6906
      }
    },
    {
      "type": "Feature",
      "geometry": {
        "type": "Point",
        "coordinates": [
          83.818622,
          21.6530707
        ]
      },
      "properties": {
        "status": "dead",
        "confidence": 1.0,
        "proj_x": 791729.0983,
        "proj_y": 2397076.7586
      }
    },
    {
      "type": "Feature",
      "geometry": {
        "type": "Point",
        "coordinates": [
          83.8186202,
          21.6529285
        ]
      },
      "properties": {
        "status": "dead",
        "confidence": 0.9995,
        "proj_x": 791729.1927,
        "proj_y": 2397061.0005
      }
    },
    {
      "type": "Feature",
      "geometry": {
        "type": "Point",
        "coordinates": [
          83.8182721,
          21.6528121
        ]
      },
      "properties": {
        "status": "dead",
        "confidence": 0.9996,
        "proj_x": 791693.3831,
        "proj_y": 2397047.4598
      }
    },
    {
      "type": "Feature",
      "geometry": {
        "type": "Point",
        "coordinates": [
          83.8182875,
          21.6529373
        ]
      },
      "properties": {
        "status": "dead",
        "confidence": 0.9999,
        "proj_x": 791694.7277,
        "proj_y": 2397061.3543
      }
    },
    {
      "type": "Feature",
      "geometry": {
        "type": "Point",
        "coordinates": [
          83.8183431,
          21.6527971
        ]
      },
      "properties": {
        "status": "dead",
        "confidence": 0.9983,
        "proj_x": 791700.7667,
        "proj_y": 2397045.9265
      }
    },
    {
      "type": "Feature",
      "geometry": {
        "type": "Point",
        "coordinates": [
          83.8183633,
          21.6528745
        ]
      },
      "properties": {
        "status": "dead",
        "confidence": 0.857,
        "proj_x": 791702.7011,
        "proj_y": 2397054.5368
      }
    },
    {
      "type": "Feature",
      "geometry": {
        "type": "Point",
        "coordinates": [
          83.818136,
          21.6533434
        ]
      },
      "properties": {
        "status": "dead",
        "confidence": 0.9954,
        "proj_x": 791678.2147,
        "proj_y": 2397106.0574
      }
    },
    {
      "type": "Feature",
      "geometry": {
        "type": "Point",
        "coordinates": [
          83.8182416,
          21.653154
        ]
      },
      "properties": {
        "status": "dead",
        "confidence": 0.9998,
        "proj_x": 791689.5379,
        "proj_y": 2397085.2746
      }
    },
    {
      "type": "Feature",
      "geometry": {
        "type": "Point",
        "coordinates": [
          83.8182776,
          21.6528612
        ]
      },
      "properties": {
        "status": "dead",
        "confidence": 0.9974,
        "proj_x": 791693.8549,
        "proj_y": 2397052.9091
      }
    },
    {
      "type": "Feature",
      "geometry": {
        "type": "Point",
        "coordinates": [
          83.818437,
          21.6531507
        ]
      },
      "properties": {
        "status": "dead",
        "confidence": 1.0,
        "proj_x": 791709.7781,
        "proj_y": 2397085.2746
      }
    },
    {
      "type": "Feature",
      "geometry": {
        "type": "Point",
        "coordinates": [
          83.8184695,
          21.6527839
        ]
      },
      "properties": {
        "status": "dead",
        "confidence": 1.0,
        "proj_x": 791713.8828,
        "proj_y": 2397044.6998
      }
    },
    {
      "type": "Feature",
      "geometry": {
        "type": "Point",
        "coordinates": [
          83.8185527,
          21.6528331
        ]
      },
      "properties": {
        "status": "dead",
        "confidence": 0.9972,
        "proj_x": 791722.3988,
        "proj_y": 2397050.3142
      }
    },
    {
      "type": "Feature",
      "geometry": {
        "type": "Point",
        "coordinates": [
          83.8186346,
          21.652888
        ]
      },
      "properties": {
        "status": "dead",
        "confidence": 0.9949,
        "proj_x": 791730.7732,
        "proj_y": 2397056.542
      }
    },
    {
      "type": "Feature",
      "geometry": {
        "type": "Point",
        "coordinates": [
          83.8187155,
          21.6531694
        ]
      },
      "properties": {
        "status": "dead",
        "confidence": 0.9992,
        "proj_x": 791738.5815,
        "proj_y": 2397087.8695
      }
    },
    {
      "type": "Feature",
      "geometry": {
        "type": "Point",
        "coordinates": [
          83.818302,
          21.6533534
        ]
      },
      "properties": {
        "status": "dead",
        "confidence": 1.0,
        "proj_x": 791695.3882,
        "proj_y": 2397107.4728
      }
    },
    {
      "type": "Feature",
      "geometry": {
        "type": "Point",
        "coordinates": [
          83.8181741,
          21.6532312
        ]
      },
      "properties": {
        "status": "dead",
        "confidence": 1.0,
        "proj_x": 791682.3901,
        "proj_y": 2397093.6962
      }
    },
    {
      "type": "Feature",
      "geometry": {
        "type": "Point",
        "coordinates": [
          83.8182847,
          21.6527647
        ]
      },
      "properties": {
        "status": "dead",
        "confidence": 0.9987,
        "proj_x": 791694.7749,
        "proj_y": 2397042.2228
      }
    },
    {
      "type": "Feature",
      "geometry": {
        "type": "Point",
        "coordinates": [
          83.8185552,
          21.6532411
        ]
      },
      "properties": {
        "status": "dead",
        "confidence": 0.9987,
        "proj_x": 791721.8326,
        "proj_y": 2397095.5126
      }
    },
    {
      "type": "Feature",
      "geometry": {
        "type": "Point",
        "coordinates": [
          83.8186825,
          21.6530788
        ]
      },
      "properties": {
        "status": "dead",
        "confidence": 1.0,
        "proj_x": 791735.3497,
        "proj_y": 2397077.773
      }
    },
    {
      "type": "Feature",
      "geometry": {
        "type": "Point",
        "coordinates": [
          83.8181651,
          21.6527309
        ]
      },
      "properties": {
        "status": "dead",
        "confidence": 0.9993,
        "proj_x": 791682.4609,
        "proj_y": 2397038.2597
      }
    },
    {
      "type": "Feature",
      "geometry": {
        "type": "Point",
        "coordinates": [
          83.8186485,
          21.6531311
        ]
      },
      "properties": {
        "status": "dead",
        "confidence": 1.0,
        "proj_x": 791731.7168,
        "proj_y": 2397083.5053
      }
    },
    {
      "type": "Feature",
      "geometry": {
        "type": "Point",
        "coordinates": [
          83.8182315,
          21.6532187
        ]
      },
      "properties": {
        "status": "dead",
        "confidence": 1.0,
        "proj_x": 791688.3584,
        "proj_y": 2397092.4224
      }
    },
    {
      "type": "Feature",
      "geometry": {
        "type": "Point",
        "coordinates": [
          83.8183357,
          21.6532806
        ]
      },
      "properties": {
        "status": "dead",
        "confidence": 0.9995,
        "proj_x": 791699.0211,
        "proj_y": 2397099.4758
      }
    },
    {
      "type": "Feature",
      "geometry": {
        "type": "Point",
        "coordinates": [
          83.8184405,
          21.6528353
        ]
      },
      "properties": {
        "status": "dead",
        "confidence": 0.5903,
        "proj_x": 791710.7689,
        "proj_y": 2397050.3378
      }
    },
    {
      "type": "Feature",
      "geometry": {
        "type": "Point",
        "coordinates": [
          83.8186075,
          21.6532743
        ]
      },
      "properties": {
        "status": "dead",
        "confidence": 0.9979,
        "proj_x": 791727.1875,
        "proj_y": 2397099.287
      }
    },
    {
      "type": "Feature",
      "geometry": {
        "type": "Point",
        "coordinates": [
          83.81857,
          21.6531691
        ]
      },
      "properties": {
        "status": "dead",
        "confidence": 1.0,
        "proj_x": 791723.5075,
        "proj_y": 2397087.5628
      }
    },
    {
      "type": "Feature",
      "geometry": {
        "type": "Point",
        "coordinates": [
          83.8186093,
          21.6529433
        ]
      },
      "properties": {
        "status": "dead",
        "confidence": 0.998,
        "proj_x": 791728.0368,
        "proj_y": 2397062.6282
      }
    },
    {
      "type": "Feature",
      "geometry": {
        "type": "Point",
        "coordinates": [
          83.8181122,
          21.6530199
        ]
      },
      "properties": {
        "status": "dead",
        "confidence": 0.9998,
        "proj_x": 791676.3983,
        "proj_y": 2397070.177
      }
    },
    {
      "type": "Feature",
      "geometry": {
        "type": "Point",
        "coordinates": [
          83.8185765,
          21.6532471
        ]
      },
      "properties": {
        "status": "dead",
        "confidence": 1.0,
        "proj_x": 791724.0265,
        "proj_y": 2397096.2204
      }
    },
    {
      "type": "Feature",
      "geometry": {
        "type": "Point",
        "coordinates": [
          83.8186224,
          21.6529821
        ]
      },
      "properties": {
        "status": "dead",
        "confidence": 1.0,
        "proj_x": 791729.3106,
        "proj_y": 2397066.9452
      }
    },
    {
      "type": "Feature",
      "geometry": {
        "type": "Point",
        "coordinates": [
          83.8180554,
          21.6530273
        ]
      },
      "properties": {
        "status": "dead",
        "confidence": 0.9927,
        "proj_x": 791670.5008,
        "proj_y": 2397070.8847
      }
    },
    {
      "type": "Feature",
      "geometry": {
        "type": "Point",
        "coordinates": [
          83.8184696,
          21.653207
        ]
      },
      "properties": {
        "status": "dead",
        "confidence": 1.0,
        "proj_x": 791713.0335,
        "proj_y": 2397091.5731
      }
    },
    {
      "type": "Feature",
      "geometry": {
        "type": "Point",
        "coordinates": [
          83.818714,
          21.6532224
        ]
      },
      "properties": {
        "status": "dead",
        "confidence": 0.9996,
        "proj_x": 791738.322,
        "proj_y": 2397093.7434
      }
    },
    {
      "type": "Feature",
      "geometry": {
        "type": "Point",
        "coordinates": [
          83.8185142,
          21.6528298
        ]
      },
      "properties": {
        "status": "dead",
        "confidence": 1.0,
        "proj_x": 791718.4121,
        "proj_y": 2397049.866
      }
    },
    {
      "type": "Feature",
      "geometry": {
        "type": "Point",
        "coordinates": [
          83.8185139,
          21.6528061
        ]
      },
      "properties": {
        "status": "dead",
        "confidence": 1.0,
        "proj_x": 791718.4356,
        "proj_y": 2397047.2475
      }
    },
    {
      "type": "Feature",
      "geometry": {
        "type": "Point",
        "coordinates": [
          83.8182015,
          21.6533372
        ]
      },
      "properties": {
        "status": "dead",
        "confidence": 0.9991,
        "proj_x": 791685.0086,
        "proj_y": 2397105.4912
      }
    },
    {
      "type": "Feature",
      "geometry": {
        "type": "Point",
        "coordinates": [
          83.8183508,
          21.6527216
        ]
      },
      "properties": {
        "status": "dead",
        "confidence": 0.9999,
        "proj_x": 791701.7103,
        "proj_y": 2397037.5756
      }
    },
    {
      "type": "Feature",
      "geometry": {
        "type": "Point",
        "coordinates": [
          83.8183093,
          21.6527894
        ]
      },
      "properties": {
        "status": "dead",
        "confidence": 0.9801,
        "proj_x": 791697.2754,
        "proj_y": 2397045.0065
      }
    },
    {
      "type": "Feature",
      "geometry": {
        "type": "Point",
        "coordinates": [
          83.8187132,
          21.6531215
        ]
      },
      "properties": {
        "status": "dead",
        "confidence": 1.0,
        "proj_x": 791738.44,
        "proj_y": 2397082.5617
      }
    },
    {
      "type": "Feature",
      "geometry": {
        "type": "Point",
        "coordinates": [
          83.8186065,
          21.6531054
        ]
      },
      "properties": {
        "status": "dead",
        "confidence": 0.9998,
        "proj_x": 791727.4234,
        "proj_y": 2397080.5802
      }
    },
    {
      "type": "Feature",
      "geometry": {
        "type": "Point",
        "coordinates": [
          83.8187228,
          21.6530741
        ]
      },
      "properties": {
        "status": "dead",
        "confidence": 1.0,
        "proj_x": 791739.5251,
        "proj_y": 2397077.3248
      }
    },
    {
      "type": "Feature",
      "geometry": {
        "type": "Point",
        "coordinates": [
          83.8182025,
          21.6532509
        ]
      },
      "properties": {
        "status": "dead",
        "confidence": 1.0,
        "proj_x": 791685.2917,
        "proj_y": 2397095.9373
      }
    },
    {
      "type": "Feature",
      "geometry": {
        "type": "Point",
        "coordinates": [
          83.8185866,
          21.6531339
        ]
      },
      "properties": {
        "status": "dead",
        "confidence": 1.0,
        "proj_x": 791725.3003,
        "proj_y": 2397083.6941
      }
    },
    {
      "type": "Feature",
      "geometry": {
        "type": "Point",
        "coordinates": [
          83.8186327,
          21.6528676
        ]
      },
      "properties": {
        "status": "dead",
        "confidence": 0.9817,
        "proj_x": 791730.6081,
        "proj_y": 2397054.2773
      }
    },
    {
      "type": "Feature",
      "geometry": {
        "type": "Point",
        "coordinates": [
          83.8185986,
          21.6529795
        ]
      },
      "properties": {
        "status": "dead",
        "confidence": 0.9999,
        "proj_x": 791726.8573,
        "proj_y": 2397066.6149
      }
    },
    {
      "type": "Feature",
      "geometry": {
        "type": "Point",
        "coordinates": [
          83.8184431,
          21.6532745
        ]
      },
      "properties": {
        "status": "dead",
        "confidence": 1.0,
        "proj_x": 791710.1556,
        "proj_y": 2397099.004
      }
    },
    {
      "type": "Feature",
      "geometry": {
        "type": "Point",
        "coordinates": [
          83.818243,
          21.6531297
        ]
      },
      "properties": {
        "status": "dead",
        "confidence": 1.0,
        "proj_x": 791689.7266,
        "proj_y": 2397082.5853
      }
    },
    {
      "type": "Feature",
      "geometry": {
        "type": "Point",
        "coordinates": [
          83.8186853,
          21.6529027
        ]
      },
      "properties": {
        "status": "dead",
        "confidence": 1.0,
        "proj_x": 791735.9866,
        "proj_y": 2397058.264
      }
    },
    {
      "type": "Feature",
      "geometry": {
        "type": "Point",
        "coordinates": [
          83.8183634,
          21.6530913
        ]
      },
      "properties": {
        "status": "dead",
        "confidence": 0.9372,
        "proj_x": 791702.2765,
        "proj_y": 2397078.5514
      }
    },
    {
      "type": "Feature",
      "geometry": {
        "type": "Point",
        "coordinates": [
          83.8184336,
          21.6532191
        ]
      },
      "properties": {
        "status": "dead",
        "confidence": 0.9992,
        "proj_x": 791709.2827,
        "proj_y": 2397092.847
      }
    },
    {
      "type": "Feature",
      "geometry": {
        "type": "Point",
        "coordinates": [
          83.818443,
          21.6530118
        ]
      },
      "properties": {
        "status": "dead",
        "confidence": 0.9853,
        "proj_x": 791710.6745,
        "proj_y": 2397069.8939
      }
    },
    {
      "type": "Feature",
      "geometry": {
        "type": "Point",
        "coordinates": [
          83.8183992,
          21.6527257
        ]
      },
      "properties": {
        "status": "dead",
        "confidence": 0.9998,
        "proj_x": 791706.7114,
        "proj_y": 2397038.1182
      }
    },
    {
      "type": "Feature",
      "geometry": {
        "type": "Point",
        "coordinates": [
          83.8188322,
          21.6530186
        ]
      },
      "properties": {
        "status": "dead",
        "confidence": 0.9999,
        "proj_x": 791750.9663,
        "proj_y": 2397071.3801
      }
    },
    {
      "type": "Feature",
      "geometry": {
        "type": "Point",
        "coordinates": [
          83.8189206,
          21.6531959
        ]
      },
      "properties": {
        "status": "dead",
        "confidence": 0.9991,
        "proj_x": 791759.7653,
        "proj_y": 2397091.1957
      }
    },
    {
      "type": "Feature",
      "geometry": {
        "type": "Point",
        "coordinates": [
          83.8187625,
          21.6532644
        ]
      },
      "properties": {
        "status": "dead",
        "confidence": 1.0,
        "proj_x": 791743.2523,
        "proj_y": 2397098.485
      }
    },
    {
      "type": "Feature",
      "geometry": {
        "type": "Point",
        "coordinates": [
          83.8188452,
          21.6531167
        ]
      },
      "properties": {
        "status": "dead",
        "confidence": 0.9994,
        "proj_x": 791752.1222,
        "proj_y": 2397082.2787
      }
    },
    {
      "type": "Feature",
      "geometry": {
        "type": "Point",
        "coordinates": [
          83.8188688,
          21.6527716
        ]
      },
      "properties": {
        "status": "dead",
        "confidence": 0.8594,
        "proj_x": 791755.2596,
        "proj_y": 2397044.0865
      }
    },
    {
      "type": "Feature",
      "geometry": {
        "type": "Point",
        "coordinates": [
          83.8192019,
          21.6532188
        ]
      },
      "properties": {
        "status": "dead",
        "confidence": 0.9999,
        "proj_x": 791788.8518,
        "proj_y": 2397094.2624
      }
    },
    {
      "type": "Feature",
      "geometry": {
        "type": "Point",
        "coordinates": [
          83.8192701,
          21.6528376
        ]
      },
      "properties": {
        "status": "dead",
        "confidence": 0.9999,
        "proj_x": 791796.6837,
        "proj_y": 2397052.1542
      }
    },
    {
      "type": "Feature",
      "geometry": {
        "type": "Point",
        "coordinates": [
          83.819019,
          21.6531593
        ]
      },
      "properties": {
        "status": "dead",
        "confidence": 1.0,
        "proj_x": 791770.027,
        "proj_y": 2397087.3269
      }
    },
    {
      "type": "Feature",
      "geometry": {
        "type": "Point",
        "coordinates": [
          83.8191137,
          21.6533353
        ]
      },
      "properties": {
        "status": "dead",
        "confidence": 1.0,
        "proj_x": 791779.4866,
        "proj_y": 2397107.001
      }
    },
    {
      "type": "Feature",
      "geometry": {
        "type": "Point",
        "coordinates": [
          83.8188137,
          21.6532169
        ]
      },
      "properties": {
        "status": "dead",
        "confidence": 0.9999,
        "proj_x": 791748.6544,
        "proj_y": 2397093.3188
      }
    },
    {
      "type": "Feature",
      "geometry": {
        "type": "Point",
        "coordinates": [
          83.8189891,
          21.6531222
        ]
      },
      "properties": {
        "status": "dead",
        "confidence": 1.0,
        "proj_x": 791767.0075,
        "proj_y": 2397083.1515
      }
    },
    {
      "type": "Feature",
      "geometry": {
        "type": "Point",
        "coordinates": [
          83.8190259,
          21.6528121
        ]
      },
      "properties": {
        "status": "dead",
        "confidence": 0.9999,
        "proj_x": 791771.4424,
        "proj_y": 2397048.8752
      }
    },
    {
      "type": "Feature",
      "geometry": {
        "type": "Point",
        "coordinates": [
          83.8187781,
          21.6528157
        ]
      },
      "properties": {
        "status": "dead",
        "confidence": 0.9986,
        "proj_x": 791745.7765,
        "proj_y": 2397048.8045
      }
    },
    {
      "type": "Feature",
      "geometry": {
        "type": "Point",
        "coordinates": [
          83.8189745,
          21.6530743
        ]
      },
      "properties": {
        "status": "dead",
        "confidence": 0.9999,
        "proj_x": 791765.5921,
        "proj_y": 2397077.8202
      }
    },
    {
      "type": "Feature",
      "geometry": {
        "type": "Point",
        "coordinates": [
          83.818982,
          21.6527094
        ]
      },
      "properties": {
        "status": "dead",
        "confidence": 0.9998,
        "proj_x": 791767.1018,
        "proj_y": 2397037.4105
      }
    },
    {
      "type": "Feature",
      "geometry": {
        "type": "Point",
        "coordinates": [
          83.8193178,
          21.6527154
        ]
      },
      "properties": {
        "status": "dead",
        "confidence": 0.9999,
        "proj_x": 791801.8735,
        "proj_y": 2397038.7079
      }
    },
    {
      "type": "Feature",
      "geometry": {
        "type": "Point",
        "coordinates": [
          83.8187955,
          21.653032
        ]
      },
      "properties": {
        "status": "dead",
        "confidence": 0.9995,
        "proj_x": 791747.1447,
        "proj_y": 2397072.7955
      }
    },
    {
      "type": "Feature",
      "geometry": {
        "type": "Point",
        "coordinates": [
          83.8187376,
          21.6531437
        ]
      },
      "properties": {
        "status": "dead",
        "confidence": 1.0,
        "proj_x": 791740.9169,
        "proj_y": 2397085.0623
      }
    },
    {
      "type": "Feature",
      "geometry": {
        "type": "Point",
        "coordinates": [
          83.8188774,
          21.6529526
        ]
      },
      "properties": {
        "status": "dead",
        "confidence": 1.0,
        "proj_x": 791755.7786,
        "proj_y": 2397064.1615
      }
    },
    {
      "type": "Feature",
      "geometry": {
        "type": "Point",
        "coordinates": [
          83.8188975,
          21.6528303
        ]
      },
      "properties": {
        "status": "dead",
        "confidence": 0.9729,
        "proj_x": 791758.114,
        "proj_y": 2397050.6445
      }
    },
    {
      "type": "Feature",
      "geometry": {
        "type": "Point",
        "coordinates": [
          83.8190619,
          21.6528371
        ]
      },
      "properties": {
        "status": "dead",
        "confidence": 1.0,
        "proj_x": 791775.1224,
        "proj_y": 2397051.706
      }
    },
    {
      "type": "Feature",
      "geometry": {
        "type": "Point",
        "coordinates": [
          83.8191453,
          21.6529089
        ]
      },
      "properties": {
        "status": "dead",
        "confidence": 0.9997,
        "proj_x": 791783.6148,
        "proj_y": 2397059.821
      }
    },
    {
      "type": "Feature",
      "geometry": {
        "type": "Point",
        "coordinates": [
          83.8192127,
          21.6530741
        ]
      },
      "properties": {
        "status": "dead",
        "confidence": 1.0,
        "proj_x": 791790.2672,
        "proj_y": 2397078.2448
      }
    },
    {
      "type": "Feature",
      "geometry": {
        "type": "Point",
        "coordinates": [
          83.8192275,
          21.6532003
        ]
      },
      "properties": {
        "status": "dead",
        "confidence": 0.9997,
        "proj_x": 791791.5411,
        "proj_y": 2397092.2572
      }
    },
    {
      "type": "Feature",
      "geometry": {
        "type": "Point",
        "coordinates": [
          83.8192718,
          21.6528086
        ]
      },
      "properties": {
        "status": "dead",
        "confidence": 1.0,
        "proj_x": 791796.9196,
        "proj_y": 2397048.946
      }
    },
    {
      "type": "Feature",
      "geometry": {
        "type": "Point",
        "coordinates": [
          83.8192632,
          21.6531859
        ]
      },
      "properties": {
        "status": "dead",
        "confidence": 1.0,
        "proj_x": 791795.2683,
        "proj_y": 2397090.7239
      }
    },
    {
      "type": "Feature",
      "geometry": {
        "type": "Point",
        "coordinates": [
          83.8187707,
          21.6531259
        ]
      },
      "properties": {
        "status": "dead",
        "confidence": 0.9981,
        "proj_x": 791744.3847,
        "proj_y": 2397083.1515
      }
    },
    {
      "type": "Feature",
      "geometry": {
        "type": "Point",
        "coordinates": [
          83.8187914,
          21.6531721
        ]
      },
      "properties": {
        "status": "dead",
        "confidence": 1.0,
        "proj_x": 791746.437,
        "proj_y": 2397088.3177
      }
    },
    {
      "type": "Feature",
      "geometry": {
        "type": "Point",
        "coordinates": [
          83.8188221,
          21.6531333
        ]
      },
      "properties": {
        "status": "dead",
        "confidence": 1.0,
        "proj_x": 791749.6924,
        "proj_y": 2397084.0715
      }
    },
    {
      "type": "Feature",
      "geometry": {
        "type": "Point",
        "coordinates": [
          83.8188514,
          21.653268
        ]
      },
      "properties": {
        "status": "dead",
        "confidence": 0.9999,
        "proj_x": 791752.4524,
        "proj_y": 2397099.0512
      }
    },
    {
      "type": "Feature",
      "geometry": {
        "type": "Point",
        "coordinates": [
          83.8189024,
          21.6532776
        ]
      },
      "properties": {
        "status": "dead",
        "confidence": 0.9998,
        "proj_x": 791757.713,
        "proj_y": 2397100.2071
      }
    },
    {
      "type": "Feature",
      "geometry": {
        "type": "Point",
        "coordinates": [
          83.8189986,
          21.6531901
        ]
      },
      "properties": {
        "status": "dead",
        "confidence": 0.9999,
        "proj_x": 791767.8567,
        "proj_y": 2397090.7003
      }
    },
    {
      "type": "Feature",
      "geometry": {
        "type": "Point",
        "coordinates": [
          83.8192019,
          21.6528221
        ]
      },
      "properties": {
        "status": "dead",
        "confidence": 0.9998,
        "proj_x": 791789.6539,
        "proj_y": 2397050.3142
      }
    },
    {
      "type": "Feature",
      "geometry": {
        "type": "Point",
        "coordinates": [
          83.8187743,
          21.6530645
        ]
      },
      "properties": {
        "status": "dead",
        "confidence": 1.0,
        "proj_x": 791744.88,
        "proj_y": 2397076.3576
      }
    },
    {
      "type": "Feature",
      "geometry": {
        "type": "Point",
        "coordinates": [
          83.8188318,
          21.653046
        ]
      },
      "properties": {
        "status": "dead",
        "confidence": 0.9999,
        "proj_x": 791750.8719,
        "proj_y": 2397074.4232
      }
    },
    {
      "type": "Feature",
      "geometry": {
        "type": "Point",
        "coordinates": [
          83.8189028,
          21.6529249
        ]
      },
      "properties": {
        "status": "dead",
        "confidence": 0.9999,
        "proj_x": 791758.4679,
        "proj_y": 2397061.142
      }
    },
    {
      "type": "Feature",
      "geometry": {
        "type": "Point",
        "coordinates": [
          83.8190376,
          21.6533002
        ]
      },
      "properties": {
        "status": "dead",
        "confidence": 0.9997,
        "proj_x": 791771.6783,
        "proj_y": 2397102.9671
      }
    },
    {
      "type": "Feature",
      "geometry": {
        "type": "Point",
        "coordinates": [
          83.8190589,
          21.6530339
        ]
      },
      "properties": {
        "status": "dead",
        "confidence": 1.0,
        "proj_x": 791774.4147,
        "proj_y": 2397073.5032
      }
    },
    {
      "type": "Feature",
      "geometry": {
        "type": "Point",
        "coordinates": [
          83.8191155,
          21.6530387
        ]
      },
      "properties": {
        "status": "dead",
        "confidence": 0.9998,
        "proj_x": 791780.265,
        "proj_y": 2397074.1401
      }
    },
    {
      "type": "Feature",
      "geometry": {
        "type": "Point",
        "coordinates": [
          83.8191277,
          21.6528496
        ]
      },
      "properties": {
        "status": "dead",
        "confidence": 0.9997,
        "proj_x": 791781.9163,
        "proj_y": 2397053.2158
      }
    },
    {
      "type": "Feature",
      "geometry": {
        "type": "Point",
        "coordinates": [
          83.8192478,
          21.6530958
        ]
      },
      "properties": {
        "status": "dead",
        "confidence": 0.9997,
        "proj_x": 791793.8529,
        "proj_y": 2397080.7217
      }
    },
    {
      "type": "Feature",
      "geometry": {
        "type": "Point",
        "coordinates": [
          83.8187272,
          21.652998
        ]
      },
      "properties": {
        "status": "dead",
        "confidence": 0.9999,
        "proj_x": 791740.1385,
        "proj_y": 2397068.9031
      }
    },
    {
      "type": "Feature",
      "geometry": {
        "type": "Point",
        "coordinates": [
          83.8188631,
          21.6529209
        ]
      },
      "properties": {
        "status": "dead",
        "confidence": 0.9999,
        "proj_x": 791754.3632,
        "proj_y": 2397060.623
      }
    },
    {
      "type": "Feature",
      "geometry": {
        "type": "Point",
        "coordinates": [
          83.8188905,
          21.6529844
        ]
      },
      "properties": {
        "status": "dead",
        "confidence": 1.0,
        "proj_x": 791757.0761,
        "proj_y": 2397067.7
      }
    },
    {
      "type": "Feature",
      "geometry": {
        "type": "Point",
        "coordinates": [
          83.8189172,
          21.6531525
        ]
      },
      "properties": {
        "status": "dead",
        "confidence": 1.0,
        "proj_x": 791759.5058,
        "proj_y": 2397086.3833
      }
    },
    {
      "type": "Feature",
      "geometry": {
        "type": "Point",
        "coordinates": [
          83.8189241,
          21.6533422
        ]
      },
      "properties": {
        "status": "dead",
        "confidence": 1.0,
        "proj_x": 791759.8361,
        "proj_y": 2397107.402
      }
    },
    {
      "type": "Feature",
      "geometry": {
        "type": "Point",
        "coordinates": [
          83.8189346,
          21.6529184
        ]
      },
      "properties": {
        "status": "dead",
        "confidence": 0.9997,
        "proj_x": 791761.7705,
        "proj_y": 2397060.4815
      }
    },
    {
      "type": "Feature",
      "geometry": {
        "type": "Point",
        "coordinates": [
          83.8191129,
          21.6531396
        ]
      },
      "properties": {
        "status": "dead",
        "confidence": 0.9984,
        "proj_x": 791779.7932,
        "proj_y": 2397085.3218
      }
    },
    {
      "type": "Feature",
      "geometry": {
        "type": "Point",
        "coordinates": [
          83.8191861,
          21.6529687
        ]
      },
      "properties": {
        "status": "dead",
        "confidence": 0.9999,
        "proj_x": 791787.7195,
        "proj_y": 2397066.5205
      }
    },
    {
      "type": "Feature",
      "geometry": {
        "type": "Point",
        "coordinates": [
          83.8192371,
          21.6529331
        ]
      },
      "properties": {
        "status": "dead",
        "confidence": 1.0,
        "proj_x": 791793.0744,
        "proj_y": 2397062.6754
      }
    },
    {
      "type": "Feature",
      "geometry": {
        "type": "Point",
        "coordinates": [
          83.8193935,
          21.6527173
        ]
      },
      "properties": {
        "status": "dead",
        "confidence": 1.0,
        "proj_x": 791809.7054,
        "proj_y": 2397039.0618
      }
    },
    {
      "type": "Feature",
      "geometry": {
        "type": "Point",
        "coordinates": [
          83.8190794,
          21.6529737
        ]
      },
      "properties": {
        "status": "dead",
        "confidence": 0.9999,
        "proj_x": 791776.6558,
        "proj_y": 2397066.8744
      }
    },
    {
      "type": "Feature",
      "geometry": {
        "type": "Point",
        "coordinates": [
          83.8190994,
          21.6529727
        ]
      },
      "properties": {
        "status": "dead",
        "confidence": 0.9999,
        "proj_x": 791778.7317,
        "proj_y": 2397066.8036
      }
    },
    {
      "type": "Feature",
      "geometry": {
        "type": "Point",
        "coordinates": [
          83.8190603,
          21.6527528
        ]
      },
      "properties": {
        "status": "dead",
        "confidence": 1.0,
        "proj_x": 791775.1224,
        "proj_y": 2397042.3644
      }
    },
    {
      "type": "Feature",
      "geometry": {
        "type": "Point",
        "coordinates": [
          83.8190925,
          21.6529119
        ]
      },
      "properties": {
        "status": "dead",
        "confidence": 1.0,
        "proj_x": 791778.1419,
        "proj_y": 2397060.0569
      }
    },
    {
      "type": "Feature",
      "geometry": {
        "type": "Point",
        "coordinates": [
          83.8187751,
          21.6531997
        ]
      },
      "properties": {
        "status": "dead",
        "confidence": 1.0,
        "proj_x": 791744.6913,
        "proj_y": 2397091.3372
      }
    },
    {
      "type": "Feature",
      "geometry": {
        "type": "Point",
        "coordinates": [
          83.8189539,
          21.6533061
        ]
      },
      "properties": {
        "status": "dead",
        "confidence": 1.0,
        "proj_x": 791762.9972,
        "proj_y": 2397103.4625
      }
    },
    {
      "type": "Feature",
      "geometry": {
        "type": "Point",
        "coordinates": [
          83.8190053,
          21.6533229
        ]
      },
      "properties": {
        "status": "dead",
        "confidence": 0.9964,
        "proj_x": 791768.2813,
        "proj_y": 2397105.4205
      }
    },
    {
      "type": "Feature",
      "geometry": {
        "type": "Point",
        "coordinates": [
          83.8191063,
          21.6528474
        ]
      },
      "properties": {
        "status": "dead",
        "confidence": 0.9996,
        "proj_x": 791779.6989,
        "proj_y": 2397052.9327
      }
    },
    {
      "type": "Feature",
      "geometry": {
        "type": "Point",
        "coordinates": [
          83.8194119,
          21.6531233
        ]
      },
      "properties": {
        "status": "dead",
        "confidence": 0.9975,
        "proj_x": 791810.7905,
        "proj_y": 2397084.0715
      }
    },
    {
      "type": "Feature",
      "geometry": {
        "type": "Point",
        "coordinates": [
          83.8192238,
          21.6528471
        ]
      },
      "properties": {
        "status": "dead",
        "confidence": 1.0,
        "proj_x": 791791.8713,
        "proj_y": 2397053.1214
      }
    },
    {
      "type": "Feature",
      "geometry": {
        "type": "Point",
        "coordinates": [
          83.8188654,
          21.6528285
        ]
      },
      "properties": {
        "status": "dead",
        "confidence": 0.99,
        "proj_x": 791754.7878,
        "proj_y": 2397050.385
      }
    },
    {
      "type": "Feature",
      "geometry": {
        "type": "Point",
        "coordinates": [
          83.8191007,
          21.6532267
        ]
      },
      "properties": {
        "status": "dead",
        "confidence": 0.9999,
        "proj_x": 791778.3543,
        "proj_y": 2397094.9465
      }
    },
    {
      "type": "Feature",
      "geometry": {
        "type": "Point",
        "coordinates": [
          83.8193012,
          21.6531971
        ]
      },
      "properties": {
        "status": "dead",
        "confidence": 0.9996,
        "proj_x": 791799.1842,
        "proj_y": 2397092.0449
      }
    },
    {
      "type": "Feature",
      "geometry": {
        "type": "Point",
        "coordinates": [
          83.8194017,
          21.6532457
        ]
      },
      "properties": {
        "status": "dead",
        "confidence": 1.0,
        "proj_x": 791809.4931,
        "proj_y": 2397097.6122
      }
    },
    {
      "type": "Feature",
      "geometry": {
        "type": "Point",
        "coordinates": [
          83.8192919,
          21.6531751
        ]
      },
      "properties": {
        "status": "dead",
        "confidence": 0.9997,
        "proj_x": 791798.2642,
        "proj_y": 2397089.5916
      }
    },
    {
      "type": "Feature",
      "geometry": {
        "type": "Point",
        "coordinates": [
          83.819349,
          21.6532029
        ]
      },
      "properties": {
        "status": "dead",
        "confidence": 0.9996,
        "proj_x": 791804.1145,
        "proj_y": 2397092.7762
      }
    },
    {
      "type": "Feature",
      "geometry": {
        "type": "Point",
        "coordinates": [
          83.8188545,
          21.6530667
        ]
      },
      "properties": {
        "status": "dead",
        "confidence": 0.9999,
        "proj_x": 791753.1837,
        "proj_y": 2397076.7586
      }
    },
    {
      "type": "Feature",
      "geometry": {
        "type": "Point",
        "coordinates": [
          83.8190192,
          21.6530667
        ]
      },
      "properties": {
        "status": "dead",
        "confidence": 1.0,
        "proj_x": 791770.2393,
        "proj_y": 2397077.0653
      }
    },
    {
      "type": "Feature",
      "geometry": {
        "type": "Point",
        "coordinates": [
          83.8187504,
          21.6527154
        ]
      },
      "properties": {
        "status": "dead",
        "confidence": 0.9994,
        "proj_x": 791743.1108,
        "proj_y": 2397037.6464
      }
    },
    {
      "type": "Feature",
      "geometry": {
        "type": "Point",
        "coordinates": [
          83.8190194,
          21.6531943
        ]
      },
      "properties": {
        "status": "dead",
        "confidence": 1.0,
        "proj_x": 791770.0034,
        "proj_y": 2397091.1957
      }
    },
    {
      "type": "Feature",
      "geometry": {
        "type": "Point",
        "coordinates": [
          83.8193547,
          21.6531345
        ]
      },
      "properties": {
        "status": "dead",
        "confidence": 1.0,
        "proj_x": 791804.8458,
        "proj_y": 2397085.2038
      }
    },
    {
      "type": "Feature",
      "geometry": {
        "type": "Point",
        "coordinates": [
          83.8188074,
          21.6530562
        ]
      },
      "properties": {
        "status": "dead",
        "confidence": 0.9999,
        "proj_x": 791748.3242,
        "proj_y": 2397075.5083
      }
    },
    {
      "type": "Feature",
      "geometry": {
        "type": "Point",
        "coordinates": [
          83.8188555,
          21.6533306
        ]
      },
      "properties": {
        "status": "dead",
        "confidence": 0.9999,
        "proj_x": 791752.7591,
        "proj_y": 2397105.9866
      }
    },
    {
      "type": "Feature",
      "geometry": {
        "type": "Point",
        "coordinates": [
          83.8190841,
          21.6530905
        ]
      },
      "properties": {
        "status": "dead",
        "confidence": 0.9998,
        "proj_x": 791776.9153,
        "proj_y": 2397079.8253
      }
    },
    {
      "type": "Feature",
      "geometry": {
        "type": "Point",
        "coordinates": [
          83.8190905,
          21.6532769
        ]
      },
      "properties": {
        "status": "dead",
        "confidence": 1.0,
        "proj_x": 791777.1983,
        "proj_y": 2397100.4901
      }
    },
    {
      "type": "Feature",
      "geometry": {
        "type": "Point",
        "coordinates": [
          83.8191604,
          21.6529951
        ]
      },
      "properties": {
        "status": "dead",
        "confidence": 0.9999,
        "proj_x": 791785.0066,
        "proj_y": 2397069.3985
      }
    },
    {
      "type": "Feature",
      "geometry": {
        "type": "Point",
        "coordinates": [
          83.8192894,
          21.6529733
        ]
      },
      "properties": {
        "status": "dead",
        "confidence": 1.0,
        "proj_x": 791798.4058,
        "proj_y": 2397067.2282
      }
    },
    {
      "type": "Feature",
      "geometry": {
        "type": "Point",
        "coordinates": [
          83.8188892,
          21.6532003
        ]
      },
      "properties": {
        "status": "dead",
        "confidence": 0.9984,
        "proj_x": 791756.5099,
        "proj_y": 2397091.6203
      }
    },
    {
      "type": "Feature",
      "geometry": {
        "type": "Point",
        "coordinates": [
          83.8189613,
          21.6531448
        ]
      },
      "properties": {
        "status": "dead",
        "confidence": 1.0,
        "proj_x": 791764.0823,
        "proj_y": 2397085.6049
      }
    },
    {
      "type": "Feature",
      "geometry": {
        "type": "Point",
        "coordinates": [
          83.819335,
          21.6531188
        ]
      },
      "properties": {
        "status": "dead",
        "confidence": 1.0,
        "proj_x": 791802.8407,
        "proj_y": 2397083.4346
      }
    },
    {
      "type": "Feature",
      "geometry": {
        "type": "Point",
        "coordinates": [
          83.8193899,
          21.6530487
        ]
      },
      "properties": {
        "status": "dead",
        "confidence": 0.9995,
        "proj_x": 791808.6674,
        "proj_y": 2397075.7678
      }
    },
    {
      "type": "Feature",
      "geometry": {
        "type": "Point",
        "coordinates": [
          83.818861,
          21.6531652
        ]
      },
      "properties": {
        "status": "dead",
        "confidence": 0.9993,
        "proj_x": 791753.6555,
        "proj_y": 2397087.6808
      }
    },
    {
      "type": "Feature",
      "geometry": {
        "type": "Point",
        "coordinates": [
          83.8188691,
          21.6528774
        ]
      },
      "properties": {
        "status": "dead",
        "confidence": 0.9999,
        "proj_x": 791755.0709,
        "proj_y": 2397055.8107
      }
    },
    {
      "type": "Feature",
      "geometry": {
        "type": "Point",
        "coordinates": [
          83.8190704,
          21.6528156
        ]
      },
      "properties": {
        "status": "dead",
        "confidence": 0.9999,
        "proj_x": 791776.0424,
        "proj_y": 2397049.347
      }
    },
    {
      "type": "Feature",
      "geometry": {
        "type": "Point",
        "coordinates": [
          83.8191288,
          21.6531253
        ]
      },
      "properties": {
        "status": "dead",
        "confidence": 0.9999,
        "proj_x": 791781.4681,
        "proj_y": 2397083.7648
      }
    },
    {
      "type": "Feature",
      "geometry": {
        "type": "Point",
        "coordinates": [
          83.8189197,
          21.6533016
        ]
      },
      "properties": {
        "status": "dead",
        "confidence": 1.0,
        "proj_x": 791759.4587,
        "proj_y": 2397102.8963
      }
    },
    {
      "type": "Feature",
      "geometry": {
        "type": "Point",
        "coordinates": [
          83.8192638,
          21.6532144
        ]
      },
      "properties": {
        "status": "dead",
        "confidence": 0.9999,
        "proj_x": 791795.2683,
        "proj_y": 2397093.8849
      }
    },
    {
      "type": "Feature",
      "geometry": {
        "type": "Point",
        "coordinates": [
          83.8189408,
          21.6528872
        ]
      },
      "properties": {
        "status": "dead",
        "confidence": 0.9991,
        "proj_x": 791762.4782,
        "proj_y": 2397057.0374
      }
    },
    {
      "type": "Feature",
      "geometry": {
        "type": "Point",
        "coordinates": [
          83.8189388,
          21.6527384
        ]
      },
      "properties": {
        "status": "dead",
        "confidence": 1.0,
        "proj_x": 791762.5725,
        "proj_y": 2397040.548
      }
    },
    {
      "type": "Feature",
      "geometry": {
        "type": "Point",
        "coordinates": [
          83.819178,
          21.653196
        ]
      },
      "properties": {
        "status": "dead",
        "confidence": 0.9999,
        "proj_x": 791786.422,
        "proj_y": 2397091.6911
      }
    },
    {
      "type": "Feature",
      "geometry": {
        "type": "Point",
        "coordinates": [
          83.8191352,
          21.6531625
        ]
      },
      "properties": {
        "status": "dead",
        "confidence": 0.9982,
        "proj_x": 791782.0579,
        "proj_y": 2397087.8931
      }
    },
    {
      "type": "Feature",
      "geometry": {
        "type": "Point",
        "coordinates": [
          83.8191322,
          21.6532449
        ]
      },
      "properties": {
        "status": "dead",
        "confidence": 0.9999,
        "proj_x": 791781.5861,
        "proj_y": 2397097.0224
      }
    },
    {
      "type": "Feature",
      "geometry": {
        "type": "Point",
        "coordinates": [
          83.8192122,
          21.6527072
        ]
      },
      "properties": {
        "status": "dead",
        "confidence": 1.0,
        "proj_x": 791790.9513,
        "proj_y": 2397037.5992
      }
    },
    {
      "type": "Feature",
      "geometry": {
        "type": "Point",
        "coordinates": [
          83.818826,
          21.6529133
        ]
      },
      "properties": {
        "status": "dead",
        "confidence": 0.9999,
        "proj_x": 791750.5416,
        "proj_y": 2397059.703
      }
    },
    {
      "type": "Feature",
      "geometry": {
        "type": "Point",
        "coordinates": [
          83.8191291,
          21.6530152
        ]
      },
      "properties": {
        "status": "dead",
        "confidence": 0.9988,
        "proj_x": 791781.7276,
        "proj_y": 2397071.5688
      }
    },
    {
      "type": "Feature",
      "geometry": {
        "type": "Point",
        "coordinates": [
          83.819019,
          21.6530935
        ]
      },
      "properties": {
        "status": "dead",
        "confidence": 1.0,
        "proj_x": 791770.1685,
        "proj_y": 2397080.0376
      }
    },
    {
      "type": "Feature",
      "geometry": {
        "type": "Point",
        "coordinates": [
          83.8190598,
          21.6531152
        ]
      },
      "properties": {
        "status": "dead",
        "confidence": 0.9999,
        "proj_x": 791774.344,
        "proj_y": 2397082.5146
      }
    },
    {
      "type": "Feature",
      "geometry": {
        "type": "Point",
        "coordinates": [
          83.81893,
          21.6531634
        ]
      },
      "properties": {
        "status": "dead",
        "confidence": 1.0,
        "proj_x": 791760.8033,
        "proj_y": 2397087.61
      }
    },
    {
      "type": "Feature",
      "geometry": {
        "type": "Point",
        "coordinates": [
          83.8197804,
          21.6528155
        ]
      },
      "properties": {
        "status": "dead",
        "confidence": 0.9999,
        "proj_x": 791849.5725,
        "proj_y": 2397050.6681
      }
    },
    {
      "type": "Feature",
      "geometry": {
        "type": "Point",
        "coordinates": [
          83.8199259,
          21.6529874
        ]
      },
      "properties": {
        "status": "dead",
        "confidence": 1.0,
        "proj_x": 791864.2926,
        "proj_y": 2397069.9883
      }
    },
    {
      "type": "Feature",
      "geometry": {
        "type": "Point",
        "coordinates": [
          83.8195317,
          21.6528306
        ]
      },
      "properties": {
        "status": "dead",
        "confidence": 1.0,
        "proj_x": 791823.7886,
        "proj_y": 2397051.8712
      }
    },
    {
      "type": "Feature",
      "geometry": {
        "type": "Point",
        "coordinates": [
          83.8197059,
          21.6531779
        ]
      },
      "properties": {
        "status": "dead",
        "confidence": 1.0,
        "proj_x": 791841.1272,
        "proj_y": 2397090.6767
      }
    },
    {
      "type": "Feature",
      "geometry": {
        "type": "Point",
        "coordinates": [
          83.8197286,
          21.6533283
        ]
      },
      "properties": {
        "status": "dead",
        "confidence": 1.0,
        "proj_x": 791843.1796,
        "proj_y": 2397107.3784
      }
    },
    {
      "type": "Feature",
      "geometry": {
        "type": "Point",
        "coordinates": [
          83.8199783,
          21.6527091
        ]
      },
      "properties": {
        "status": "dead",
        "confidence": 1.0,
        "proj_x": 791870.2845,
        "proj_y": 2397039.2505
      }
    },
    {
      "type": "Feature",
      "geometry": {
        "type": "Point",
        "coordinates": [
          83.819492,
          21.6529577
        ]
      },
      "properties": {
        "status": "dead",
        "confidence": 1.0,
        "proj_x": 791819.4244,
        "proj_y": 2397065.8836
      }
    },
    {
      "type": "Feature",
      "geometry": {
        "type": "Point",
        "coordinates": [
          83.8199373,
          21.6526989
        ]
      },
      "properties": {
        "status": "dead",
        "confidence": 0.9999,
        "proj_x": 791866.0619,
        "proj_y": 2397038.0474
      }
    },
    {
      "type": "Feature",
      "geometry": {
        "type": "Point",
        "coordinates": [
          83.8194214,
          21.6530041
        ]
      },
      "properties": {
        "status": "dead",
        "confidence": 1.0,
        "proj_x": 791812.0172,
        "proj_y": 2397070.8847
      }
    },
    {
      "type": "Feature",
      "geometry": {
        "type": "Point",
        "coordinates": [
          83.8196768,
          21.6532274
        ]
      },
      "properties": {
        "status": "dead",
        "confidence": 1.0,
        "proj_x": 791838.0134,
        "proj_y": 2397096.1024
      }
    },
    {
      "type": "Feature",
      "geometry": {
        "type": "Point",
        "coordinates": [
          83.8198307,
          21.6532363
        ]
      },
      "properties": {
        "status": "dead",
        "confidence": 1.0,
        "proj_x": 791853.9366,
        "proj_y": 2397097.3763
      }
    },
    {
      "type": "Feature",
      "geometry": {
        "type": "Point",
        "coordinates": [
          83.8199122,
          21.6528727
        ]
      },
      "properties": {
        "status": "dead",
        "confidence": 1.0,
        "proj_x": 791863.1131,
        "proj_y": 2397057.2497
      }
    },
    {
      "type": "Feature",
      "geometry": {
        "type": "Point",
        "coordinates": [
          83.8200446,
          21.6529584
        ]
      },
      "properties": {
        "status": "dead",
        "confidence": 1.0,
        "proj_x": 791876.6538,
        "proj_y": 2397066.9923
      }
    },
    {
      "type": "Feature",
      "geometry": {
        "type": "Point",
        "coordinates": [
          83.8195084,
          21.6527571
        ]
      },
      "properties": {
        "status": "dead",
        "confidence": 1.0,
        "proj_x": 791821.524,
        "proj_y": 2397043.6854
      }
    },
    {
      "type": "Feature",
      "geometry": {
        "type": "Point",
        "coordinates": [
          83.8196523,
          21.6531266
        ]
      },
      "properties": {
        "status": "dead",
        "confidence": 0.9992,
        "proj_x": 791835.678,
        "proj_y": 2397084.8972
      }
    },
    {
      "type": "Feature",
      "geometry": {
        "type": "Point",
        "coordinates": [
          83.8200299,
          21.6531509
        ]
      },
      "properties": {
        "status": "dead",
        "confidence": 0.999,
        "proj_x": 791874.743,
        "proj_y": 2397088.2941
      }
    },
    {
      "type": "Feature",
      "geometry": {
        "type": "Point",
        "coordinates": [
          83.8195365,
          21.6528891
        ]
      },
      "properties": {
        "status": "dead",
        "confidence": 0.9999,
        "proj_x": 791824.166,
        "proj_y": 2397058.3584
      }
    },
    {
      "type": "Feature",
      "geometry": {
        "type": "Point",
        "coordinates": [
          83.8195837,
          21.6529279
        ]
      },
      "properties": {
        "status": "dead",
        "confidence": 0.9993,
        "proj_x": 791828.9784,
        "proj_y": 2397062.7461
      }
    },
    {
      "type": "Feature",
      "geometry": {
        "type": "Point",
        "coordinates": [
          83.8195917,
          21.6527088
        ]
      },
      "properties": {
        "status": "dead",
        "confidence": 0.9999,
        "proj_x": 791830.2523,
        "proj_y": 2397038.4956
      }
    },
    {
      "type": "Feature",
      "geometry": {
        "type": "Point",
        "coordinates": [
          83.819714,
          21.6532438
        ]
      },
      "properties": {
        "status": "dead",
        "confidence": 1.0,
        "proj_x": 791841.8349,
        "proj_y": 2397097.9896
      }
    },
    {
      "type": "Feature",
      "geometry": {
        "type": "Point",
        "coordinates": [
          83.8195858,
          21.6533179
        ]
      },
      "properties": {
        "status": "dead",
        "confidence": 1.0,
        "proj_x": 791828.4122,
        "proj_y": 2397105.963
      }
    },
    {
      "type": "Feature",
      "geometry": {
        "type": "Point",
        "coordinates": [
          83.8196729,
          21.6532998
        ]
      },
      "properties": {
        "status": "dead",
        "confidence": 0.9998,
        "proj_x": 791837.4708,
        "proj_y": 2397104.123
      }
    },
    {
      "type": "Feature",
      "geometry": {
        "type": "Point",
        "coordinates": [
          83.8196713,
          21.6531926
        ]
      },
      "properties": {
        "status": "dead",
        "confidence": 1.0,
        "proj_x": 791837.518,
        "proj_y": 2397092.2336
      }
    },
    {
      "type": "Feature",
      "geometry": {
        "type": "Point",
        "coordinates": [
          83.8197861,
          21.6530524
        ]
      },
      "properties": {
        "status": "dead",
        "confidence": 0.9996,
        "proj_x": 791849.6904,
        "proj_y": 2397076.9237
      }
    },
    {
      "type": "Feature",
      "geometry": {
        "type": "Point",
        "coordinates": [
          83.8198069,
          21.6529862
        ]
      },
      "properties": {
        "status": "dead",
        "confidence": 1.0,
        "proj_x": 791851.9786,
        "proj_y": 2397069.6344
      }
    },
    {
      "type": "Feature",
      "geometry": {
        "type": "Point",
        "coordinates": [
          83.8199864,
          21.6532656
        ]
      },
      "properties": {
        "status": "dead",
        "confidence": 1.0,
        "proj_x": 791870.0014,
        "proj_y": 2397100.9148
      }
    },
    {
      "type": "Feature",
      "geometry": {
        "type": "Point",
        "coordinates": [
          83.820051,
          21.6528888
        ]
      },
      "properties": {
        "status": "dead",
        "confidence": 1.0,
        "proj_x": 791877.4558,
        "proj_y": 2397059.302
      }
    },
    {
      "type": "Feature",
      "geometry": {
        "type": "Point",
        "coordinates": [
          83.8197336,
          21.6531613
        ]
      },
      "properties": {
        "status": "dead",
        "confidence": 1.0,
        "proj_x": 791844.0288,
        "proj_y": 2397088.8839
      }
    },
    {
      "type": "Feature",
      "geometry": {
        "type": "Point",
        "coordinates": [
          83.8200122,
          21.652766
        ]
      },
      "properties": {
        "status": "dead",
        "confidence": 1.0,
        "proj_x": 791873.6814,
        "proj_y": 2397045.6198
      }
    },
    {
      "type": "Feature",
      "geometry": {
        "type": "Point",
        "coordinates": [
          83.8197089,
          21.6529336
        ]
      },
      "properties": {
        "status": "dead",
        "confidence": 0.9997,
        "proj_x": 791841.9293,
        "proj_y": 2397063.619
      }
    },
    {
      "type": "Feature",
      "geometry": {
        "type": "Point",
        "coordinates": [
          83.8197141,
          21.6528288
        ]
      },
      "properties": {
        "status": "dead",
        "confidence": 1.0,
        "proj_x": 791842.6842,
        "proj_y": 2397052.0127
      }
    },
    {
      "type": "Feature",
      "geometry": {
        "type": "Point",
        "coordinates": [
          83.819888,
          21.6527975
        ]
      },
      "properties": {
        "status": "dead",
        "confidence": 0.9999,
        "proj_x": 791860.7541,
        "proj_y": 2397048.8752
      }
    },
    {
      "type": "Feature",
      "geometry": {
        "type": "Point",
        "coordinates": [
          83.8200428,
          21.65312
        ]
      },
      "properties": {
        "status": "dead",
        "confidence": 1.0,
        "proj_x": 791876.1348,
        "proj_y": 2397084.8972
      }
    },
    {
      "type": "Feature",
      "geometry": {
        "type": "Point",
        "coordinates": [
          83.8195814,
          21.6530885
        ]
      },
      "properties": {
        "status": "dead",
        "confidence": 1.0,
        "proj_x": 791828.4122,
        "proj_y": 2397080.533
      }
    },
    {
      "type": "Feature",
      "geometry": {
        "type": "Point",
        "coordinates": [
          83.8195922,
          21.6528361
        ]
      },
      "properties": {
        "status": "dead",
        "confidence": 0.9999,
        "proj_x": 791830.0399,
        "proj_y": 2397052.6024
      }
    },
    {
      "type": "Feature",
      "geometry": {
        "type": "Point",
        "coordinates": [
          83.8197762,
          21.6530206
        ]
      },
      "properties": {
        "status": "dead",
        "confidence": 1.0,
        "proj_x": 791848.7232,
        "proj_y": 2397073.3852
      }
    },
    {
      "type": "Feature",
      "geometry": {
        "type": "Point",
        "coordinates": [
          83.8198557,
          21.6529899
        ]
      },
      "properties": {
        "status": "dead",
        "confidence": 1.0,
        "proj_x": 791857.0269,
        "proj_y": 2397070.1298
      }
    },
    {
      "type": "Feature",
      "geometry": {
        "type": "Point",
        "coordinates": [
          83.8198682,
          21.6531134
        ]
      },
      "properties": {
        "status": "dead",
        "confidence": 0.9991,
        "proj_x": 791858.0649,
        "proj_y": 2397083.8356
      }
    },
    {
      "type": "Feature",
      "geometry": {
        "type": "Point",
        "coordinates": [
          83.8199197,
          21.6527407
        ]
      },
      "properties": {
        "status": "dead",
        "confidence": 0.9999,
        "proj_x": 791864.1511,
        "proj_y": 2397042.6475
      }
    },
    {
      "type": "Feature",
      "geometry": {
        "type": "Point",
        "coordinates": [
          83.8200156,
          21.6529629
        ]
      },
      "properties": {
        "status": "dead",
        "confidence": 0.9998,
        "proj_x": 791873.6343,
        "proj_y": 2397067.4405
      }
    },
    {
      "type": "Feature",
      "geometry": {
        "type": "Point",
        "coordinates": [
          83.8199445,
          21.653035
        ]
      },
      "properties": {
        "status": "dead",
        "confidence": 1.0,
        "proj_x": 791866.1326,
        "proj_y": 2397075.296
      }
    },
    {
      "type": "Feature",
      "geometry": {
        "type": "Point",
        "coordinates": [
          83.8199545,
          21.6532401
        ]
      },
      "properties": {
        "status": "dead",
        "confidence": 1.0,
        "proj_x": 791866.746,
        "proj_y": 2397098.0368
      }
    },
    {
      "type": "Feature",
      "geometry": {
        "type": "Point",
        "coordinates": [
          83.8200627,
          21.6533113
        ]
      },
      "properties": {
        "status": "dead",
        "confidence": 1.0,
        "proj_x": 791877.8097,
        "proj_y": 2397106.1282
      }
    },
    {
      "type": "Feature",
      "geometry": {
        "type": "Point",
        "coordinates": [
          83.8200637,
          21.65327
        ]
      },
      "properties": {
        "status": "dead",
        "confidence": 1.0,
        "proj_x": 791877.9984,
        "proj_y": 2397101.5517
      }
    },
    {
      "type": "Feature",
      "geometry": {
        "type": "Point",
        "coordinates": [
          83.8196206,
          21.6527537
        ]
      },
      "properties": {
        "status": "dead",
        "confidence": 0.9991,
        "proj_x": 791833.1538,
        "proj_y": 2397043.5203
      }
    },
    {
      "type": "Feature",
      "geometry": {
        "type": "Point",
        "coordinates": [
          83.819924,
          21.6531844
        ]
      },
      "properties": {
        "status": "dead",
        "confidence": 0.9807,
        "proj_x": 791863.7029,
        "proj_y": 2397091.809
      }
    },
    {
      "type": "Feature",
      "geometry": {
        "type": "Point",
        "coordinates": [
          83.8195892,
          21.6529759
        ]
      },
      "properties": {
        "status": "dead",
        "confidence": 1.0,
        "proj_x": 791829.4502,
        "proj_y": 2397068.0775
      }
    },
    {
      "type": "Feature",
      "geometry": {
        "type": "Point",
        "coordinates": [
          83.819664,
          21.6532753
        ]
      },
      "properties": {
        "status": "dead",
        "confidence": 0.9994,
        "proj_x": 791836.598,
        "proj_y": 2397101.3866
      }
    },
    {
      "type": "Feature",
      "geometry": {
        "type": "Point",
        "coordinates": [
          83.8199217,
          21.6527058
        ]
      },
      "properties": {
        "status": "dead",
        "confidence": 1.0,
        "proj_x": 791864.4342,
        "proj_y": 2397038.7787
      }
    },
    {
      "type": "Feature",
      "geometry": {
        "type": "Point",
        "coordinates": [
          83.8199568,
          21.6529262
        ]
      },
      "properties": {
        "status": "dead",
        "confidence": 1.0,
        "proj_x": 791867.6188,
        "proj_y": 2397063.2651
      }
    },
    {
      "type": "Feature",
      "geometry": {
        "type": "Point",
        "coordinates": [
          83.8196714,
          21.652707
        ]
      },
      "properties": {
        "status": "dead",
        "confidence": 0.9999,
        "proj_x": 791838.5088,
        "proj_y": 2397038.4484
      }
    },
    {
      "type": "Feature",
      "geometry": {
        "type": "Point",
        "coordinates": [
          83.8200064,
          21.6530289
        ]
      },
      "properties": {
        "status": "dead",
        "confidence": 0.9999,
        "proj_x": 791872.5491,
        "proj_y": 2397074.7299
      }
    },
    {
      "type": "Feature",
      "geometry": {
        "type": "Point",
        "coordinates": [
          83.8200316,
          21.6526994
        ]
      },
      "properties": {
        "status": "dead",
        "confidence": 0.8612,
        "proj_x": 791875.8281,
        "proj_y": 2397038.2833
      }
    },
    {
      "type": "Feature",
      "geometry": {
        "type": "Point",
        "coordinates": [
          83.8197455,
          21.6530627
        ]
      },
      "properties": {
        "status": "dead",
        "confidence": 0.9343,
        "proj_x": 791845.4678,
        "proj_y": 2397077.9853
      }
    },
    {
      "type": "Feature",
      "geometry": {
        "type": "Point",
        "coordinates": [
          83.8197721,
          21.6533146
        ]
      },
      "properties": {
        "status": "dead",
        "confidence": 0.9998,
        "proj_x": 791847.7089,
        "proj_y": 2397105.9394
      }
    },
    {
      "type": "Feature",
      "geometry": {
        "type": "Point",
        "coordinates": [
          83.8198997,
          21.6529442
        ]
      },
      "properties": {
        "status": "dead",
        "confidence": 0.9999,
        "proj_x": 791861.6741,
        "proj_y": 2397065.1523
      }
    },
    {
      "type": "Feature",
      "geometry": {
        "type": "Point",
        "coordinates": [
          83.8200484,
          21.653247
        ]
      },
      "properties": {
        "status": "dead",
        "confidence": 1.0,
        "proj_x": 791876.4651,
        "proj_y": 2397098.9804
      }
    },
    {
      "type": "Feature",
      "geometry": {
        "type": "Point",
        "coordinates": [
          83.8200145,
          21.6528609
        ]
      },
      "properties": {
        "status": "dead",
        "confidence": 1.0,
        "proj_x": 791873.7286,
        "proj_y": 2397056.1409
      }
    },
    {
      "type": "Feature",
      "geometry": {
        "type": "Point",
        "coordinates": [
          83.8198061,
          21.6528036
        ]
      },
      "properties": {
        "status": "dead",
        "confidence": 0.9998,
        "proj_x": 791852.2617,
        "proj_y": 2397049.3942
      }
    },
    {
      "type": "Feature",
      "geometry": {
        "type": "Point",
        "coordinates": [
          83.8198758,
          21.6533164
        ]
      },
      "properties": {
        "status": "dead",
        "confidence": 1.0,
        "proj_x": 791858.4423,
        "proj_y": 2397106.3405
      }
    },
    {
      "type": "Feature",
      "geometry": {
        "type": "Point",
        "coordinates": [
          83.8194338,
          21.6533014
        ]
      },
      "properties": {
        "status": "dead",
        "confidence": 1.0,
        "proj_x": 791812.7013,
        "proj_y": 2397103.8399
      }
    },
    {
      "type": "Feature",
      "geometry": {
        "type": "Point",
        "coordinates": [
          83.819762,
          21.6531804
        ]
      },
      "properties": {
        "status": "dead",
        "confidence": 1.0,
        "proj_x": 791846.9304,
        "proj_y": 2397091.0541
      }
    },
    {
      "type": "Feature",
      "geometry": {
        "type": "Point",
        "coordinates": [
          83.8195683,
          21.653259
        ]
      },
      "properties": {
        "status": "dead",
        "confidence": 1.0,
        "proj_x": 791826.7138,
        "proj_y": 2397099.405
      }
    },
    {
      "type": "Feature",
      "geometry": {
        "type": "Point",
        "coordinates": [
          83.8194807,
          21.6528423
        ]
      },
      "properties": {
        "status": "dead",
        "confidence": 1.0,
        "proj_x": 791818.4808,
        "proj_y": 2397053.0742
      }
    },
    {
      "type": "Feature",
      "geometry": {
        "type": "Point",
        "coordinates": [
          83.8198654,
          21.6529109
        ]
      },
      "properties": {
        "status": "dead",
        "confidence": 0.9997,
        "proj_x": 791858.1828,
        "proj_y": 2397061.4015
      }
    },
    {
      "type": "Feature",
      "geometry": {
        "type": "Point",
        "coordinates": [
          83.8200661,
          21.6528654
        ]
      },
      "properties": {
        "status": "dead",
        "confidence": 1.0,
        "proj_x": 791879.06,
        "proj_y": 2397056.7307
      }
    },
    {
      "type": "Feature",
      "geometry": {
        "type": "Point",
        "coordinates": [
          83.8195343,
          21.6527769
        ]
      },
      "properties": {
        "status": "dead",
        "confidence": 1.0,
        "proj_x": 791824.166,
        "proj_y": 2397045.9265
      }
    },
    {
      "type": "Feature",
      "geometry": {
        "type": "Point",
        "coordinates": [
          83.8196725,
          21.6529391
        ]
      },
      "properties": {
        "status": "dead",
        "confidence": 0.9997,
        "proj_x": 791838.1549,
        "proj_y": 2397064.1615
      }
    },
    {
      "type": "Feature",
      "geometry": {
        "type": "Point",
        "coordinates": [
          83.8197521,
          21.6532133
        ]
      },
      "properties": {
        "status": "dead",
        "confidence": 0.9998,
        "proj_x": 791845.8452,
        "proj_y": 2397094.687
      }
    },
    {
      "type": "Feature",
      "geometry": {
        "type": "Point",
        "coordinates": [
          83.8195175,
          21.6531458
        ]
      },
      "properties": {
        "status": "dead",
        "confidence": 1.0,
        "proj_x": 791821.6891,
        "proj_y": 2397086.7608
      }
    },
    {
      "type": "Feature",
      "geometry": {
        "type": "Point",
        "coordinates": [
          83.8201805,
          21.6530084
        ]
      },
      "properties": {
        "status": "dead",
        "confidence": 0.9993,
        "proj_x": 791890.6191,
        "proj_y": 2397072.7955
      }
    },
    {
      "type": "Feature",
      "geometry": {
        "type": "Point",
        "coordinates": [
          83.8201983,
          21.6528026
        ]
      },
      "properties": {
        "status": "dead",
        "confidence": 0.9997,
        "proj_x": 791892.8837,
        "proj_y": 2397050.0311
      }
    },
    {
      "type": "Feature",
      "geometry": {
        "type": "Point",
        "coordinates": [
          83.8204953,
          21.652682
        ]
      },
      "properties": {
        "status": "dead",
        "confidence": 1.0,
        "proj_x": 791923.881,
        "proj_y": 2397037.2218
      }
    },
    {
      "type": "Feature",
      "geometry": {
        "type": "Point",
        "coordinates": [
          83.8201921,
          21.6532659
        ]
      },
      "properties": {
        "status": "dead",
        "confidence": 1.0,
        "proj_x": 791891.3032,
        "proj_y": 2397101.3394
      }
    },
    {
      "type": "Feature",
      "geometry": {
        "type": "Point",
        "coordinates": [
          83.8203904,
          21.6531307
        ]
      },
      "properties": {
        "status": "dead",
        "confidence": 0.9996,
        "proj_x": 791912.1096,
        "proj_y": 2397086.7372
      }
    },
    {
      "type": "Feature",
      "geometry": {
        "type": "Point",
        "coordinates": [
          83.8204328,
          21.6529492
        ]
      },
      "properties": {
        "status": "dead",
        "confidence": 0.9974,
        "proj_x": 791916.8747,
        "proj_y": 2397066.7093
      }
    },
    {
      "type": "Feature",
      "geometry": {
        "type": "Point",
        "coordinates": [
          83.8207212,
          21.652807
        ]
      },
      "properties": {
        "status": "dead",
        "confidence": 1.0,
        "proj_x": 791947.0228,
        "proj_y": 2397051.4937
      }
    },
    {
      "type": "Feature",
      "geometry": {
        "type": "Point",
        "coordinates": [
          83.8205101,
          21.6532792
        ]
      },
      "properties": {
        "status": "dead",
        "confidence": 0.998,
        "proj_x": 791924.2112,
        "proj_y": 2397103.4153
      }
    },
    {
      "type": "Feature",
      "geometry": {
        "type": "Point",
        "coordinates": [
          83.8204959,
          21.6527386
        ]
      },
      "properties": {
        "status": "dead",
        "confidence": 1.0,
        "proj_x": 791923.8338,
        "proj_y": 2397043.4967
      }
    },
    {
      "type": "Feature",
      "geometry": {
        "type": "Point",
        "coordinates": [
          83.8205179,
          21.6526973
        ]
      },
      "properties": {
        "status": "dead",
        "confidence": 1.0,
        "proj_x": 791926.1928,
        "proj_y": 2397038.9674
      }
    },
    {
      "type": "Feature",
      "geometry": {
        "type": "Point",
        "coordinates": [
          83.8205215,
          21.6528336
        ]
      },
      "properties": {
        "status": "dead",
        "confidence": 0.9999,
        "proj_x": 791926.2871,
        "proj_y": 2397054.065
      }
    },
    {
      "type": "Feature",
      "geometry": {
        "type": "Point",
        "coordinates": [
          83.8202494,
          21.6529197
        ]
      },
      "properties": {
        "status": "dead",
        "confidence": 1.0,
        "proj_x": 791897.932,
        "proj_y": 2397063.1
      }
    },
    {
      "type": "Feature",
      "geometry": {
        "type": "Point",
        "coordinates": [
          83.8203704,
          21.6527965
        ]
      },
      "properties": {
        "status": "dead",
        "confidence": 1.0,
        "proj_x": 791910.7177,
        "proj_y": 2397049.6773
      }
    },
    {
      "type": "Feature",
      "geometry": {
        "type": "Point",
        "coordinates": [
          83.8203951,
          21.6527512
        ]
      },
      "properties": {
        "status": "dead",
        "confidence": 0.9998,
        "proj_x": 791913.3598,
        "proj_y": 2397044.6998
      }
    },
    {
      "type": "Feature",
      "geometry": {
        "type": "Point",
        "coordinates": [
          83.8202054,
          21.6529328
        ]
      },
      "properties": {
        "status": "dead",
        "confidence": 0.9996,
        "proj_x": 791893.3555,
        "proj_y": 2397064.4682
      }
    },
    {
      "type": "Feature",
      "geometry": {
        "type": "Point",
        "coordinates": [
          83.8202252,
          21.6530021
        ]
      },
      "properties": {
        "status": "dead",
        "confidence": 0.9999,
        "proj_x": 791895.2663,
        "proj_y": 2397072.1821
      }
    },
    {
      "type": "Feature",
      "geometry": {
        "type": "Point",
        "coordinates": [
          83.8203603,
          21.6530514
        ]
      },
      "properties": {
        "status": "dead",
        "confidence": 0.9999,
        "proj_x": 791909.1608,
        "proj_y": 2397077.8909
      }
    },
    {
      "type": "Feature",
      "geometry": {
        "type": "Point",
        "coordinates": [
          83.8203439,
          21.6527233
        ]
      },
      "properties": {
        "status": "dead",
        "confidence": 1.0,
        "proj_x": 791908.1228,
        "proj_y": 2397041.5151
      }
    },
    {
      "type": "Feature",
      "geometry": {
        "type": "Point",
        "coordinates": [
          83.820422,
          21.6527066
        ]
      },
      "properties": {
        "status": "dead",
        "confidence": 0.9991,
        "proj_x": 791916.2378,
        "proj_y": 2397039.8167
      }
    },
    {
      "type": "Feature",
      "geometry": {
        "type": "Point",
        "coordinates": [
          83.8205387,
          21.6527132
        ]
      },
      "properties": {
        "status": "dead",
        "confidence": 1.0,
        "proj_x": 791928.3159,
        "proj_y": 2397040.7603
      }
    },
    {
      "type": "Feature",
      "geometry": {
        "type": "Point",
        "coordinates": [
          83.8207261,
          21.6532464
        ]
      },
      "properties": {
        "status": "dead",
        "confidence": 0.9999,
        "proj_x": 791946.6453,
        "proj_y": 2397100.1835
      }
    },
    {
      "type": "Feature",
      "geometry": {
        "type": "Point",
        "coordinates": [
          83.8207462,
          21.6529311
        ]
      },
      "properties": {
        "status": "dead",
        "confidence": 0.9996,
        "proj_x": 791949.3582,
        "proj_y": 2397065.2939
      }
    },
    {
      "type": "Feature",
      "geometry": {
        "type": "Point",
        "coordinates": [
          83.8203316,
          21.6526954
        ]
      },
      "properties": {
        "status": "dead",
        "confidence": 1.0,
        "proj_x": 791906.8962,
        "proj_y": 2397038.4013
      }
    },
    {
      "type": "Feature",
      "geometry": {
        "type": "Point",
        "coordinates": [
          83.8204153,
          21.6526897
        ]
      },
      "properties": {
        "status": "dead",
        "confidence": 1.0,
        "proj_x": 791915.5773,
        "proj_y": 2397037.9295
      }
    },
    {
      "type": "Feature",
      "geometry": {
        "type": "Point",
        "coordinates": [
          83.8204292,
          21.6528432
        ]
      },
      "properties": {
        "status": "dead",
        "confidence": 0.9999,
        "proj_x": 791916.7096,
        "proj_y": 2397054.9614
      }
    },
    {
      "type": "Feature",
      "geometry": {
        "type": "Point",
        "coordinates": [
          83.8204362,
          21.6528048
        ]
      },
      "properties": {
        "status": "dead",
        "confidence": 0.9998,
        "proj_x": 791917.5117,
        "proj_y": 2397050.7152
      }
    },
    {
      "type": "Feature",
      "geometry": {
        "type": "Point",
        "coordinates": [
          83.820537,
          21.6526928
        ]
      },
      "properties": {
        "status": "dead",
        "confidence": 1.0,
        "proj_x": 791928.1743,
        "proj_y": 2397038.4956
      }
    },
    {
      "type": "Feature",
      "geometry": {
        "type": "Point",
        "coordinates": [
          83.8205728,
          21.652768
        ]
      },
      "properties": {
        "status": "dead",
        "confidence": 1.0,
        "proj_x": 791931.7364,
        "proj_y": 2397046.8937
      }
    },
    {
      "type": "Feature",
      "geometry": {
        "type": "Point",
        "coordinates": [
          83.8207018,
          21.6529133
        ]
      },
      "properties": {
        "status": "dead",
        "confidence": 0.9971,
        "proj_x": 791944.8053,
        "proj_y": 2397063.2415
      }
    },
    {
      "type": "Feature",
      "geometry": {
        "type": "Point",
        "coordinates": [
          83.8207515,
          21.6533101
        ]
      },
      "properties": {
        "status": "dead",
        "confidence": 0.9984,
        "proj_x": 791949.1459,
        "proj_y": 2397107.2841
      }
    },
    {
      "type": "Feature",
      "geometry": {
        "type": "Point",
        "coordinates": [
          83.8201633,
          21.6527136
        ]
      },
      "properties": {
        "status": "dead",
        "confidence": 0.9999,
        "proj_x": 791889.4396,
        "proj_y": 2397040.0997
      }
    },
    {
      "type": "Feature",
      "geometry": {
        "type": "Point",
        "coordinates": [
          83.8203204,
          21.6529422
        ]
      },
      "properties": {
        "status": "dead",
        "confidence": 0.9999,
        "proj_x": 791905.2449,
        "proj_y": 2397065.7185
      }
    },
    {
      "type": "Feature",
      "geometry": {
        "type": "Point",
        "coordinates": [
          83.8204231,
          21.6530793
        ]
      },
      "properties": {
        "status": "dead",
        "confidence": 0.9993,
        "proj_x": 791915.6009,
        "proj_y": 2397081.0992
      }
    },
    {
      "type": "Feature",
      "geometry": {
        "type": "Point",
        "coordinates": [
          83.8206514,
          21.6529757
        ]
      },
      "properties": {
        "status": "dead",
        "confidence": 0.981,
        "proj_x": 791939.4504,
        "proj_y": 2397070.059
      }
    },
    {
      "type": "Feature",
      "geometry": {
        "type": "Point",
        "coordinates": [
          83.820673,
          21.653269
        ]
      },
      "properties": {
        "status": "dead",
        "confidence": 0.9906,
        "proj_x": 791941.1017,
        "proj_y": 2397102.5896
      }
    },
    {
      "type": "Feature",
      "geometry": {
        "type": "Point",
        "coordinates": [
          83.8207722,
          21.6531802
        ]
      },
      "properties": {
        "status": "dead",
        "confidence": 0.9987,
        "proj_x": 791951.552,
        "proj_y": 2397092.9413
      }
    },
    {
      "type": "Feature",
      "geometry": {
        "type": "Point",
        "coordinates": [
          83.8201154,
          21.6529065
        ]
      },
      "properties": {
        "status": "dead",
        "confidence": 1.0,
        "proj_x": 791884.0846,
        "proj_y": 2397061.3779
      }
    },
    {
      "type": "Feature",
      "geometry": {
        "type": "Point",
        "coordinates": [
          83.8201167,
          21.6528575
        ]
      },
      "properties": {
        "status": "dead",
        "confidence": 1.0,
        "proj_x": 791884.3205,
        "proj_y": 2397055.9522
      }
    },
    {
      "type": "Feature",
      "geometry": {
        "type": "Point",
        "coordinates": [
          83.8207076,
          21.6529959
        ]
      },
      "properties": {
        "status": "dead",
        "confidence": 0.9998,
        "proj_x": 791945.2299,
        "proj_y": 2397072.3945
      }
    },
    {
      "type": "Feature",
      "geometry": {
        "type": "Point",
        "coordinates": [
          83.8205334,
          21.6531164
        ]
      },
      "properties": {
        "status": "dead",
        "confidence": 0.9999,
        "proj_x": 791926.9477,
        "proj_y": 2397085.4161
      }
    },
    {
      "type": "Feature",
      "geometry": {
        "type": "Point",
        "coordinates": [
          83.8201809,
          21.6528555
        ]
      },
      "properties": {
        "status": "dead",
        "confidence": 0.9906,
        "proj_x": 791890.9729,
        "proj_y": 2397055.8579
      }
    },
    {
      "type": "Feature",
      "geometry": {
        "type": "Point",
        "coordinates": [
          83.8202115,
          21.6528612
        ]
      },
      "properties": {
        "status": "dead",
        "confidence": 1.0,
        "proj_x": 791894.134,
        "proj_y": 2397056.542
      }
    },
    {
      "type": "Feature",
      "geometry": {
        "type": "Point",
        "coordinates": [
          83.8205612,
          21.6529076
        ]
      },
      "properties": {
        "status": "dead",
        "confidence": 0.9995,
        "proj_x": 791930.2503,
        "proj_y": 2397062.3451
      }
    },
    {
      "type": "Feature",
      "geometry": {
        "type": "Point",
        "coordinates": [
          83.8207637,
          21.6532464
        ]
      },
      "properties": {
        "status": "dead",
        "confidence": 1.0,
        "proj_x": 791950.5377,
        "proj_y": 2397100.2542
      }
    },
    {
      "type": "Feature",
      "geometry": {
        "type": "Point",
        "coordinates": [
          83.8203815,
          21.6532963
        ]
      },
      "properties": {
        "status": "dead",
        "confidence": 1.0,
        "proj_x": 791910.8593,
        "proj_y": 2397105.0666
      }
    },
    {
      "type": "Feature",
      "geometry": {
        "type": "Point",
        "coordinates": [
          83.8203984,
          21.6530422
        ]
      },
      "properties": {
        "status": "dead",
        "confidence": 0.9988,
        "proj_x": 791913.1239,
        "proj_y": 2397076.9473
      }
    },
    {
      "type": "Feature",
      "geometry": {
        "type": "Point",
        "coordinates": [
          83.8205648,
          21.6529996
        ]
      },
      "properties": {
        "status": "dead",
        "confidence": 1.0,
        "proj_x": 791930.439,
        "proj_y": 2397072.536
      }
    },
    {
      "type": "Feature",
      "geometry": {
        "type": "Point",
        "coordinates": [
          83.8205691,
          21.6529264
        ]
      },
      "properties": {
        "status": "dead",
        "confidence": 0.9999,
        "proj_x": 791931.0287,
        "proj_y": 2397064.4446
      }
    },
    {
      "type": "Feature",
      "geometry": {
        "type": "Point",
        "coordinates": [
          83.8205908,
          21.6531286
        ]
      },
      "properties": {
        "status": "dead",
        "confidence": 0.9969,
        "proj_x": 791932.8688,
        "proj_y": 2397086.8787
      }
    },
    {
      "type": "Feature",
      "geometry": {
        "type": "Point",
        "coordinates": [
          83.8205654,
          21.6532427
        ]
      },
      "properties": {
        "status": "dead",
        "confidence": 0.9998,
        "proj_x": 791930.0144,
        "proj_y": 2397099.4758
      }
    },
    {
      "type": "Feature",
      "geometry": {
        "type": "Point",
        "coordinates": [
          83.8201276,
          21.6528183
        ]
      },
      "properties": {
        "status": "dead",
        "confidence": 0.9999,
        "proj_x": 791885.5236,
        "proj_y": 2397051.6353
      }
    },
    {
      "type": "Feature",
      "geometry": {
        "type": "Point",
        "coordinates": [
          83.8202012,
          21.6531133
        ]
      },
      "properties": {
        "status": "dead",
        "confidence": 0.9999,
        "proj_x": 791892.5534,
        "proj_y": 2397084.4489
      }
    },
    {
      "type": "Feature",
      "geometry": {
        "type": "Point",
        "coordinates": [
          83.8202008,
          21.652717
        ]
      },
      "properties": {
        "status": "dead",
        "confidence": 1.0,
        "proj_x": 791893.3083,
        "proj_y": 2397040.548
      }
    },
    {
      "type": "Feature",
      "geometry": {
        "type": "Point",
        "coordinates": [
          83.8202235,
          21.6532879
        ]
      },
      "properties": {
        "status": "dead",
        "confidence": 0.9998,
        "proj_x": 791894.5114,
        "proj_y": 2397103.8399
      }
    },
    {
      "type": "Feature",
      "geometry": {
        "type": "Point",
        "coordinates": [
          83.8205148,
          21.6531684
        ]
      },
      "properties": {
        "status": "dead",
        "confidence": 0.9994,
        "proj_x": 791924.9189,
        "proj_y": 2397091.1485
      }
    },
    {
      "type": "Feature",
      "geometry": {
        "type": "Point",
        "coordinates": [
          83.820587,
          21.6531108
        ]
      },
      "properties": {
        "status": "dead",
        "confidence": 1.0,
        "proj_x": 791932.5149,
        "proj_y": 2397084.8972
      }
    },
    {
      "type": "Feature",
      "geometry": {
        "type": "Point",
        "coordinates": [
          83.8206661,
          21.6530998
        ]
      },
      "properties": {
        "status": "dead",
        "confidence": 0.9999,
        "proj_x": 791940.7242,
        "proj_y": 2397083.8356
      }
    },
    {
      "type": "Feature",
      "geometry": {
        "type": "Point",
        "coordinates": [
          83.8207471,
          21.6532379
        ]
      },
      "properties": {
        "status": "dead",
        "confidence": 1.0,
        "proj_x": 791948.8392,
        "proj_y": 2397099.287
      }
    },
    {
      "type": "Feature",
      "geometry": {
        "type": "Point",
        "coordinates": [
          83.8204529,
          21.6530319
        ]
      },
      "properties": {
        "status": "dead",
        "confidence": 0.9995,
        "proj_x": 791918.7855,
        "proj_y": 2397075.9094
      }
    },
    {
      "type": "Feature",
      "geometry": {
        "type": "Point",
        "coordinates": [
          83.8205289,
          21.6532376
        ]
      },
      "properties": {
        "status": "dead",
        "confidence": 0.9984,
        "proj_x": 791926.24,
        "proj_y": 2397098.8388
      }
    },
    {
      "type": "Feature",
      "geometry": {
        "type": "Point",
        "coordinates": [
          83.8207763,
          21.6531216
        ]
      },
      "properties": {
        "status": "dead",
        "confidence": 1.0,
        "proj_x": 791952.0946,
        "proj_y": 2397086.4541
      }
    },
    {
      "type": "Feature",
      "geometry": {
        "type": "Point",
        "coordinates": [
          83.8204968,
          21.653075
        ]
      },
      "properties": {
        "status": "dead",
        "confidence": 1.0,
        "proj_x": 791923.244,
        "proj_y": 2397080.7689
      }
    },
    {
      "type": "Feature",
      "geometry": {
        "type": "Point",
        "coordinates": [
          83.8200926,
          21.6529277
        ]
      },
      "properties": {
        "status": "dead",
        "confidence": 0.9999,
        "proj_x": 791881.6785,
        "proj_y": 2397063.6897
      }
    },
    {
      "type": "Feature",
      "geometry": {
        "type": "Point",
        "coordinates": [
          83.8202833,
          21.6528855
        ]
      },
      "properties": {
        "status": "dead",
        "confidence": 0.9998,
        "proj_x": 791901.5176,
        "proj_y": 2397059.3728
      }
    },
    {
      "type": "Feature",
      "geometry": {
        "type": "Point",
        "coordinates": [
          83.8203189,
          21.6527122
        ]
      },
      "properties": {
        "status": "dead",
        "confidence": 0.999,
        "proj_x": 791905.5515,
        "proj_y": 2397040.2413
      }
    },
    {
      "type": "Feature",
      "geometry": {
        "type": "Point",
        "coordinates": [
          83.8203612,
          21.6530343
        ]
      },
      "properties": {
        "status": "dead",
        "confidence": 0.9997,
        "proj_x": 791909.2788,
        "proj_y": 2397076.0037
      }
    },
    {
      "type": "Feature",
      "geometry": {
        "type": "Point",
        "coordinates": [
          83.8205675,
          21.6531362
        ]
      },
      "properties": {
        "status": "dead",
        "confidence": 0.9999,
        "proj_x": 791930.439,
        "proj_y": 2397087.6808
      }
    },
    {
      "type": "Feature",
      "geometry": {
        "type": "Point",
        "coordinates": [
          83.8202178,
          21.6529039
        ]
      },
      "properties": {
        "status": "dead",
        "confidence": 0.9998,
        "proj_x": 791894.7001,
        "proj_y": 2397061.2836
      }
    },
    {
      "type": "Feature",
      "geometry": {
        "type": "Point",
        "coordinates": [
          83.8202445,
          21.6530459
        ]
      },
      "properties": {
        "status": "dead",
        "confidence": 0.9999,
        "proj_x": 791897.1771,
        "proj_y": 2397077.0653
      }
    },
    {
      "type": "Feature",
      "geometry": {
        "type": "Point",
        "coordinates": [
          83.8203827,
          21.6526909
        ]
      },
      "properties": {
        "status": "dead",
        "confidence": 1.0,
        "proj_x": 791912.2039,
        "proj_y": 2397038.0002
      }
    },
    {
      "type": "Feature",
      "geometry": {
        "type": "Point",
        "coordinates": [
          83.8200993,
          21.6530507
        ]
      },
      "properties": {
        "status": "dead",
        "confidence": 0.9999,
        "proj_x": 791882.1267,
        "proj_y": 2397077.3248
      }
    },
    {
      "type": "Feature",
      "geometry": {
        "type": "Point",
        "coordinates": [
          83.8201833,
          21.6529057
        ]
      },
      "properties": {
        "status": "dead",
        "confidence": 0.9998,
        "proj_x": 791891.1145,
        "proj_y": 2397061.4251
      }
    },
    {
      "type": "Feature",
      "geometry": {
        "type": "Point",
        "coordinates": [
          83.8207663,
          21.6529812
        ]
      },
      "properties": {
        "status": "dead",
        "confidence": 0.9998,
        "proj_x": 791951.3397,
        "proj_y": 2397070.8847
      }
    },
    {
      "type": "Feature",
      "geometry": {
        "type": "Point",
        "coordinates": [
          83.8202752,
          21.6528311
        ]
      },
      "properties": {
        "status": "dead",
        "confidence": 0.9999,
        "proj_x": 791900.7864,
        "proj_y": 2397053.3337
      }
    },
    {
      "type": "Feature",
      "geometry": {
        "type": "Point",
        "coordinates": [
          83.8203582,
          21.6527788
        ]
      },
      "properties": {
        "status": "dead",
        "confidence": 0.9997,
        "proj_x": 791909.4911,
        "proj_y": 2397047.6957
      }
    },
    {
      "type": "Feature",
      "geometry": {
        "type": "Point",
        "coordinates": [
          83.8204764,
          21.6529031
        ]
      },
      "properties": {
        "status": "dead",
        "confidence": 0.9999,
        "proj_x": 791921.4748,
        "proj_y": 2397061.6846
      }
    },
    {
      "type": "Feature",
      "geometry": {
        "type": "Point",
        "coordinates": [
          83.8204885,
          21.6529632
        ]
      },
      "properties": {
        "status": "dead",
        "confidence": 0.9987,
        "proj_x": 791922.6071,
        "proj_y": 2397068.3606
      }
    },
    {
      "type": "Feature",
      "geometry": {
        "type": "Point",
        "coordinates": [
          83.8207456,
          21.6531368
        ]
      },
      "properties": {
        "status": "dead",
        "confidence": 0.9996,
        "proj_x": 791948.8864,
        "proj_y": 2397088.0818
      }
    },
    {
      "type": "Feature",
      "geometry": {
        "type": "Point",
        "coordinates": [
          83.8205583,
          21.6530851
        ]
      },
      "properties": {
        "status": "dead",
        "confidence": 0.9999,
        "proj_x": 791929.5897,
        "proj_y": 2397081.9956
      }
    },
    {
      "type": "Feature",
      "geometry": {
        "type": "Point",
        "coordinates": [
          83.8207609,
          21.6531642
        ]
      },
      "properties": {
        "status": "dead",
        "confidence": 1.0,
        "proj_x": 791950.4197,
        "proj_y": 2397091.1485
      }
    },
    {
      "type": "Feature",
      "geometry": {
        "type": "Point",
        "coordinates": [
          83.8203241,
          21.653259
        ]
      },
      "properties": {
        "status": "dead",
        "confidence": 1.0,
        "proj_x": 791904.9854,
        "proj_y": 2397100.8204
      }
    },
    {
      "type": "Feature",
      "geometry": {
        "type": "Point",
        "coordinates": [
          83.8207407,
          21.6531548
        ]
      },
      "properties": {
        "status": "dead",
        "confidence": 1.0,
        "proj_x": 791948.3438,
        "proj_y": 2397090.0634
      }
    },
    {
      "type": "Feature",
      "geometry": {
        "type": "Point",
        "coordinates": [
          83.8203627,
          21.6532905
        ]
      },
      "properties": {
        "status": "dead",
        "confidence": 0.9996,
        "proj_x": 791908.9249,
        "proj_y": 2397104.3825
      }
    },
    {
      "type": "Feature",
      "geometry": {
        "type": "Point",
        "coordinates": [
          83.8206456,
          21.6532205
        ]
      },
      "properties": {
        "status": "dead",
        "confidence": 0.9999,
        "proj_x": 791938.3652,
        "proj_y": 2397097.1639
      }
    },
    {
      "type": "Feature",
      "geometry": {
        "type": "Point",
        "coordinates": [
          83.8204825,
          21.6532512
        ]
      },
      "properties": {
        "status": "dead",
        "confidence": 0.9988,
        "proj_x": 791921.404,
        "proj_y": 2397100.2542
      }
    },
    {
      "type": "Feature",
      "geometry": {
        "type": "Point",
        "coordinates": [
          83.8207063,
          21.6528962
        ]
      },
      "properties": {
        "status": "dead",
        "confidence": 0.9942,
        "proj_x": 791945.3007,
        "proj_y": 2397061.3543
      }
    },
    {
      "type": "Feature",
      "geometry": {
        "type": "Point",
        "coordinates": [
          83.8205152,
          21.6527425
        ]
      },
      "properties": {
        "status": "dead",
        "confidence": 1.0,
        "proj_x": 791925.8153,
        "proj_y": 2397043.9685
      }
    },
    {
      "type": "Feature",
      "geometry": {
        "type": "Point",
        "coordinates": [
          83.8202107,
          21.653204
        ]
      },
      "properties": {
        "status": "dead",
        "confidence": 0.999,
        "proj_x": 791893.3555,
        "proj_y": 2397094.5219
      }
    },
    {
      "type": "Feature",
      "geometry": {
        "type": "Point",
        "coordinates": [
          83.8207319,
          21.6532968
        ]
      },
      "properties": {
        "status": "dead",
        "confidence": 1.0,
        "proj_x": 791947.1407,
        "proj_y": 2397105.7743
      }
    },
    {
      "type": "Feature",
      "geometry": {
        "type": "Point",
        "coordinates": [
          83.8202698,
          21.6529756
        ]
      },
      "properties": {
        "status": "dead",
        "confidence": 0.9923,
        "proj_x": 791899.9371,
        "proj_y": 2397069.3278
      }
    },
    {
      "type": "Feature",
      "geometry": {
        "type": "Point",
        "coordinates": [
          83.820346,
          21.6531915
        ]
      },
      "properties": {
        "status": "dead",
        "confidence": 0.9999,
        "proj_x": 791907.3916,
        "proj_y": 2397093.3895
      }
    },
    {
      "type": "Feature",
      "geometry": {
        "type": "Point",
        "coordinates": [
          83.8206096,
          21.6533112
        ]
      },
      "properties": {
        "status": "dead",
        "confidence": 1.0,
        "proj_x": 791934.4493,
        "proj_y": 2397107.1425
      }
    },
    {
      "type": "Feature",
      "geometry": {
        "type": "Point",
        "coordinates": [
          83.8201545,
          21.6530102
        ]
      },
      "properties": {
        "status": "dead",
        "confidence": 0.9931,
        "proj_x": 791887.9298,
        "proj_y": 2397072.937
      }
    },
    {
      "type": "Feature",
      "geometry": {
        "type": "Point",
        "coordinates": [
          83.8203154,
          21.6531526
        ]
      },
      "properties": {
        "status": "dead",
        "confidence": 0.9961,
        "proj_x": 791904.3013,
        "proj_y": 2397089.0254
      }
    },
    {
      "type": "Feature",
      "geometry": {
        "type": "Point",
        "coordinates": [
          83.8207492,
          21.6529956
        ]
      },
      "properties": {
        "status": "dead",
        "confidence": 0.9998,
        "proj_x": 791949.5469,
        "proj_y": 2397072.4416
      }
    },
    {
      "type": "Feature",
      "geometry": {
        "type": "Point",
        "coordinates": [
          83.8205466,
          21.65287
        ]
      },
      "properties": {
        "status": "dead",
        "confidence": 0.9956,
        "proj_x": 791928.8113,
        "proj_y": 2397058.1461
      }
    },
    {
      "type": "Feature",
      "geometry": {
        "type": "Point",
        "coordinates": [
          83.8183181,
          21.652589
        ]
      },
      "properties": {
        "status": "dead",
        "confidence": 0.9962,
        "proj_x": 791698.5965,
        "proj_y": 2397022.8319
      }
    },
    {
      "type": "Feature",
      "geometry": {
        "type": "Point",
        "coordinates": [
          83.8186951,
          21.652144
        ]
      },
      "properties": {
        "status": "dead",
        "confidence": 0.999,
        "proj_x": 791738.5343,
        "proj_y": 2396974.2365
      }
    },
    {
      "type": "Feature",
      "geometry": {
        "type": "Point",
        "coordinates": [
          83.8186264,
          21.6526862
        ]
      },
      "properties": {
        "status": "dead",
        "confidence": 1.0,
        "proj_x": 791730.325,
        "proj_y": 2397034.1787
      }
    },
    {
      "type": "Feature",
      "geometry": {
        "type": "Point",
        "coordinates": [
          83.8185501,
          21.6523462
        ]
      },
      "properties": {
        "status": "dead",
        "confidence": 0.9476,
        "proj_x": 791723.1065,
        "proj_y": 2396996.3639
      }
    },
    {
      "type": "Feature",
      "geometry": {
        "type": "Point",
        "coordinates": [
          83.8185884,
          21.6526765
        ]
      },
      "properties": {
        "status": "dead",
        "confidence": 0.9998,
        "proj_x": 791726.4091,
        "proj_y": 2397033.0227
      }
    },
    {
      "type": "Feature",
      "geometry": {
        "type": "Point",
        "coordinates": [
          83.8186567,
          21.6524164
        ]
      },
      "properties": {
        "status": "dead",
        "confidence": 1.0,
        "proj_x": 791734.0051,
        "proj_y": 2397004.3373
      }
    },
    {
      "type": "Feature",
      "geometry": {
        "type": "Point",
        "coordinates": [
          83.8185911,
          21.6524856
        ]
      },
      "properties": {
        "status": "dead",
        "confidence": 0.9029,
        "proj_x": 791727.0696,
        "proj_y": 2397011.8861
      }
    },
    {
      "type": "Feature",
      "geometry": {
        "type": "Point",
        "coordinates": [
          83.8187113,
          21.6526339
        ]
      },
      "properties": {
        "status": "dead",
        "confidence": 1.0,
        "proj_x": 791739.2184,
        "proj_y": 2397028.5406
      }
    },
    {
      "type": "Feature",
      "geometry": {
        "type": "Point",
        "coordinates": [
          83.8183346,
          21.6526835
        ]
      },
      "properties": {
        "status": "dead",
        "confidence": 0.8266,
        "proj_x": 791700.1062,
        "proj_y": 2397033.3294
      }
    },
    {
      "type": "Feature",
      "geometry": {
        "type": "Point",
        "coordinates": [
          83.8186549,
          21.6525833
        ]
      },
      "properties": {
        "status": "dead",
        "confidence": 0.9996,
        "proj_x": 791733.4861,
        "proj_y": 2397022.8319
      }
    },
    {
      "type": "Feature",
      "geometry": {
        "type": "Point",
        "coordinates": [
          83.8184438,
          21.652467
        ]
      },
      "properties": {
        "status": "dead",
        "confidence": 0.9999,
        "proj_x": 791711.854,
        "proj_y": 2397009.5507
      }
    },
    {
      "type": "Feature",
      "geometry": {
        "type": "Point",
        "coordinates": [
          83.8184483,
          21.6526303
        ]
      },
      "properties": {
        "status": "dead",
        "confidence": 0.9829,
        "proj_x": 791711.9956,
        "proj_y": 2397027.6442
      }
    },
    {
      "type": "Feature",
      "geometry": {
        "type": "Point",
        "coordinates": [
          83.818593,
          21.6525639
        ]
      },
      "properties": {
        "status": "dead",
        "confidence": 0.9977,
        "proj_x": 791727.1168,
        "proj_y": 2397020.5672
      }
    },
    {
      "type": "Feature",
      "geometry": {
        "type": "Point",
        "coordinates": [
          83.8186901,
          21.6522463
        ]
      },
      "properties": {
        "status": "dead",
        "confidence": 0.9308,
        "proj_x": 791737.803,
        "proj_y": 2396985.5597
      }
    },
    {
      "type": "Feature",
      "geometry": {
        "type": "Point",
        "coordinates": [
          83.8186299,
          21.6524913
        ]
      },
      "properties": {
        "status": "dead",
        "confidence": 1.0,
        "proj_x": 791731.0799,
        "proj_y": 2397012.5938
      }
    },
    {
      "type": "Feature",
      "geometry": {
        "type": "Point",
        "coordinates": [
          83.8184002,
          21.6525691
        ]
      },
      "properties": {
        "status": "dead",
        "confidence": 0.9934,
        "proj_x": 791707.136,
        "proj_y": 2397020.7795
      }
    },
    {
      "type": "Feature",
      "geometry": {
        "type": "Point",
        "coordinates": [
          83.8185642,
          21.6526126
        ]
      },
      "properties": {
        "status": "dead",
        "confidence": 0.9993,
        "proj_x": 791724.0265,
        "proj_y": 2397025.8986
      }
    },
    {
      "type": "Feature",
      "geometry": {
        "type": "Point",
        "coordinates": [
          83.8182299,
          21.6526808
        ]
      },
      "properties": {
        "status": "dead",
        "confidence": 0.9722,
        "proj_x": 791689.2784,
        "proj_y": 2397032.834
      }
    },
    {
      "type": "Feature",
      "geometry": {
        "type": "Point",
        "coordinates": [
          83.8186913,
          21.6524743
        ]
      },
      "properties": {
        "status": "dead",
        "confidence": 0.9813,
        "proj_x": 791737.4728,
        "proj_y": 2397010.8246
      }
    },
    {
      "type": "Feature",
      "geometry": {
        "type": "Point",
        "coordinates": [
          83.8185142,
          21.6523655
        ]
      },
      "properties": {
        "status": "dead",
        "confidence": 0.9206,
        "proj_x": 791719.3557,
        "proj_y": 2396998.4398
      }
    },
    {
      "type": "Feature",
      "geometry": {
        "type": "Point",
        "coordinates": [
          83.8185592,
          21.6524644
        ]
      },
      "properties": {
        "status": "dead",
        "confidence": 0.9323,
        "proj_x": 791723.8142,
        "proj_y": 2397009.4799
      }
    },
    {
      "type": "Feature",
      "geometry": {
        "type": "Point",
        "coordinates": [
          83.8187089,
          21.6526785
        ]
      },
      "properties": {
        "status": "dead",
        "confidence": 0.9745,
        "proj_x": 791738.8882,
        "proj_y": 2397033.4709
      }
    },
    {
      "type": "Feature",
      "geometry": {
        "type": "Point",
        "coordinates": [
          83.8184661,
          21.6526313
        ]
      },
      "properties": {
        "status": "dead",
        "confidence": 0.5663,
        "proj_x": 791713.8356,
        "proj_y": 2397027.7858
      }
    },
    {
      "type": "Feature",
      "geometry": {
        "type": "Point",
        "coordinates": [
          83.8184395,
          21.6525619
        ]
      },
      "properties": {
        "status": "dead",
        "confidence": 0.9985,
        "proj_x": 791711.2171,
        "proj_y": 2397020.0482
      }
    },
    {
      "type": "Feature",
      "geometry": {
        "type": "Point",
        "coordinates": [
          83.8186998,
          21.6525232
        ]
      },
      "properties": {
        "status": "dead",
        "confidence": 0.9897,
        "proj_x": 791738.2513,
        "proj_y": 2397016.2503
      }
    },
    {
      "type": "Feature",
      "geometry": {
        "type": "Point",
        "coordinates": [
          83.8184899,
          21.6525912
        ]
      },
      "properties": {
        "status": "dead",
        "confidence": 0.9964,
        "proj_x": 791716.3833,
        "proj_y": 2397023.398
      }
    },
    {
      "type": "Feature",
      "geometry": {
        "type": "Point",
        "coordinates": [
          83.8185451,
          21.6523842
        ]
      },
      "properties": {
        "status": "dead",
        "confidence": 0.9819,
        "proj_x": 791722.5167,
        "proj_y": 2397000.5629
      }
    },
    {
      "type": "Feature",
      "geometry": {
        "type": "Point",
        "coordinates": [
          83.8183952,
          21.6526173
        ]
      },
      "properties": {
        "status": "dead",
        "confidence": 0.9998,
        "proj_x": 791706.5227,
        "proj_y": 2397026.1109
      }
    },
    {
      "type": "Feature",
      "geometry": {
        "type": "Point",
        "coordinates": [
          83.8183286,
          21.6526361
        ]
      },
      "properties": {
        "status": "dead",
        "confidence": 0.9824,
        "proj_x": 791699.5872,
        "proj_y": 2397028.0688
      }
    },
    {
      "type": "Feature",
      "geometry": {
        "type": "Point",
        "coordinates": [
          83.8184583,
          21.6526851
        ]
      },
      "properties": {
        "status": "dead",
        "confidence": 0.9752,
        "proj_x": 791712.9156,
        "proj_y": 2397033.7304
      }
    },
    {
      "type": "Feature",
      "geometry": {
        "type": "Point",
        "coordinates": [
          83.8185437,
          21.6526127
        ]
      },
      "properties": {
        "status": "dead",
        "confidence": 0.999,
        "proj_x": 791721.9034,
        "proj_y": 2397025.875
      }
    },
    {
      "type": "Feature",
      "geometry": {
        "type": "Point",
        "coordinates": [
          83.8185645,
          21.6526775
        ]
      },
      "properties": {
        "status": "dead",
        "confidence": 0.9999,
        "proj_x": 791723.9321,
        "proj_y": 2397033.0935
      }
    },
    {
      "type": "Feature",
      "geometry": {
        "type": "Point",
        "coordinates": [
          83.8186626,
          21.6522612
        ]
      },
      "properties": {
        "status": "dead",
        "confidence": 1.0,
        "proj_x": 791734.9251,
        "proj_y": 2396987.1638
      }
    },
    {
      "type": "Feature",
      "geometry": {
        "type": "Point",
        "coordinates": [
          83.8182246,
          21.6526181
        ]
      },
      "properties": {
        "status": "dead",
        "confidence": 0.5559,
        "proj_x": 791688.8538,
        "proj_y": 2397025.875
      }
    },
    {
      "type": "Feature",
      "geometry": {
        "type": "Point",
        "coordinates": [
          83.8182746,
          21.6526571
        ]
      },
      "properties": {
        "status": "dead",
        "confidence": 0.667,
        "proj_x": 791693.9492,
        "proj_y": 2397030.2863
      }
    },
    {
      "type": "Feature",
      "geometry": {
        "type": "Point",
        "coordinates": [
          83.8186464,
          21.6525649
        ]
      },
      "properties": {
        "status": "dead",
        "confidence": 0.9843,
        "proj_x": 791732.6368,
        "proj_y": 2397020.7795
      }
    },
    {
      "type": "Feature",
      "geometry": {
        "type": "Point",
        "coordinates": [
          83.818697,
          21.6526965
        ]
      },
      "properties": {
        "status": "dead",
        "confidence": 0.998,
        "proj_x": 791737.6143,
        "proj_y": 2397035.4525
      }
    },
    {
      "type": "Feature",
      "geometry": {
        "type": "Point",
        "coordinates": [
          83.8182654,
          21.6527092
        ]
      },
      "properties": {
        "status": "dead",
        "confidence": 0.9346,
        "proj_x": 791692.8877,
        "proj_y": 2397036.0423
      }
    },
    {
      "type": "Feature",
      "geometry": {
        "type": "Point",
        "coordinates": [
          83.8184082,
          21.6526527
        ]
      },
      "properties": {
        "status": "dead",
        "confidence": 0.9993,
        "proj_x": 791707.7966,
        "proj_y": 2397030.0504
      }
    },
    {
      "type": "Feature",
      "geometry": {
        "type": "Point",
        "coordinates": [
          83.8186085,
          21.6524104
        ]
      },
      "properties": {
        "status": "dead",
        "confidence": 0.977,
        "proj_x": 791729.0276,
        "proj_y": 2397003.5824
      }
    },
    {
      "type": "Feature",
      "geometry": {
        "type": "Point",
        "coordinates": [
          83.8186414,
          21.6525112
        ]
      },
      "properties": {
        "status": "dead",
        "confidence": 0.8385,
        "proj_x": 791732.2358,
        "proj_y": 2397014.8113
      }
    },
    {
      "type": "Feature",
      "geometry": {
        "type": "Point",
        "coordinates": [
          83.8183012,
          21.6526328
        ]
      },
      "properties": {
        "status": "dead",
        "confidence": 0.7773,
        "proj_x": 791696.7564,
        "proj_y": 2397027.6442
      }
    },
    {
      "type": "Feature",
      "geometry": {
        "type": "Point",
        "coordinates": [
          83.8186253,
          21.6526435
        ]
      },
      "properties": {
        "status": "dead",
        "confidence": 0.9895,
        "proj_x": 791730.3014,
        "proj_y": 2397029.4371
      }
    },
    {
      "type": "Feature",
      "geometry": {
        "type": "Point",
        "coordinates": [
          83.8185223,
          21.6526874
        ]
      },
      "properties": {
        "status": "dead",
        "confidence": 0.9833,
        "proj_x": 791719.5444,
        "proj_y": 2397034.1079
      }
    },
    {
      "type": "Feature",
      "geometry": {
        "type": "Point",
        "coordinates": [
          83.818541,
          21.6524971
        ]
      },
      "properties": {
        "status": "dead",
        "confidence": 0.9972,
        "proj_x": 791721.8562,
        "proj_y": 2397013.0656
      }
    },
    {
      "type": "Feature",
      "geometry": {
        "type": "Point",
        "coordinates": [
          83.8211235,
          21.6527043
        ]
      },
      "properties": {
        "status": "dead",
        "confidence": 0.938,
        "proj_x": 791988.895,
        "proj_y": 2397040.8782
      }
    },
    {
      "type": "Feature",
      "geometry": {
        "type": "Point",
        "coordinates": [
          83.8214508,
          21.6528418
        ]
      },
      "properties": {
        "status": "dead",
        "confidence": 0.9025,
        "proj_x": 792022.5108,
        "proj_y": 2397056.7307
      }
    },
    {
      "type": "Feature",
      "geometry": {
        "type": "Point",
        "coordinates": [
          83.8209464,
          21.6532156
        ]
      },
      "properties": {
        "status": "dead",
        "confidence": 0.9995,
        "proj_x": 791969.5276,
        "proj_y": 2397097.1875
      }
    },
    {
      "type": "Feature",
      "geometry": {
        "type": "Point",
        "coordinates": [
          83.820855,
          21.6526961
        ]
      },
      "properties": {
        "status": "dead",
        "confidence": 1.0,
        "proj_x": 791961.106,
        "proj_y": 2397039.4628
      }
    },
    {
      "type": "Feature",
      "geometry": {
        "type": "Point",
        "coordinates": [
          83.8208982,
          21.6527147
        ]
      },
      "properties": {
        "status": "dead",
        "confidence": 1.0,
        "proj_x": 791965.5409,
        "proj_y": 2397041.6095
      }
    },
    {
      "type": "Feature",
      "geometry": {
        "type": "Point",
        "coordinates": [
          83.8210688,
          21.6528447
        ]
      },
      "properties": {
        "status": "dead",
        "confidence": 0.9999,
        "proj_x": 791982.9503,
        "proj_y": 2397056.3297
      }
    },
    {
      "type": "Feature",
      "geometry": {
        "type": "Point",
        "coordinates": [
          83.8214203,
          21.6532538
        ]
      },
      "properties": {
        "status": "dead",
        "confidence": 0.9996,
        "proj_x": 792018.524,
        "proj_y": 2397102.3066
      }
    },
    {
      "type": "Feature",
      "geometry": {
        "type": "Point",
        "coordinates": [
          83.8208862,
          21.6529264
        ]
      },
      "properties": {
        "status": "dead",
        "confidence": 1.0,
        "proj_x": 791963.866,
        "proj_y": 2397065.0344
      }
    },
    {
      "type": "Feature",
      "geometry": {
        "type": "Point",
        "coordinates": [
          83.8209712,
          21.6531526
        ]
      },
      "properties": {
        "status": "dead",
        "confidence": 0.9999,
        "proj_x": 791972.2169,
        "proj_y": 2397090.2521
      }
    },
    {
      "type": "Feature",
      "geometry": {
        "type": "Point",
        "coordinates": [
          83.8209676,
          21.6528055
        ]
      },
      "properties": {
        "status": "dead",
        "confidence": 0.9979,
        "proj_x": 791972.5471,
        "proj_y": 2397051.8004
      }
    },
    {
      "type": "Feature",
      "geometry": {
        "type": "Point",
        "coordinates": [
          83.8211451,
          21.6532054
        ]
      },
      "properties": {
        "status": "dead",
        "confidence": 0.9999,
        "proj_x": 791990.1217,
        "proj_y": 2397096.4327
      }
    },
    {
      "type": "Feature",
      "geometry": {
        "type": "Point",
        "coordinates": [
          83.821186,
          21.6532822
        ]
      },
      "properties": {
        "status": "dead",
        "confidence": 0.9997,
        "proj_x": 791994.2028,
        "proj_y": 2397105.0194
      }
    },
    {
      "type": "Feature",
      "geometry": {
        "type": "Point",
        "coordinates": [
          83.8212152,
          21.6529538
        ]
      },
      "properties": {
        "status": "dead",
        "confidence": 1.0,
        "proj_x": 791997.8828,
        "proj_y": 2397068.6908
      }
    },
    {
      "type": "Feature",
      "geometry": {
        "type": "Point",
        "coordinates": [
          83.8213025,
          21.6527736
        ]
      },
      "properties": {
        "status": "dead",
        "confidence": 0.9945,
        "proj_x": 792007.2952,
        "proj_y": 2397048.8988
      }
    },
    {
      "type": "Feature",
      "geometry": {
        "type": "Point",
        "coordinates": [
          83.8213314,
          21.6531682
        ]
      },
      "properties": {
        "status": "dead",
        "confidence": 0.9707,
        "proj_x": 792009.4891,
        "proj_y": 2397092.6583
      }
    },
    {
      "type": "Feature",
      "geometry": {
        "type": "Point",
        "coordinates": [
          83.8208008,
          21.6527547
        ]
      },
      "properties": {
        "status": "dead",
        "confidence": 0.9992,
        "proj_x": 791955.3736,
        "proj_y": 2397045.8557
      }
    },
    {
      "type": "Feature",
      "geometry": {
        "type": "Point",
        "coordinates": [
          83.8208244,
          21.6531355
        ]
      },
      "properties": {
        "status": "dead",
        "confidence": 0.9999,
        "proj_x": 791957.0485,
        "proj_y": 2397088.0818
      }
    },
    {
      "type": "Feature",
      "geometry": {
        "type": "Point",
        "coordinates": [
          83.821004,
          21.6530711
        ]
      },
      "properties": {
        "status": "dead",
        "confidence": 1.0,
        "proj_x": 791975.779,
        "proj_y": 2397081.2879
      }
    },
    {
      "type": "Feature",
      "geometry": {
        "type": "Point",
        "coordinates": [
          83.8210121,
          21.6533018
        ]
      },
      "properties": {
        "status": "dead",
        "confidence": 0.9999,
        "proj_x": 791976.1564,
        "proj_y": 2397106.8594
      }
    },
    {
      "type": "Feature",
      "geometry": {
        "type": "Point",
        "coordinates": [
          83.8210355,
          21.6529087
        ]
      },
      "properties": {
        "status": "dead",
        "confidence": 1.0,
        "proj_x": 791979.3646,
        "proj_y": 2397063.3595
      }
    },
    {
      "type": "Feature",
      "geometry": {
        "type": "Point",
        "coordinates": [
          83.8211395,
          21.6530586
        ]
      },
      "properties": {
        "status": "dead",
        "confidence": 0.9994,
        "proj_x": 791989.8386,
        "proj_y": 2397080.1556
      }
    },
    {
      "type": "Feature",
      "geometry": {
        "type": "Point",
        "coordinates": [
          83.8211813,
          21.6529678
        ]
      },
      "properties": {
        "status": "dead",
        "confidence": 1.0,
        "proj_x": 791994.3443,
        "proj_y": 2397070.177
      }
    },
    {
      "type": "Feature",
      "geometry": {
        "type": "Point",
        "coordinates": [
          83.8213533,
          21.6531695
        ]
      },
      "properties": {
        "status": "dead",
        "confidence": 1.0,
        "proj_x": 792011.7537,
        "proj_y": 2397092.847
      }
    },
    {
      "type": "Feature",
      "geometry": {
        "type": "Point",
        "coordinates": [
          83.8213946,
          21.6532071
        ]
      },
      "properties": {
        "status": "dead",
        "confidence": 1.0,
        "proj_x": 792015.9527,
        "proj_y": 2397097.0932
      }
    },
    {
      "type": "Feature",
      "geometry": {
        "type": "Point",
        "coordinates": [
          83.8214144,
          21.6528784
        ]
      },
      "properties": {
        "status": "dead",
        "confidence": 0.997,
        "proj_x": 792018.6656,
        "proj_y": 2397060.7174
      }
    },
    {
      "type": "Feature",
      "geometry": {
        "type": "Point",
        "coordinates": [
          83.8211917,
          21.6528854
        ]
      },
      "properties": {
        "status": "dead",
        "confidence": 0.9999,
        "proj_x": 791995.5946,
        "proj_y": 2397061.0713
      }
    },
    {
      "type": "Feature",
      "geometry": {
        "type": "Point",
        "coordinates": [
          83.8213861,
          21.6527856
        ]
      },
      "properties": {
        "status": "dead",
        "confidence": 0.9958,
        "proj_x": 792015.9291,
        "proj_y": 2397050.385
      }
    },
    {
      "type": "Feature",
      "geometry": {
        "type": "Point",
        "coordinates": [
          83.8208262,
          21.6527949
        ]
      },
      "properties": {
        "status": "dead",
        "confidence": 1.0,
        "proj_x": 791957.9213,
        "proj_y": 2397050.3614
      }
    },
    {
      "type": "Feature",
      "geometry": {
        "type": "Point",
        "coordinates": [
          83.8208573,
          21.653025
        ]
      },
      "properties": {
        "status": "dead",
        "confidence": 0.9996,
        "proj_x": 791960.6814,
        "proj_y": 2397075.9094
      }
    },
    {
      "type": "Feature",
      "geometry": {
        "type": "Point",
        "coordinates": [
          83.8211951,
          21.6530474
        ]
      },
      "properties": {
        "status": "dead",
        "confidence": 0.9954,
        "proj_x": 791995.6182,
        "proj_y": 2397079.0232
      }
    },
    {
      "type": "Feature",
      "geometry": {
        "type": "Point",
        "coordinates": [
          83.8212535,
          21.6528761
        ]
      },
      "properties": {
        "status": "dead",
        "confidence": 0.9983,
        "proj_x": 792002.011,
        "proj_y": 2397060.1512
      }
    },
    {
      "type": "Feature",
      "geometry": {
        "type": "Point",
        "coordinates": [
          83.8213389,
          21.6527686
        ]
      },
      "properties": {
        "status": "dead",
        "confidence": 1.0,
        "proj_x": 792011.0696,
        "proj_y": 2397048.4034
      }
    },
    {
      "type": "Feature",
      "geometry": {
        "type": "Point",
        "coordinates": [
          83.8210864,
          21.6530339
        ]
      },
      "properties": {
        "status": "dead",
        "confidence": 0.9999,
        "proj_x": 791984.3893,
        "proj_y": 2397077.3248
      }
    },
    {
      "type": "Feature",
      "geometry": {
        "type": "Point",
        "coordinates": [
          83.8211557,
          21.6527308
        ]
      },
      "properties": {
        "status": "dead",
        "confidence": 1.0,
        "proj_x": 791992.174,
        "proj_y": 2397043.8741
      }
    },
    {
      "type": "Feature",
      "geometry": {
        "type": "Point",
        "coordinates": [
          83.8212542,
          21.6531365
        ]
      },
      "properties": {
        "status": "dead",
        "confidence": 1.0,
        "proj_x": 792001.5628,
        "proj_y": 2397089.0018
      }
    },
    {
      "type": "Feature",
      "geometry": {
        "type": "Point",
        "coordinates": [
          83.8214118,
          21.6532367
        ]
      },
      "properties": {
        "status": "dead",
        "confidence": 1.0,
        "proj_x": 792017.6748,
        "proj_y": 2397100.3958
      }
    },
    {
      "type": "Feature",
      "geometry": {
        "type": "Point",
        "coordinates": [
          83.8210394,
          21.6531231
        ]
      },
      "properties": {
        "status": "dead",
        "confidence": 1.0,
        "proj_x": 791979.3411,
        "proj_y": 2397087.1146
      }
    },
    {
      "type": "Feature",
      "geometry": {
        "type": "Point",
        "coordinates": [
          83.821084,
          21.6532007
        ]
      },
      "properties": {
        "status": "dead",
        "confidence": 1.0,
        "proj_x": 791983.7996,
        "proj_y": 2397095.7957
      }
    },
    {
      "type": "Feature",
      "geometry": {
        "type": "Point",
        "coordinates": [
          83.8212433,
          21.6530998
        ]
      },
      "properties": {
        "status": "dead",
        "confidence": 0.9999,
        "proj_x": 792000.5013,
        "proj_y": 2397084.9207
      }
    },
    {
      "type": "Feature",
      "geometry": {
        "type": "Point",
        "coordinates": [
          83.821255,
          21.6532551
        ]
      },
      "properties": {
        "status": "dead",
        "confidence": 1.0,
        "proj_x": 792001.3977,
        "proj_y": 2397102.1414
      }
    },
    {
      "type": "Feature",
      "geometry": {
        "type": "Point",
        "coordinates": [
          83.8213494,
          21.6529004
        ]
      },
      "properties": {
        "status": "dead",
        "confidence": 0.9964,
        "proj_x": 792011.8953,
        "proj_y": 2397063.0292
      }
    },
    {
      "type": "Feature",
      "geometry": {
        "type": "Point",
        "coordinates": [
          83.8208612,
          21.6528052
        ]
      },
      "properties": {
        "status": "dead",
        "confidence": 1.0,
        "proj_x": 791961.5306,
        "proj_y": 2397051.5645
      }
    },
    {
      "type": "Feature",
      "geometry": {
        "type": "Point",
        "coordinates": [
          83.8208892,
          21.6528852
        ]
      },
      "properties": {
        "status": "dead",
        "confidence": 0.9999,
        "proj_x": 791964.267,
        "proj_y": 2397060.4815
      }
    },
    {
      "type": "Feature",
      "geometry": {
        "type": "Point",
        "coordinates": [
          83.8210014,
          21.6527268
        ]
      },
      "properties": {
        "status": "dead",
        "confidence": 0.9978,
        "proj_x": 791976.2036,
        "proj_y": 2397043.1428
      }
    },
    {
      "type": "Feature",
      "geometry": {
        "type": "Point",
        "coordinates": [
          83.8210154,
          21.6528622
        ]
      },
      "properties": {
        "status": "dead",
        "confidence": 0.9999,
        "proj_x": 791977.3831,
        "proj_y": 2397058.1697
      }
    },
    {
      "type": "Feature",
      "geometry": {
        "type": "Point",
        "coordinates": [
          83.8213054,
          21.6528743
        ]
      },
      "properties": {
        "status": "dead",
        "confidence": 0.9995,
        "proj_x": 792007.3896,
        "proj_y": 2397060.0569
      }
    },
    {
      "type": "Feature",
      "geometry": {
        "type": "Point",
        "coordinates": [
          83.8214211,
          21.6529179
        ]
      },
      "properties": {
        "status": "dead",
        "confidence": 0.996,
        "proj_x": 792019.2789,
        "proj_y": 2397065.1051
      }
    },
    {
      "type": "Feature",
      "geometry": {
        "type": "Point",
        "coordinates": [
          83.8213974,
          21.6532467
        ]
      },
      "properties": {
        "status": "dead",
        "confidence": 1.0,
        "proj_x": 792016.165,
        "proj_y": 2397101.4809
      }
    },
    {
      "type": "Feature",
      "geometry": {
        "type": "Point",
        "coordinates": [
          83.8208355,
          21.6527809
        ]
      },
      "properties": {
        "status": "dead",
        "confidence": 1.0,
        "proj_x": 791958.9121,
        "proj_y": 2397048.828
      }
    },
    {
      "type": "Feature",
      "geometry": {
        "type": "Point",
        "coordinates": [
          83.8208531,
          21.6527364
        ]
      },
      "properties": {
        "status": "dead",
        "confidence": 1.0,
        "proj_x": 791960.8229,
        "proj_y": 2397043.9213
      }
    },
    {
      "type": "Feature",
      "geometry": {
        "type": "Point",
        "coordinates": [
          83.8210426,
          21.6528302
        ]
      },
      "properties": {
        "status": "dead",
        "confidence": 0.9998,
        "proj_x": 791980.2611,
        "proj_y": 2397054.6784
      }
    },
    {
      "type": "Feature",
      "geometry": {
        "type": "Point",
        "coordinates": [
          83.8213942,
          21.6528045
        ]
      },
      "properties": {
        "status": "dead",
        "confidence": 1.0,
        "proj_x": 792016.7312,
        "proj_y": 2397052.4845
      }
    },
    {
      "type": "Feature",
      "geometry": {
        "type": "Point",
        "coordinates": [
          83.8214471,
          21.6532037
        ]
      },
      "properties": {
        "status": "dead",
        "confidence": 1.0,
        "proj_x": 792021.402,
        "proj_y": 2397096.8101
      }
    },
    {
      "type": "Feature",
      "geometry": {
        "type": "Point",
        "coordinates": [
          83.8211987,
          21.6529622
        ]
      },
      "properties": {
        "status": "dead",
        "confidence": 0.9998,
        "proj_x": 791996.1607,
        "proj_y": 2397069.5872
      }
    },
    {
      "type": "Feature",
      "geometry": {
        "type": "Point",
        "coordinates": [
          83.8209134,
          21.6532515
        ]
      },
      "properties": {
        "status": "dead",
        "confidence": 0.999,
        "proj_x": 791966.0363,
        "proj_y": 2397101.1035
      }
    },
    {
      "type": "Feature",
      "geometry": {
        "type": "Point",
        "coordinates": [
          83.8212373,
          21.6529087
        ]
      },
      "properties": {
        "status": "dead",
        "confidence": 0.9888,
        "proj_x": 792000.2654,
        "proj_y": 2397063.7369
      }
    },
    {
      "type": "Feature",
      "geometry": {
        "type": "Point",
        "coordinates": [
          83.8213057,
          21.653287
        ]
      },
      "properties": {
        "status": "dead",
        "confidence": 0.9998,
        "proj_x": 792006.5875,
        "proj_y": 2397105.7743
      }
    },
    {
      "type": "Feature",
      "geometry": {
        "type": "Point",
        "coordinates": [
          83.8214227,
          21.65319
        ]
      },
      "properties": {
        "status": "dead",
        "confidence": 1.0,
        "proj_x": 792018.9015,
        "proj_y": 2397095.2532
      }
    },
    {
      "type": "Feature",
      "geometry": {
        "type": "Point",
        "coordinates": [
          83.8214397,
          21.6531523
        ]
      },
      "properties": {
        "status": "dead",
        "confidence": 0.9977,
        "proj_x": 792020.7415,
        "proj_y": 2397091.1013
      }
    },
    {
      "type": "Feature",
      "geometry": {
        "type": "Point",
        "coordinates": [
          83.8210496,
          21.6531538
        ]
      },
      "properties": {
        "status": "dead",
        "confidence": 0.9999,
        "proj_x": 791980.3318,
        "proj_y": 2397090.5352
      }
    },
    {
      "type": "Feature",
      "geometry": {
        "type": "Point",
        "coordinates": [
          83.8211795,
          21.6530869
        ]
      },
      "properties": {
        "status": "dead",
        "confidence": 0.9524,
        "proj_x": 791993.9197,
        "proj_y": 2397083.3638
      }
    },
    {
      "type": "Feature",
      "geometry": {
        "type": "Point",
        "coordinates": [
          83.821435,
          21.6527471
        ]
      },
      "properties": {
        "status": "dead",
        "confidence": 1.0,
        "proj_x": 792021.0718,
        "proj_y": 2397046.2096
      }
    },
    {
      "type": "Feature",
      "geometry": {
        "type": "Point",
        "coordinates": [
          83.8211851,
          21.6528146
        ]
      },
      "properties": {
        "status": "dead",
        "confidence": 0.9993,
        "proj_x": 791995.052,
        "proj_y": 2397053.2158
      }
    },
    {
      "type": "Feature",
      "geometry": {
        "type": "Point",
        "coordinates": [
          83.8211989,
          21.652916
        ]
      },
      "properties": {
        "status": "dead",
        "confidence": 1.0,
        "proj_x": 791996.2787,
        "proj_y": 2397064.4682
      }
    },
    {
      "type": "Feature",
      "geometry": {
        "type": "Point",
        "coordinates": [
          83.8213323,
          21.6528164
        ]
      },
      "properties": {
        "status": "dead",
        "confidence": 0.9998,
        "proj_x": 792010.2911,
        "proj_y": 2397053.6876
      }
    },
    {
      "type": "Feature",
      "geometry": {
        "type": "Point",
        "coordinates": [
          83.8211488,
          21.6528778
        ]
      },
      "properties": {
        "status": "dead",
        "confidence": 1.0,
        "proj_x": 791991.1596,
        "proj_y": 2397060.1512
      }
    },
    {
      "type": "Feature",
      "geometry": {
        "type": "Point",
        "coordinates": [
          83.8212323,
          21.6530877
        ]
      },
      "properties": {
        "status": "dead",
        "confidence": 0.9998,
        "proj_x": 791999.3926,
        "proj_y": 2397083.5525
      }
    },
    {
      "type": "Feature",
      "geometry": {
        "type": "Point",
        "coordinates": [
          83.8212757,
          21.6532117
        ]
      },
      "properties": {
        "status": "dead",
        "confidence": 0.9999,
        "proj_x": 792003.6388,
        "proj_y": 2397097.3763
      }
    },
    {
      "type": "Feature",
      "geometry": {
        "type": "Point",
        "coordinates": [
          83.8213293,
          21.6530494
        ]
      },
      "properties": {
        "status": "dead",
        "confidence": 1.0,
        "proj_x": 792009.5127,
        "proj_y": 2397079.495
      }
    },
    {
      "type": "Feature",
      "geometry": {
        "type": "Point",
        "coordinates": [
          83.8212493,
          21.65292
        ]
      },
      "properties": {
        "status": "dead",
        "confidence": 0.9521,
        "proj_x": 792001.4921,
        "proj_y": 2397065.0108
      }
    },
    {
      "type": "Feature",
      "geometry": {
        "type": "Point",
        "coordinates": [
          83.8211295,
          21.6529912
        ]
      },
      "properties": {
        "status": "dead",
        "confidence": 0.9998,
        "proj_x": 791988.9422,
        "proj_y": 2397072.6775
      }
    },
    {
      "type": "Feature",
      "geometry": {
        "type": "Point",
        "coordinates": [
          83.8213625,
          21.6528608
        ]
      },
      "properties": {
        "status": "dead",
        "confidence": 0.996,
        "proj_x": 792013.3342,
        "proj_y": 2397058.6651
      }
    },
    {
      "type": "Feature",
      "geometry": {
        "type": "Point",
        "coordinates": [
          83.8211115,
          21.6526732
        ]
      },
      "properties": {
        "status": "dead",
        "confidence": 0.893,
        "proj_x": 791987.7155,
        "proj_y": 2397037.4105
      }
    },
    {
      "type": "Feature",
      "geometry": {
        "type": "Point",
        "coordinates": [
          83.8208769,
          21.6530109
        ]
      },
      "properties": {
        "status": "dead",
        "confidence": 0.9999,
        "proj_x": 791962.7337,
        "proj_y": 2397074.376
      }
    },
    {
      "type": "Feature",
      "geometry": {
        "type": "Point",
        "coordinates": [
          83.8208576,
          21.6531081
        ]
      },
      "properties": {
        "status": "dead",
        "confidence": 1.0,
        "proj_x": 791960.5398,
        "proj_y": 2397085.1095
      }
    },
    {
      "type": "Feature",
      "geometry": {
        "type": "Point",
        "coordinates": [
          83.8212803,
          21.653096
        ]
      },
      "properties": {
        "status": "dead",
        "confidence": 1.0,
        "proj_x": 792004.3465,
        "proj_y": 2397084.5669
      }
    },
    {
      "type": "Feature",
      "geometry": {
        "type": "Point",
        "coordinates": [
          83.8214018,
          21.653065
        ]
      },
      "properties": {
        "status": "dead",
        "confidence": 0.9987,
        "proj_x": 792016.9907,
        "proj_y": 2397081.3587
      }
    },
    {
      "type": "Feature",
      "geometry": {
        "type": "Point",
        "coordinates": [
          83.821393,
          21.6529278
        ]
      },
      "properties": {
        "status": "dead",
        "confidence": 0.9457,
        "proj_x": 792016.3538,
        "proj_y": 2397066.1431
      }
    },
    {
      "type": "Feature",
      "geometry": {
        "type": "Point",
        "coordinates": [
          83.8211154,
          21.6531897
        ]
      },
      "properties": {
        "status": "dead",
        "confidence": 1.0,
        "proj_x": 791987.0786,
        "proj_y": 2397094.6398
      }
    },
    {
      "type": "Feature",
      "geometry": {
        "type": "Point",
        "coordinates": [
          83.8213899,
          21.6531535
        ]
      },
      "properties": {
        "status": "dead",
        "confidence": 0.9998,
        "proj_x": 792015.5753,
        "proj_y": 2397091.1485
      }
    },
    {
      "type": "Feature",
      "geometry": {
        "type": "Point",
        "coordinates": [
          83.8211145,
          21.6530607
        ]
      },
      "properties": {
        "status": "dead",
        "confidence": 0.9957,
        "proj_x": 791987.2437,
        "proj_y": 2397080.3443
      }
    },
    {
      "type": "Feature",
      "geometry": {
        "type": "Point",
        "coordinates": [
          83.8208767,
          21.6527081
        ]
      },
      "properties": {
        "status": "dead",
        "confidence": 1.0,
        "proj_x": 791963.3234,
        "proj_y": 2397040.831
      }
    },
    {
      "type": "Feature",
      "geometry": {
        "type": "Point",
        "coordinates": [
          83.8213457,
          21.6528843
        ]
      },
      "properties": {
        "status": "dead",
        "confidence": 0.987,
        "proj_x": 792011.5414,
        "proj_y": 2397061.2364
      }
    },
    {
      "type": "Feature",
      "geometry": {
        "type": "Point",
        "coordinates": [
          83.8207856,
          21.6529309
        ]
      },
      "properties": {
        "status": "dead",
        "confidence": 0.9989,
        "proj_x": 791953.4392,
        "proj_y": 2397065.341
      }
    },
    {
      "type": "Feature",
      "geometry": {
        "type": "Point",
        "coordinates": [
          83.8211777,
          21.6527385
        ]
      },
      "properties": {
        "status": "dead",
        "confidence": 0.9997,
        "proj_x": 791994.4387,
        "proj_y": 2397044.7706
      }
    },
    {
      "type": "Feature",
      "geometry": {
        "type": "Point",
        "coordinates": [
          83.8214397,
          21.6531037
        ]
      },
      "properties": {
        "status": "dead",
        "confidence": 0.9998,
        "proj_x": 792020.8359,
        "proj_y": 2397085.7228
      }
    },
    {
      "type": "Feature",
      "geometry": {
        "type": "Point",
        "coordinates": [
          83.8209249,
          21.6530548
        ]
      },
      "properties": {
        "status": "dead",
        "confidence": 0.9949,
        "proj_x": 791967.6168,
        "proj_y": 2397079.3299
      }
    },
    {
      "type": "Feature",
      "geometry": {
        "type": "Point",
        "coordinates": [
          83.8210491,
          21.6529183
        ]
      },
      "properties": {
        "status": "dead",
        "confidence": 1.0,
        "proj_x": 791980.7565,
        "proj_y": 2397064.4446
      }
    },
    {
      "type": "Feature",
      "geometry": {
        "type": "Point",
        "coordinates": [
          83.820904,
          21.6529299
        ]
      },
      "properties": {
        "status": "dead",
        "confidence": 1.0,
        "proj_x": 791965.706,
        "proj_y": 2397065.459
      }
    },
    {
      "type": "Feature",
      "geometry": {
        "type": "Point",
        "coordinates": [
          83.8208932,
          21.6531624
        ]
      },
      "properties": {
        "status": "dead",
        "confidence": 0.9991,
        "proj_x": 791964.1255,
        "proj_y": 2397091.1957
      }
    },
    {
      "type": "Feature",
      "geometry": {
        "type": "Point",
        "coordinates": [
          83.8211187,
          21.6528673
        ]
      },
      "properties": {
        "status": "dead",
        "confidence": 1.0,
        "proj_x": 791988.0694,
        "proj_y": 2397058.9246
      }
    },
    {
      "type": "Feature",
      "geometry": {
        "type": "Point",
        "coordinates": [
          83.821309,
          21.6529988
        ]
      },
      "properties": {
        "status": "dead",
        "confidence": 0.9998,
        "proj_x": 792007.5075,
        "proj_y": 2397073.857
      }
    },
    {
      "type": "Feature",
      "geometry": {
        "type": "Point",
        "coordinates": [
          83.8207863,
          21.6526879
        ]
      },
      "properties": {
        "status": "dead",
        "confidence": 0.9788,
        "proj_x": 791954.0054,
        "proj_y": 2397038.4249
      }
    },
    {
      "type": "Feature",
      "geometry": {
        "type": "Point",
        "coordinates": [
          83.8210113,
          21.6531444
        ]
      },
      "properties": {
        "status": "dead",
        "confidence": 0.9999,
        "proj_x": 791976.3923,
        "proj_y": 2397089.4264
      }
    },
    {
      "type": "Feature",
      "geometry": {
        "type": "Point",
        "coordinates": [
          83.820884,
          21.653061
        ]
      },
      "properties": {
        "status": "dead",
        "confidence": 0.9996,
        "proj_x": 791963.3706,
        "proj_y": 2397079.9433
      }
    },
    {
      "type": "Feature",
      "geometry": {
        "type": "Point",
        "coordinates": [
          83.8211686,
          21.6529367
        ]
      },
      "properties": {
        "status": "dead",
        "confidence": 0.9988,
        "proj_x": 791993.094,
        "proj_y": 2397066.7093
      }
    },
    {
      "type": "Feature",
      "geometry": {
        "type": "Point",
        "coordinates": [
          83.8213895,
          21.65277
        ]
      },
      "properties": {
        "status": "dead",
        "confidence": 0.9993,
        "proj_x": 792016.3066,
        "proj_y": 2397048.6629
      }
    },
    {
      "type": "Feature",
      "geometry": {
        "type": "Point",
        "coordinates": [
          83.8218965,
          21.6528057
        ]
      },
      "properties": {
        "status": "dead",
        "confidence": 0.9999,
        "proj_x": 792068.7472,
        "proj_y": 2397053.5696
      }
    },
    {
      "type": "Feature",
      "geometry": {
        "type": "Point",
        "coordinates": [
          83.8219873,
          21.6532537
        ]
      },
      "properties": {
        "status": "dead",
        "confidence": 1.0,
        "proj_x": 792077.2396,
        "proj_y": 2397103.3681
      }
    },
    {
      "type": "Feature",
      "geometry": {
        "type": "Point",
        "coordinates": [
          83.821864,
          21.652947
        ]
      },
      "properties": {
        "status": "dead",
        "confidence": 1.0,
        "proj_x": 792065.0907,
        "proj_y": 2397069.1626
      }
    },
    {
      "type": "Feature",
      "geometry": {
        "type": "Point",
        "coordinates": [
          83.8218877,
          21.6529975
        ]
      },
      "properties": {
        "status": "dead",
        "confidence": 1.0,
        "proj_x": 792067.4497,
        "proj_y": 2397074.8006
      }
    },
    {
      "type": "Feature",
      "geometry": {
        "type": "Point",
        "coordinates": [
          83.8219276,
          21.653194
        ]
      },
      "properties": {
        "status": "dead",
        "confidence": 0.9999,
        "proj_x": 792071.1769,
        "proj_y": 2397096.645
      }
    },
    {
      "type": "Feature",
      "geometry": {
        "type": "Point",
        "coordinates": [
          83.8218623,
          21.6527903
        ]
      },
      "properties": {
        "status": "dead",
        "confidence": 1.0,
        "proj_x": 792065.2322,
        "proj_y": 2397051.8004
      }
    },
    {
      "type": "Feature",
      "geometry": {
        "type": "Point",
        "coordinates": [
          83.8221168,
          21.6530403
        ]
      },
      "properties": {
        "status": "dead",
        "confidence": 1.0,
        "proj_x": 792091.0869,
        "proj_y": 2397079.9668
      }
    },
    {
      "type": "Feature",
      "geometry": {
        "type": "Point",
        "coordinates": [
          83.8218371,
          21.6528436
        ]
      },
      "properties": {
        "status": "dead",
        "confidence": 1.0,
        "proj_x": 792062.5194,
        "proj_y": 2397057.6507
      }
    },
    {
      "type": "Feature",
      "geometry": {
        "type": "Point",
        "coordinates": [
          83.8220418,
          21.6531876
        ]
      },
      "properties": {
        "status": "dead",
        "confidence": 1.0,
        "proj_x": 792083.0191,
        "proj_y": 2397096.1496
      }
    },
    {
      "type": "Feature",
      "geometry": {
        "type": "Point",
        "coordinates": [
          83.8215529,
          21.6528573
        ]
      },
      "properties": {
        "status": "dead",
        "confidence": 1.0,
        "proj_x": 792033.0555,
        "proj_y": 2397058.6415
      }
    },
    {
      "type": "Feature",
      "geometry": {
        "type": "Point",
        "coordinates": [
          83.8218145,
          21.6529106
        ]
      },
      "properties": {
        "status": "dead",
        "confidence": 1.0,
        "proj_x": 792060.0424,
        "proj_y": 2397065.0344
      }
    },
    {
      "type": "Feature",
      "geometry": {
        "type": "Point",
        "coordinates": [
          83.8220409,
          21.652885
        ]
      },
      "properties": {
        "status": "dead",
        "confidence": 0.5738,
        "proj_x": 792083.5381,
        "proj_y": 2397062.6282
      }
    },
    {
      "type": "Feature",
      "geometry": {
        "type": "Point",
        "coordinates": [
          83.8218819,
          21.6531539
        ]
      },
      "properties": {
        "status": "dead",
        "confidence": 1.0,
        "proj_x": 792066.5297,
        "proj_y": 2397092.1157
      }
    },
    {
      "type": "Feature",
      "geometry": {
        "type": "Point",
        "coordinates": [
          83.8219277,
          21.6528631
        ]
      },
      "properties": {
        "status": "dead",
        "confidence": 0.9999,
        "proj_x": 792071.861,
        "proj_y": 2397059.9861
      }
    },
    {
      "type": "Feature",
      "geometry": {
        "type": "Point",
        "coordinates": [
          83.82194,
          21.6532226
        ]
      },
      "properties": {
        "status": "dead",
        "confidence": 0.9997,
        "proj_x": 792072.4036,
        "proj_y": 2397099.8296
      }
    },
    {
      "type": "Feature",
      "geometry": {
        "type": "Point",
        "coordinates": [
          83.8215886,
          21.653114
        ]
      },
      "properties": {
        "status": "dead",
        "confidence": 1.0,
        "proj_x": 792036.2401,
        "proj_y": 2397087.1382
      }
    },
    {
      "type": "Feature",
      "geometry": {
        "type": "Point",
        "coordinates": [
          83.8219678,
          21.65272
        ]
      },
      "properties": {
        "status": "dead",
        "confidence": 0.9998,
        "proj_x": 792076.296,
        "proj_y": 2397044.2044
      }
    },
    {
      "type": "Feature",
      "geometry": {
        "type": "Point",
        "coordinates": [
          83.8220912,
          21.6532196
        ]
      },
      "properties": {
        "status": "dead",
        "confidence": 0.9999,
        "proj_x": 792088.0674,
        "proj_y": 2397099.7824
      }
    },
    {
      "type": "Feature",
      "geometry": {
        "type": "Point",
        "coordinates": [
          83.821662,
          21.6531832
        ]
      },
      "properties": {
        "status": "dead",
        "confidence": 1.0,
        "proj_x": 792043.6946,
        "proj_y": 2397094.9465
      }
    },
    {
      "type": "Feature",
      "geometry": {
        "type": "Point",
        "coordinates": [
          83.8214611,
          21.65294
        ]
      },
      "properties": {
        "status": "dead",
        "confidence": 0.9968,
        "proj_x": 792023.3836,
        "proj_y": 2397067.6293
      }
    },
    {
      "type": "Feature",
      "geometry": {
        "type": "Point",
        "coordinates": [
          83.8214856,
          21.6530037
        ]
      },
      "properties": {
        "status": "dead",
        "confidence": 0.9999,
        "proj_x": 792025.7898,
        "proj_y": 2397074.7299
      }
    },
    {
      "type": "Feature",
      "geometry": {
        "type": "Point",
        "coordinates": [
          83.8217257,
          21.652924
        ]
      },
      "properties": {
        "status": "dead",
        "confidence": 0.999,
        "proj_x": 792050.8188,
        "proj_y": 2397066.3554
      }
    },
    {
      "type": "Feature",
      "geometry": {
        "type": "Point",
        "coordinates": [
          83.8218415,
          21.6527766
        ]
      },
      "properties": {
        "status": "dead",
        "confidence": 1.0,
        "proj_x": 792063.1091,
        "proj_y": 2397050.2434
      }
    },
    {
      "type": "Feature",
      "geometry": {
        "type": "Point",
        "coordinates": [
          83.8221234,
          21.653261
        ]
      },
      "properties": {
        "status": "dead",
        "confidence": 1.0,
        "proj_x": 792091.3228,
        "proj_y": 2397104.4297
      }
    },
    {
      "type": "Feature",
      "geometry": {
        "type": "Point",
        "coordinates": [
          83.8215988,
          21.6532024
        ]
      },
      "properties": {
        "status": "dead",
        "confidence": 1.0,
        "proj_x": 792037.113,
        "proj_y": 2397096.9516
      }
    },
    {
      "type": "Feature",
      "geometry": {
        "type": "Point",
        "coordinates": [
          83.8216023,
          21.6529615
        ]
      },
      "properties": {
        "status": "dead",
        "confidence": 0.9941,
        "proj_x": 792037.9622,
        "proj_y": 2397070.2714
      }
    },
    {
      "type": "Feature",
      "geometry": {
        "type": "Point",
        "coordinates": [
          83.8216336,
          21.6527082
        ]
      },
      "properties": {
        "status": "dead",
        "confidence": 1.0,
        "proj_x": 792041.713,
        "proj_y": 2397042.27
      }
    },
    {
      "type": "Feature",
      "geometry": {
        "type": "Point",
        "coordinates": [
          83.8219194,
          21.6527534
        ]
      },
      "properties": {
        "status": "dead",
        "confidence": 1.0,
        "proj_x": 792071.2241,
        "proj_y": 2397047.8137
      }
    },
    {
      "type": "Feature",
      "geometry": {
        "type": "Point",
        "coordinates": [
          83.8219286,
          21.6531646
        ]
      },
      "properties": {
        "status": "dead",
        "confidence": 1.0,
        "proj_x": 792071.3421,
        "proj_y": 2397093.3895
      }
    },
    {
      "type": "Feature",
      "geometry": {
        "type": "Point",
        "coordinates": [
          83.821999,
          21.6531336
        ]
      },
      "properties": {
        "status": "dead",
        "confidence": 0.9506,
        "proj_x": 792078.7021,
        "proj_y": 2397090.0869
      }
    },
    {
      "type": "Feature",
      "geometry": {
        "type": "Point",
        "coordinates": [
          83.822003,
          21.6531834
        ]
      },
      "properties": {
        "status": "dead",
        "confidence": 0.9998,
        "proj_x": 792079.0088,
        "proj_y": 2397095.607
      }
    },
    {
      "type": "Feature",
      "geometry": {
        "type": "Point",
        "coordinates": [
          83.8219312,
          21.6531015
        ]
      },
      "properties": {
        "status": "dead",
        "confidence": 0.9983,
        "proj_x": 792071.7431,
        "proj_y": 2397086.4069
      }
    },
    {
      "type": "Feature",
      "geometry": {
        "type": "Point",
        "coordinates": [
          83.8218422,
          21.6531855
        ]
      },
      "properties": {
        "status": "dead",
        "confidence": 0.9999,
        "proj_x": 792062.3543,
        "proj_y": 2397095.5362
      }
    },
    {
      "type": "Feature",
      "geometry": {
        "type": "Point",
        "coordinates": [
          83.821473,
          21.6530141
        ]
      },
      "properties": {
        "status": "dead",
        "confidence": 0.9998,
        "proj_x": 792024.4687,
        "proj_y": 2397075.8622
      }
    },
    {
      "type": "Feature",
      "geometry": {
        "type": "Point",
        "coordinates": [
          83.8215446,
          21.6527485
        ]
      },
      "properties": {
        "status": "dead",
        "confidence": 0.9438,
        "proj_x": 792032.4186,
        "proj_y": 2397046.5634
      }
    },
    {
      "type": "Feature",
      "geometry": {
        "type": "Point",
        "coordinates": [
          83.8217214,
          21.6532271
        ]
      },
      "properties": {
        "status": "dead",
        "confidence": 0.9979,
        "proj_x": 792049.7572,
        "proj_y": 2397099.924
      }
    },
    {
      "type": "Feature",
      "geometry": {
        "type": "Point",
        "coordinates": [
          83.8217756,
          21.6528785
        ]
      },
      "properties": {
        "status": "dead",
        "confidence": 0.9999,
        "proj_x": 792056.0793,
        "proj_y": 2397061.4015
      }
    },
    {
      "type": "Feature",
      "geometry": {
        "type": "Point",
        "coordinates": [
          83.8218239,
          21.6531104
        ]
      },
      "properties": {
        "status": "dead",
        "confidence": 0.9999,
        "proj_x": 792060.6086,
        "proj_y": 2397087.1854
      }
    },
    {
      "type": "Feature",
      "geometry": {
        "type": "Point",
        "coordinates": [
          83.8220212,
          21.6530655
        ]
      },
      "properties": {
        "status": "dead",
        "confidence": 1.0,
        "proj_x": 792081.1319,
        "proj_y": 2397082.5853
      }
    },
    {
      "type": "Feature",
      "geometry": {
        "type": "Point",
        "coordinates": [
          83.8220314,
          21.653284
        ]
      },
      "properties": {
        "status": "dead",
        "confidence": 1.0,
        "proj_x": 792081.7452,
        "proj_y": 2397106.8123
      }
    },
    {
      "type": "Feature",
      "geometry": {
        "type": "Point",
        "coordinates": [
          83.8214938,
          21.6530264
        ]
      },
      "properties": {
        "status": "dead",
        "confidence": 0.9999,
        "proj_x": 792026.5918,
        "proj_y": 2397077.254
      }
    },
    {
      "type": "Feature",
      "geometry": {
        "type": "Point",
        "coordinates": [
          83.8217267,
          21.6529724
        ]
      },
      "properties": {
        "status": "dead",
        "confidence": 0.9941,
        "proj_x": 792050.8188,
        "proj_y": 2397071.7103
      }
    },
    {
      "type": "Feature",
      "geometry": {
        "type": "Point",
        "coordinates": [
          83.8219774,
          21.6530643
        ]
      },
      "properties": {
        "status": "dead",
        "confidence": 0.9999,
        "proj_x": 792076.6026,
        "proj_y": 2397082.373
      }
    },
    {
      "type": "Feature",
      "geometry": {
        "type": "Point",
        "coordinates": [
          83.822082,
          21.6532529
        ]
      },
      "properties": {
        "status": "dead",
        "confidence": 1.0,
        "proj_x": 792087.053,
        "proj_y": 2397103.4625
      }
    },
    {
      "type": "Feature",
      "geometry": {
        "type": "Point",
        "coordinates": [
          83.8216131,
          21.6532354
        ]
      },
      "properties": {
        "status": "dead",
        "confidence": 0.999,
        "proj_x": 792038.5284,
        "proj_y": 2397100.6317
      }
    },
    {
      "type": "Feature",
      "geometry": {
        "type": "Point",
        "coordinates": [
          83.8215975,
          21.6531
        ]
      },
      "properties": {
        "status": "dead",
        "confidence": 1.0,
        "proj_x": 792037.1837,
        "proj_y": 2397085.6049
      }
    },
    {
      "type": "Feature",
      "geometry": {
        "type": "Point",
        "coordinates": [
          83.8219633,
          21.6531485
        ]
      },
      "properties": {
        "status": "dead",
        "confidence": 0.9999,
        "proj_x": 792074.9749,
        "proj_y": 2397091.6675
      }
    },
    {
      "type": "Feature",
      "geometry": {
        "type": "Point",
        "coordinates": [
          83.8215253,
          21.6532628
        ]
      },
      "properties": {
        "status": "dead",
        "confidence": 0.9998,
        "proj_x": 792029.3754,
        "proj_y": 2397103.5097
      }
    },
    {
      "type": "Feature",
      "geometry": {
        "type": "Point",
        "coordinates": [
          83.8219459,
          21.6530346
        ]
      },
      "properties": {
        "status": "dead",
        "confidence": 0.9987,
        "proj_x": 792073.3944,
        "proj_y": 2397079.0232
      }
    },
    {
      "type": "Feature",
      "geometry": {
        "type": "Point",
        "coordinates": [
          83.8216989,
          21.6531004
        ]
      },
      "properties": {
        "status": "dead",
        "confidence": 0.9999,
        "proj_x": 792047.6813,
        "proj_y": 2397085.8407
      }
    },
    {
      "type": "Feature",
      "geometry": {
        "type": "Point",
        "coordinates": [
          83.8217063,
          21.6532615
        ]
      },
      "properties": {
        "status": "dead",
        "confidence": 0.9992,
        "proj_x": 792048.1295,
        "proj_y": 2397103.6984
      }
    },
    {
      "type": "Feature",
      "geometry": {
        "type": "Point",
        "coordinates": [
          83.8218154,
          21.6526755
        ]
      },
      "properties": {
        "status": "dead",
        "confidence": 0.9972,
        "proj_x": 792060.6086,
        "proj_y": 2397038.991
      }
    },
    {
      "type": "Feature",
      "geometry": {
        "type": "Point",
        "coordinates": [
          83.8218641,
          21.6529781
        ]
      },
      "properties": {
        "status": "dead",
        "confidence": 0.9987,
        "proj_x": 792065.0435,
        "proj_y": 2397072.6068
      }
    },
    {
      "type": "Feature",
      "geometry": {
        "type": "Point",
        "coordinates": [
          83.8218767,
          21.6528022
        ]
      },
      "properties": {
        "status": "dead",
        "confidence": 0.9994,
        "proj_x": 792066.6948,
        "proj_y": 2397053.145
      }
    },
    {
      "type": "Feature",
      "geometry": {
        "type": "Point",
        "coordinates": [
          83.8214831,
          21.6530617
        ]
      },
      "properties": {
        "status": "dead",
        "confidence": 1.0,
        "proj_x": 792025.4123,
        "proj_y": 2397081.1463
      }
    },
    {
      "type": "Feature",
      "geometry": {
        "type": "Point",
        "coordinates": [
          83.8217759,
          21.6532554
        ]
      },
      "properties": {
        "status": "dead",
        "confidence": 0.9998,
        "proj_x": 792055.348,
        "proj_y": 2397103.1558
      }
    },
    {
      "type": "Feature",
      "geometry": {
        "type": "Point",
        "coordinates": [
          83.8218013,
          21.653259
        ]
      },
      "properties": {
        "status": "dead",
        "confidence": 1.0,
        "proj_x": 792057.9665,
        "proj_y": 2397103.604
      }
    },
    {
      "type": "Feature",
      "geometry": {
        "type": "Point",
        "coordinates": [
          83.8218951,
          21.6530613
        ]
      },
      "properties": {
        "status": "dead",
        "confidence": 0.9965,
        "proj_x": 792068.0866,
        "proj_y": 2397081.8776
      }
    },
    {
      "type": "Feature",
      "geometry": {
        "type": "Point",
        "coordinates": [
          83.8215569,
          21.6532744
        ]
      },
      "properties": {
        "status": "dead",
        "confidence": 1.0,
        "proj_x": 792032.6309,
        "proj_y": 2397104.8543
      }
    },
    {
      "type": "Feature",
      "geometry": {
        "type": "Point",
        "coordinates": [
          83.8217425,
          21.6532581
        ]
      },
      "properties": {
        "status": "dead",
        "confidence": 0.9994,
        "proj_x": 792051.8803,
        "proj_y": 2397103.3917
      }
    },
    {
      "type": "Feature",
      "geometry": {
        "type": "Point",
        "coordinates": [
          83.821868,
          21.6531395
        ]
      },
      "properties": {
        "status": "dead",
        "confidence": 1.0,
        "proj_x": 792065.1143,
        "proj_y": 2397090.488
      }
    },
    {
      "type": "Feature",
      "geometry": {
        "type": "Point",
        "coordinates": [
          83.821939,
          21.6530812
        ]
      },
      "properties": {
        "status": "dead",
        "confidence": 1.0,
        "proj_x": 792072.5923,
        "proj_y": 2397084.1659
      }
    },
    {
      "type": "Feature",
      "geometry": {
        "type": "Point",
        "coordinates": [
          83.821802,
          21.6530409
        ]
      },
      "properties": {
        "status": "dead",
        "confidence": 0.9999,
        "proj_x": 792058.4855,
        "proj_y": 2397079.4479
      }
    },
    {
      "type": "Feature",
      "geometry": {
        "type": "Point",
        "coordinates": [
          83.8218146,
          21.6531382
        ]
      },
      "properties": {
        "status": "dead",
        "confidence": 1.0,
        "proj_x": 792059.5942,
        "proj_y": 2397090.2521
      }
    },
    {
      "type": "Feature",
      "geometry": {
        "type": "Point",
        "coordinates": [
          83.8218509,
          21.6531666
        ]
      },
      "properties": {
        "status": "dead",
        "confidence": 0.9938,
        "proj_x": 792063.2979,
        "proj_y": 2397093.4603
      }
    },
    {
      "type": "Feature",
      "geometry": {
        "type": "Point",
        "coordinates": [
          83.8216416,
          21.6529902
        ]
      },
      "properties": {
        "status": "dead",
        "confidence": 0.9989,
        "proj_x": 792041.9725,
        "proj_y": 2397073.5268
      }
    },
    {
      "type": "Feature",
      "geometry": {
        "type": "Point",
        "coordinates": [
          83.8216513,
          21.6532072
        ]
      },
      "properties": {
        "status": "dead",
        "confidence": 0.9999,
        "proj_x": 792042.5387,
        "proj_y": 2397097.5886
      }
    },
    {
      "type": "Feature",
      "geometry": {
        "type": "Point",
        "coordinates": [
          83.821668,
          21.6530492
        ]
      },
      "properties": {
        "status": "dead",
        "confidence": 0.9993,
        "proj_x": 792044.591,
        "proj_y": 2397080.1084
      }
    },
    {
      "type": "Feature",
      "geometry": {
        "type": "Point",
        "coordinates": [
          83.8217575,
          21.6530234
        ]
      },
      "properties": {
        "status": "dead",
        "confidence": 0.9999,
        "proj_x": 792053.909,
        "proj_y": 2397077.4191
      }
    },
    {
      "type": "Feature",
      "geometry": {
        "type": "Point",
        "coordinates": [
          83.8217001,
          21.6530356
        ]
      },
      "properties": {
        "status": "dead",
        "confidence": 0.9966,
        "proj_x": 792047.9408,
        "proj_y": 2397078.6694
      }
    },
    {
      "type": "Feature",
      "geometry": {
        "type": "Point",
        "coordinates": [
          83.8215756,
          21.6532049
        ]
      },
      "properties": {
        "status": "dead",
        "confidence": 0.9942,
        "proj_x": 792034.7068,
        "proj_y": 2397097.1875
      }
    },
    {
      "type": "Feature",
      "geometry": {
        "type": "Point",
        "coordinates": [
          83.8220988,
          21.6532859
        ]
      },
      "properties": {
        "status": "dead",
        "confidence": 0.9973,
        "proj_x": 792088.7279,
        "proj_y": 2397107.1425
      }
    },
    {
      "type": "Feature",
      "geometry": {
        "type": "Point",
        "coordinates": [
          83.8216142,
          21.6530565
        ]
      },
      "properties": {
        "status": "dead",
        "confidence": 1.0,
        "proj_x": 792039.0002,
        "proj_y": 2397080.8161
      }
    },
    {
      "type": "Feature",
      "geometry": {
        "type": "Point",
        "coordinates": [
          83.821666,
          21.6531678
        ]
      },
      "properties": {
        "status": "dead",
        "confidence": 1.0,
        "proj_x": 792044.1428,
        "proj_y": 2397093.248
      }
    },
    {
      "type": "Feature",
      "geometry": {
        "type": "Point",
        "coordinates": [
          83.8216416,
          21.653168
        ]
      },
      "properties": {
        "status": "dead",
        "confidence": 1.0,
        "proj_x": 792041.6187,
        "proj_y": 2397093.2244
      }
    },
    {
      "type": "Feature",
      "geometry": {
        "type": "Point",
        "coordinates": [
          83.8215644,
          21.6531531
        ]
      },
      "properties": {
        "status": "dead",
        "confidence": 0.9998,
        "proj_x": 792033.6452,
        "proj_y": 2397091.4316
      }
    },
    {
      "type": "Feature",
      "geometry": {
        "type": "Point",
        "coordinates": [
          83.8218624,
          21.6530784
        ]
      },
      "properties": {
        "status": "dead",
        "confidence": 0.9992,
        "proj_x": 792064.6661,
        "proj_y": 2397083.7177
      }
    },
    {
      "type": "Feature",
      "geometry": {
        "type": "Point",
        "coordinates": [
          83.8218231,
          21.6530714
        ]
      },
      "properties": {
        "status": "dead",
        "confidence": 0.9992,
        "proj_x": 792060.6086,
        "proj_y": 2397082.8684
      }
    },
    {
      "type": "Feature",
      "geometry": {
        "type": "Point",
        "coordinates": [
          83.8218458,
          21.6527957
        ]
      },
      "properties": {
        "status": "dead",
        "confidence": 1.0,
        "proj_x": 792063.5102,
        "proj_y": 2397052.3665
      }
    },
    {
      "type": "Feature",
      "geometry": {
        "type": "Point",
        "coordinates": [
          83.8220586,
          21.6531407
        ]
      },
      "properties": {
        "status": "dead",
        "confidence": 1.0,
        "proj_x": 792084.8591,
        "proj_y": 2397090.9834
      }
    },
    {
      "type": "Feature",
      "geometry": {
        "type": "Point",
        "coordinates": [
          83.8216355,
          21.6532742
        ]
      },
      "properties": {
        "status": "dead",
        "confidence": 1.0,
        "proj_x": 792040.7694,
        "proj_y": 2397104.9722
      }
    },
    {
      "type": "Feature",
      "geometry": {
        "type": "Point",
        "coordinates": [
          83.8220058,
          21.6531656
        ]
      },
      "properties": {
        "status": "dead",
        "confidence": 0.9979,
        "proj_x": 792079.3391,
        "proj_y": 2397093.649
      }
    },
    {
      "type": "Feature",
      "geometry": {
        "type": "Point",
        "coordinates": [
          83.8222091,
          21.6531728
        ]
      },
      "properties": {
        "status": "dead",
        "confidence": 0.8957,
        "proj_x": 792100.3813,
        "proj_y": 2397094.8285
      }
    },
    {
      "type": "Feature",
      "geometry": {
        "type": "Point",
        "coordinates": [
          83.8191684,
          21.6519539
        ]
      },
      "properties": {
        "status": "dead",
        "confidence": 1.0,
        "proj_x": 791787.9318,
        "proj_y": 2396954.067
      }
    },
    {
      "type": "Feature",
      "geometry": {
        "type": "Point",
        "coordinates": [
          83.8192929,
          21.6518285
        ]
      },
      "properties": {
        "status": "dead",
        "confidence": 0.9829,
        "proj_x": 791801.0714,
        "proj_y": 2396940.4084
      }
    },
    {
      "type": "Feature",
      "geometry": {
        "type": "Point",
        "coordinates": [
          83.8190571,
          21.651993
        ]
      },
      "properties": {
        "status": "dead",
        "confidence": 0.9973,
        "proj_x": 791776.3255,
        "proj_y": 2396958.1953
      }
    },
    {
      "type": "Feature",
      "geometry": {
        "type": "Point",
        "coordinates": [
          83.8192317,
          21.6520478
        ]
      },
      "properties": {
        "status": "dead",
        "confidence": 1.0,
        "proj_x": 791794.3011,
        "proj_y": 2396964.5882
      }
    },
    {
      "type": "Feature",
      "geometry": {
        "type": "Point",
        "coordinates": [
          83.8193115,
          21.6518739
        ]
      },
      "properties": {
        "status": "dead",
        "confidence": 0.9253,
        "proj_x": 791802.9114,
        "proj_y": 2396945.4803
      }
    },
    {
      "type": "Feature",
      "geometry": {
        "type": "Point",
        "coordinates": [
          83.8193624,
          21.651994
        ]
      },
      "properties": {
        "status": "dead",
        "confidence": 0.9981,
        "proj_x": 791807.9361,
        "proj_y": 2396958.8794
      }
    },
    {
      "type": "Feature",
      "geometry": {
        "type": "Point",
        "coordinates": [
          83.819101,
          21.6520002
        ]
      },
      "properties": {
        "status": "dead",
        "confidence": 0.9998,
        "proj_x": 791780.8548,
        "proj_y": 2396959.0681
      }
    },
    {
      "type": "Feature",
      "geometry": {
        "type": "Point",
        "coordinates": [
          83.819228,
          21.6519705
        ]
      },
      "properties": {
        "status": "dead",
        "confidence": 0.9998,
        "proj_x": 791794.0652,
        "proj_y": 2396956.025
      }
    },
    {
      "type": "Feature",
      "geometry": {
        "type": "Point",
        "coordinates": [
          83.8193226,
          21.6518348
        ]
      },
      "properties": {
        "status": "dead",
        "confidence": 0.869,
        "proj_x": 791804.1381,
        "proj_y": 2396941.1633
      }
    },
    {
      "type": "Feature",
      "geometry": {
        "type": "Point",
        "coordinates": [
          83.8190946,
          21.6518216
        ]
      },
      "properties": {
        "status": "dead",
        "confidence": 0.9578,
        "proj_x": 791780.5481,
        "proj_y": 2396939.2761
      }
    },
    {
      "type": "Feature",
      "geometry": {
        "type": "Point",
        "coordinates": [
          83.8191069,
          21.6518968
        ]
      },
      "properties": {
        "status": "dead",
        "confidence": 1.0,
        "proj_x": 791781.6804,
        "proj_y": 2396947.6269
      }
    },
    {
      "type": "Feature",
      "geometry": {
        "type": "Point",
        "coordinates": [
          83.8191385,
          21.6519599
        ]
      },
      "properties": {
        "status": "dead",
        "confidence": 1.0,
        "proj_x": 791784.8179,
        "proj_y": 2396954.6804
      }
    },
    {
      "type": "Feature",
      "geometry": {
        "type": "Point",
        "coordinates": [
          83.8192069,
          21.6519984
        ]
      },
      "properties": {
        "status": "dead",
        "confidence": 1.0,
        "proj_x": 791791.8241,
        "proj_y": 2396959.0681
      }
    },
    {
      "type": "Feature",
      "geometry": {
        "type": "Point",
        "coordinates": [
          83.8190103,
          21.6520594
        ]
      },
      "properties": {
        "status": "dead",
        "confidence": 0.9999,
        "proj_x": 791771.348,
        "proj_y": 2396965.461
      }
    },
    {
      "type": "Feature",
      "geometry": {
        "type": "Point",
        "coordinates": [
          83.8190324,
          21.6520348
        ]
      },
      "properties": {
        "status": "dead",
        "confidence": 0.9981,
        "proj_x": 791773.6834,
        "proj_y": 2396962.7717
      }
    },
    {
      "type": "Feature",
      "geometry": {
        "type": "Point",
        "coordinates": [
          83.8192282,
          21.6518794
        ]
      },
      "properties": {
        "status": "dead",
        "confidence": 0.9965,
        "proj_x": 791794.2775,
        "proj_y": 2396945.9285
      }
    },
    {
      "type": "Feature",
      "geometry": {
        "type": "Point",
        "coordinates": [
          83.8189518,
          21.6519784
        ]
      },
      "properties": {
        "status": "dead",
        "confidence": 0.9259,
        "proj_x": 791765.4505,
        "proj_y": 2396956.3788
      }
    },
    {
      "type": "Feature",
      "geometry": {
        "type": "Point",
        "coordinates": [
          83.8192148,
          21.6519471
        ]
      },
      "properties": {
        "status": "dead",
        "confidence": 0.998,
        "proj_x": 791792.7442,
        "proj_y": 2396953.4065
      }
    },
    {
      "type": "Feature",
      "geometry": {
        "type": "Point",
        "coordinates": [
          83.8193405,
          21.6520159
        ]
      },
      "properties": {
        "status": "dead",
        "confidence": 0.9842,
        "proj_x": 791805.6243,
        "proj_y": 2396961.262
      }
    },
    {
      "type": "Feature",
      "geometry": {
        "type": "Point",
        "coordinates": [
          83.8190857,
          21.6519772
        ]
      },
      "properties": {
        "status": "dead",
        "confidence": 0.9609,
        "proj_x": 791779.3214,
        "proj_y": 2396956.4968
      }
    },
    {
      "type": "Feature",
      "geometry": {
        "type": "Point",
        "coordinates": [
          83.8191585,
          21.6519257
        ]
      },
      "properties": {
        "status": "dead",
        "confidence": 0.9995,
        "proj_x": 791786.9646,
        "proj_y": 2396950.9295
      }
    },
    {
      "type": "Feature",
      "geometry": {
        "type": "Point",
        "coordinates": [
          83.8192132,
          21.6519005
        ]
      },
      "properties": {
        "status": "dead",
        "confidence": 0.4913,
        "proj_x": 791792.6734,
        "proj_y": 2396948.2403
      }
    },
    {
      "type": "Feature",
      "geometry": {
        "type": "Point",
        "coordinates": [
          83.8192948,
          21.6518921
        ]
      },
      "properties": {
        "status": "dead",
        "confidence": 0.9887,
        "proj_x": 791801.1422,
        "proj_y": 2396947.4618
      }
    },
    {
      "type": "Feature",
      "geometry": {
        "type": "Point",
        "coordinates": [
          83.8193099,
          21.6519342
        ]
      },
      "properties": {
        "status": "dead",
        "confidence": 0.9997,
        "proj_x": 791802.6284,
        "proj_y": 2396952.1562
      }
    },
    {
      "type": "Feature",
      "geometry": {
        "type": "Point",
        "coordinates": [
          83.8188604,
          21.6519608
        ]
      },
      "properties": {
        "status": "dead",
        "confidence": 0.9996,
        "proj_x": 791756.0145,
        "proj_y": 2396954.2557
      }
    },
    {
      "type": "Feature",
      "geometry": {
        "type": "Point",
        "coordinates": [
          83.819241,
          21.6519399
        ]
      },
      "properties": {
        "status": "dead",
        "confidence": 0.998,
        "proj_x": 791795.4806,
        "proj_y": 2396952.6516
      }
    },
    {
      "type": "Feature",
      "geometry": {
        "type": "Point",
        "coordinates": [
          83.8190118,
          21.651994
        ]
      },
      "properties": {
        "status": "dead",
        "confidence": 0.9736,
        "proj_x": 791771.6311,
        "proj_y": 2396958.2189
      }
    },
    {
      "type": "Feature",
      "geometry": {
        "type": "Point",
        "coordinates": [
          83.8190497,
          21.6519278
        ]
      },
      "properties": {
        "status": "dead",
        "confidence": 1.0,
        "proj_x": 791775.6886,
        "proj_y": 2396950.9531
      }
    },
    {
      "type": "Feature",
      "geometry": {
        "type": "Point",
        "coordinates": [
          83.8191032,
          21.6518785
        ]
      },
      "properties": {
        "status": "dead",
        "confidence": 1.0,
        "proj_x": 791781.3266,
        "proj_y": 2396945.5982
      }
    },
    {
      "type": "Feature",
      "geometry": {
        "type": "Point",
        "coordinates": [
          83.8189904,
          21.6520399
        ]
      },
      "properties": {
        "status": "dead",
        "confidence": 0.8573,
        "proj_x": 791769.3193,
        "proj_y": 2396963.2671
      }
    },
    {
      "type": "Feature",
      "geometry": {
        "type": "Point",
        "coordinates": [
          83.8189557,
          21.6518712
        ]
      },
      "properties": {
        "status": "dead",
        "confidence": 0.6904,
        "proj_x": 791766.0639,
        "proj_y": 2396944.5131
      }
    },
    {
      "type": "Feature",
      "geometry": {
        "type": "Point",
        "coordinates": [
          83.8192939,
          21.6518687
        ]
      },
      "properties": {
        "status": "dead",
        "confidence": 0.9997,
        "proj_x": 791801.095,
        "proj_y": 2396944.8669
      }
    },
    {
      "type": "Feature",
      "geometry": {
        "type": "Point",
        "coordinates": [
          83.8189673,
          21.6520589
        ]
      },
      "properties": {
        "status": "dead",
        "confidence": 0.9518,
        "proj_x": 791766.8895,
        "proj_y": 2396965.3194
      }
    },
    {
      "type": "Feature",
      "geometry": {
        "type": "Point",
        "coordinates": [
          83.8191505,
          21.6518522
        ]
      },
      "properties": {
        "status": "dead",
        "confidence": 1.0,
        "proj_x": 791786.2805,
        "proj_y": 2396942.7674
      }
    },
    {
      "type": "Feature",
      "geometry": {
        "type": "Point",
        "coordinates": [
          83.819008,
          21.6518934
        ]
      },
      "properties": {
        "status": "dead",
        "confidence": 0.9927,
        "proj_x": 791771.4424,
        "proj_y": 2396947.0608
      }
    },
    {
      "type": "Feature",
      "geometry": {
        "type": "Point",
        "coordinates": [
          83.8193165,
          21.6519179
        ]
      },
      "properties": {
        "status": "dead",
        "confidence": 0.9696,
        "proj_x": 791803.3361,
        "proj_y": 2396950.3634
      }
    },
    {
      "type": "Feature",
      "geometry": {
        "type": "Point",
        "coordinates": [
          83.8192484,
          21.6518952
        ]
      },
      "properties": {
        "status": "dead",
        "confidence": 1.0,
        "proj_x": 791796.3298,
        "proj_y": 2396947.7213
      }
    },
    {
      "type": "Feature",
      "geometry": {
        "type": "Point",
        "coordinates": [
          83.8193576,
          21.6519485
        ]
      },
      "properties": {
        "status": "dead",
        "confidence": 0.999,
        "proj_x": 791807.5351,
        "proj_y": 2396953.8311
      }
    },
    {
      "type": "Feature",
      "geometry": {
        "type": "Point",
        "coordinates": [
          83.819365,
          21.6518362
        ]
      },
      "properties": {
        "status": "dead",
        "confidence": 1.0,
        "proj_x": 791808.5259,
        "proj_y": 2396941.3992
      }
    },
    {
      "type": "Feature",
      "geometry": {
        "type": "Point",
        "coordinates": [
          83.8192231,
          21.6519917
        ]
      },
      "properties": {
        "status": "dead",
        "confidence": 0.9991,
        "proj_x": 791793.5226,
        "proj_y": 2396958.3604
      }
    },
    {
      "type": "Feature",
      "geometry": {
        "type": "Point",
        "coordinates": [
          83.8189845,
          21.6519958
        ]
      },
      "properties": {
        "status": "dead",
        "confidence": 0.936,
        "proj_x": 791768.8003,
        "proj_y": 2396958.3604
      }
    },
    {
      "type": "Feature",
      "geometry": {
        "type": "Point",
        "coordinates": [
          83.8188421,
          21.6519681
        ]
      },
      "properties": {
        "status": "dead",
        "confidence": 0.5933,
        "proj_x": 791754.1037,
        "proj_y": 2396955.0342
      }
    },
    {
      "type": "Feature",
      "geometry": {
        "type": "Point",
        "coordinates": [
          83.8192927,
          21.6519377
        ]
      },
      "properties": {
        "status": "dead",
        "confidence": 0.9963,
        "proj_x": 791800.8355,
        "proj_y": 2396952.5101
      }
    },
    {
      "type": "Feature",
      "geometry": {
        "type": "Point",
        "coordinates": [
          83.8193494,
          21.6520307
        ]
      },
      "properties": {
        "status": "dead",
        "confidence": 0.9999,
        "proj_x": 791806.5207,
        "proj_y": 2396962.9133
      }
    },
    {
      "type": "Feature",
      "geometry": {
        "type": "Point",
        "coordinates": [
          83.8190627,
          21.6519427
        ]
      },
      "properties": {
        "status": "dead",
        "confidence": 0.9997,
        "proj_x": 791777.0096,
        "proj_y": 2396952.628
      }
    },
    {
      "type": "Feature",
      "geometry": {
        "type": "Point",
        "coordinates": [
          83.8191994,
          21.6520366
        ]
      },
      "properties": {
        "status": "dead",
        "confidence": 0.9931,
        "proj_x": 791790.9749,
        "proj_y": 2396963.2907
      }
    },
    {
      "type": "Feature",
      "geometry": {
        "type": "Point",
        "coordinates": [
          83.8192604,
          21.6518695
        ]
      },
      "properties": {
        "status": "dead",
        "confidence": 0.9854,
        "proj_x": 791797.6273,
        "proj_y": 2396944.8905
      }
    },
    {
      "type": "Feature",
      "geometry": {
        "type": "Point",
        "coordinates": [
          83.8191861,
          21.6518424
        ]
      },
      "properties": {
        "status": "dead",
        "confidence": 0.6941,
        "proj_x": 791789.9841,
        "proj_y": 2396941.753
      }
    },
    {
      "type": "Feature",
      "geometry": {
        "type": "Point",
        "coordinates": [
          83.8191587,
          21.6518154
        ]
      },
      "properties": {
        "status": "dead",
        "confidence": 0.981,
        "proj_x": 791787.2005,
        "proj_y": 2396938.7099
      }
    },
    {
      "type": "Feature",
      "geometry": {
        "type": "Point",
        "coordinates": [
          83.8193115,
          21.6518969
        ]
      },
      "properties": {
        "status": "dead",
        "confidence": 0.9999,
        "proj_x": 791802.8643,
        "proj_y": 2396948.028
      }
    },
    {
      "type": "Feature",
      "geometry": {
        "type": "Point",
        "coordinates": [
          83.8188825,
          21.6519491
        ]
      },
      "properties": {
        "status": "dead",
        "confidence": 0.9427,
        "proj_x": 791758.3263,
        "proj_y": 2396953.0055
      }
    },
    {
      "type": "Feature",
      "geometry": {
        "type": "Point",
        "coordinates": [
          83.8215171,
          21.6524555
        ]
      },
      "properties": {
        "status": "dead",
        "confidence": 0.9773,
        "proj_x": 792030.1539,
        "proj_y": 2397014.0564
      }
    },
    {
      "type": "Feature",
      "geometry": {
        "type": "Point",
        "coordinates": [
          83.8215584,
          21.6525676
        ]
      },
      "properties": {
        "status": "dead",
        "confidence": 0.9999,
        "proj_x": 792034.2114,
        "proj_y": 2397026.5591
      }
    },
    {
      "type": "Feature",
      "geometry": {
        "type": "Point",
        "coordinates": [
          83.821697,
          21.6526275
        ]
      },
      "properties": {
        "status": "dead",
        "confidence": 0.6739,
        "proj_x": 792048.4362,
        "proj_y": 2397033.4474
      }
    },
    {
      "type": "Feature",
      "geometry": {
        "type": "Point",
        "coordinates": [
          83.8214569,
          21.6524893
        ]
      },
      "properties": {
        "status": "dead",
        "confidence": 0.9984,
        "proj_x": 792023.8554,
        "proj_y": 2397017.6892
      }
    },
    {
      "type": "Feature",
      "geometry": {
        "type": "Point",
        "coordinates": [
          83.8214955,
          21.6526015
        ]
      },
      "properties": {
        "status": "dead",
        "confidence": 0.9999,
        "proj_x": 792027.6298,
        "proj_y": 2397030.1919
      }
    },
    {
      "type": "Feature",
      "geometry": {
        "type": "Point",
        "coordinates": [
          83.821555,
          21.6525221
        ]
      },
      "properties": {
        "status": "dead",
        "confidence": 1.0,
        "proj_x": 792033.9519,
        "proj_y": 2397021.5108
      }
    },
    {
      "type": "Feature",
      "geometry": {
        "type": "Point",
        "coordinates": [
          83.8214528,
          21.652463
        ]
      },
      "properties": {
        "status": "dead",
        "confidence": 0.9989,
        "proj_x": 792023.4779,
        "proj_y": 2397014.7641
      }
    },
    {
      "type": "Feature",
      "geometry": {
        "type": "Point",
        "coordinates": [
          83.8215026,
          21.6524168
        ]
      },
      "properties": {
        "status": "dead",
        "confidence": 0.921,
        "proj_x": 792028.7385,
        "proj_y": 2397009.7394
      }
    },
    {
      "type": "Feature",
      "geometry": {
        "type": "Point",
        "coordinates": [
          83.8215383,
          21.6525288
        ]
      },
      "properties": {
        "status": "dead",
        "confidence": 0.8227,
        "proj_x": 792032.2062,
        "proj_y": 2397022.2185
      }
    },
    {
      "type": "Feature",
      "geometry": {
        "type": "Point",
        "coordinates": [
          83.8216392,
          21.6524683
        ]
      },
      "properties": {
        "status": "dead",
        "confidence": 1.0,
        "proj_x": 792042.7746,
        "proj_y": 2397015.7077
      }
    },
    {
      "type": "Feature",
      "geometry": {
        "type": "Point",
        "coordinates": [
          83.8215241,
          21.6525723
        ]
      },
      "properties": {
        "status": "dead",
        "confidence": 1.0,
        "proj_x": 792030.6493,
        "proj_y": 2397027.0073
      }
    },
    {
      "type": "Feature",
      "geometry": {
        "type": "Point",
        "coordinates": [
          83.8214744,
          21.6525116
        ]
      },
      "properties": {
        "status": "dead",
        "confidence": 0.9685,
        "proj_x": 792025.6246,
        "proj_y": 2397020.1898
      }
    },
    {
      "type": "Feature",
      "geometry": {
        "type": "Point",
        "coordinates": [
          83.8217556,
          21.6526226
        ]
      },
      "properties": {
        "status": "dead",
        "confidence": 0.7644,
        "proj_x": 792054.5224,
        "proj_y": 2397033.0227
      }
    },
    {
      "type": "Feature",
      "geometry": {
        "type": "Point",
        "coordinates": [
          83.8217427,
          21.6526358
        ]
      },
      "properties": {
        "status": "dead",
        "confidence": 0.6089,
        "proj_x": 792053.1542,
        "proj_y": 2397034.4617
      }
    },
    {
      "type": "Feature",
      "geometry": {
        "type": "Point",
        "coordinates": [
          83.8189017,
          21.652343
        ]
      },
      "properties": {
        "status": "dead",
        "confidence": 0.9992,
        "proj_x": 791759.5294,
        "proj_y": 2396996.6705
      }
    },
    {
      "type": "Feature",
      "geometry": {
        "type": "Point",
        "coordinates": [
          83.818933,
          21.6521945
        ]
      },
      "properties": {
        "status": "dead",
        "confidence": 0.999,
        "proj_x": 791763.0679,
        "proj_y": 2396980.2755
      }
    },
    {
      "type": "Feature",
      "geometry": {
        "type": "Point",
        "coordinates": [
          83.8188651,
          21.6521462
        ]
      },
      "properties": {
        "status": "dead",
        "confidence": 0.9952,
        "proj_x": 791756.1325,
        "proj_y": 2396974.8026
      }
    },
    {
      "type": "Feature",
      "geometry": {
        "type": "Point",
        "coordinates": [
          83.8192478,
          21.6524276
        ]
      },
      "properties": {
        "status": "dead",
        "confidence": 1.0,
        "proj_x": 791795.1975,
        "proj_y": 2397006.6963
      }
    },
    {
      "type": "Feature",
      "geometry": {
        "type": "Point",
        "coordinates": [
          83.8188432,
          21.6523084
        ]
      },
      "properties": {
        "status": "dead",
        "confidence": 0.9791,
        "proj_x": 791753.5376,
        "proj_y": 2396992.731
      }
    },
    {
      "type": "Feature",
      "geometry": {
        "type": "Point",
        "coordinates": [
          83.8190307,
          21.6525341
        ]
      },
      "properties": {
        "status": "dead",
        "confidence": 1.0,
        "proj_x": 791772.5039,
        "proj_y": 2397018.0903
      }
    },
    {
      "type": "Feature",
      "geometry": {
        "type": "Point",
        "coordinates": [
          83.8190446,
          21.6521004
        ]
      },
      "properties": {
        "status": "dead",
        "confidence": 0.9516,
        "proj_x": 791774.8158,
        "proj_y": 2396970.061
      }
    },
    {
      "type": "Feature",
      "geometry": {
        "type": "Point",
        "coordinates": [
          83.8192165,
          21.6521407
        ]
      },
      "properties": {
        "status": "dead",
        "confidence": 1.0,
        "proj_x": 791792.5318,
        "proj_y": 2396974.8498
      }
    },
    {
      "type": "Feature",
      "geometry": {
        "type": "Point",
        "coordinates": [
          83.8188974,
          21.6521067
        ]
      },
      "properties": {
        "status": "dead",
        "confidence": 0.9998,
        "proj_x": 791759.553,
        "proj_y": 2396970.4857
      }
    },
    {
      "type": "Feature",
      "geometry": {
        "type": "Point",
        "coordinates": [
          83.8189175,
          21.6522269
        ]
      },
      "properties": {
        "status": "dead",
        "confidence": 0.941,
        "proj_x": 791761.393,
        "proj_y": 2396983.8376
      }
    },
    {
      "type": "Feature",
      "geometry": {
        "type": "Point",
        "coordinates": [
          83.8189553,
          21.652252
        ]
      },
      "properties": {
        "status": "dead",
        "confidence": 0.9924,
        "proj_x": 791765.2618,
        "proj_y": 2396986.692
      }
    },
    {
      "type": "Feature",
      "geometry": {
        "type": "Point",
        "coordinates": [
          83.8189837,
          21.6521651
        ]
      },
      "properties": {
        "status": "dead",
        "confidence": 0.9995,
        "proj_x": 791768.3757,
        "proj_y": 2396977.1144
      }
    },
    {
      "type": "Feature",
      "geometry": {
        "type": "Point",
        "coordinates": [
          83.8193696,
          21.6523074
        ]
      },
      "properties": {
        "status": "dead",
        "confidence": 1.0,
        "proj_x": 791808.0541,
        "proj_y": 2396993.6039
      }
    },
    {
      "type": "Feature",
      "geometry": {
        "type": "Point",
        "coordinates": [
          83.8193829,
          21.6521238
        ]
      },
      "properties": {
        "status": "dead",
        "confidence": 0.9998,
        "proj_x": 791809.7997,
        "proj_y": 2396973.2929
      }
    },
    {
      "type": "Feature",
      "geometry": {
        "type": "Point",
        "coordinates": [
          83.818744,
          21.6522343
        ]
      },
      "properties": {
        "status": "dead",
        "confidence": 0.8207,
        "proj_x": 791743.4175,
        "proj_y": 2396984.333
      }
    },
    {
      "type": "Feature",
      "geometry": {
        "type": "Point",
        "coordinates": [
          83.818794,
          21.6522713
        ]
      },
      "properties": {
        "status": "dead",
        "confidence": 0.9956,
        "proj_x": 791748.5129,
        "proj_y": 2396988.532
      }
    },
    {
      "type": "Feature",
      "geometry": {
        "type": "Point",
        "coordinates": [
          83.818892,
          21.6522313
        ]
      },
      "properties": {
        "status": "dead",
        "confidence": 0.6669,
        "proj_x": 791758.751,
        "proj_y": 2396984.2858
      }
    },
    {
      "type": "Feature",
      "geometry": {
        "type": "Point",
        "coordinates": [
          83.819077,
          21.6522076
        ]
      },
      "properties": {
        "status": "dead",
        "confidence": 0.9991,
        "proj_x": 791777.9532,
        "proj_y": 2396981.9976
      }
    },
    {
      "type": "Feature",
      "geometry": {
        "type": "Point",
        "coordinates": [
          83.8190827,
          21.6524293
        ]
      },
      "properties": {
        "status": "dead",
        "confidence": 0.9999,
        "proj_x": 791778.0948,
        "proj_y": 2397006.5784
      }
    },
    {
      "type": "Feature",
      "geometry": {
        "type": "Point",
        "coordinates": [
          83.8191006,
          21.6523426
        ]
      },
      "properties": {
        "status": "dead",
        "confidence": 1.0,
        "proj_x": 791780.1235,
        "proj_y": 2396997.0008
      }
    },
    {
      "type": "Feature",
      "geometry": {
        "type": "Point",
        "coordinates": [
          83.8187485,
          21.6521948
        ]
      },
      "properties": {
        "status": "dead",
        "confidence": 0.8145,
        "proj_x": 791743.96,
        "proj_y": 2396979.9688
      }
    },
    {
      "type": "Feature",
      "geometry": {
        "type": "Point",
        "coordinates": [
          83.8190167,
          21.6521536
        ]
      },
      "properties": {
        "status": "dead",
        "confidence": 0.9991,
        "proj_x": 791771.8198,
        "proj_y": 2396975.9114
      }
    },
    {
      "type": "Feature",
      "geometry": {
        "type": "Point",
        "coordinates": [
          83.8190277,
          21.6526019
        ]
      },
      "properties": {
        "status": "dead",
        "confidence": 1.0,
        "proj_x": 791772.0557,
        "proj_y": 2397025.5919
      }
    },
    {
      "type": "Feature",
      "geometry": {
        "type": "Point",
        "coordinates": [
          83.8191824,
          21.6526823
        ]
      },
      "properties": {
        "status": "dead",
        "confidence": 1.0,
        "proj_x": 791787.9082,
        "proj_y": 2397034.792
      }
    },
    {
      "type": "Feature",
      "geometry": {
        "type": "Point",
        "coordinates": [
          83.8187577,
          21.6521625
        ]
      },
      "properties": {
        "status": "dead",
        "confidence": 0.9976,
        "proj_x": 791744.9744,
        "proj_y": 2396976.4067
      }
    },
    {
      "type": "Feature",
      "geometry": {
        "type": "Point",
        "coordinates": [
          83.8188118,
          21.6523196
        ]
      },
      "properties": {
        "status": "dead",
        "confidence": 1.0,
        "proj_x": 791750.2586,
        "proj_y": 2396993.9105
      }
    },
    {
      "type": "Feature",
      "geometry": {
        "type": "Point",
        "coordinates": [
          83.8188277,
          21.6522731
        ]
      },
      "properties": {
        "status": "dead",
        "confidence": 1.0,
        "proj_x": 791752.0042,
        "proj_y": 2396988.7915
      }
    },
    {
      "type": "Feature",
      "geometry": {
        "type": "Point",
        "coordinates": [
          83.8188665,
          21.6522073
        ]
      },
      "properties": {
        "status": "dead",
        "confidence": 0.9844,
        "proj_x": 791756.1561,
        "proj_y": 2396981.5729
      }
    },
    {
      "type": "Feature",
      "geometry": {
        "type": "Point",
        "coordinates": [
          83.8190471,
          21.6522636
        ]
      },
      "properties": {
        "status": "dead",
        "confidence": 0.9996,
        "proj_x": 791774.745,
        "proj_y": 2396988.1546
      }
    },
    {
      "type": "Feature",
      "geometry": {
        "type": "Point",
        "coordinates": [
          83.8190993,
          21.6522046
        ]
      },
      "properties": {
        "status": "dead",
        "confidence": 0.9368,
        "proj_x": 791780.265,
        "proj_y": 2396981.7145
      }
    },
    {
      "type": "Feature",
      "geometry": {
        "type": "Point",
        "coordinates": [
          83.8191063,
          21.6523114
        ]
      },
      "properties": {
        "status": "dead",
        "confidence": 0.9906,
        "proj_x": 791780.784,
        "proj_y": 2396993.5567
      }
    },
    {
      "type": "Feature",
      "geometry": {
        "type": "Point",
        "coordinates": [
          83.8191902,
          21.6521581
        ]
      },
      "properties": {
        "status": "dead",
        "confidence": 0.9963,
        "proj_x": 791789.7718,
        "proj_y": 2396976.737
      }
    },
    {
      "type": "Feature",
      "geometry": {
        "type": "Point",
        "coordinates": [
          83.8187801,
          21.6524
        ]
      },
      "properties": {
        "status": "dead",
        "confidence": 1.0,
        "proj_x": 791746.8144,
        "proj_y": 2397002.7568
      }
    },
    {
      "type": "Feature",
      "geometry": {
        "type": "Point",
        "coordinates": [
          83.8187862,
          21.6523647
        ]
      },
      "properties": {
        "status": "dead",
        "confidence": 1.0,
        "proj_x": 791747.5221,
        "proj_y": 2396998.8644
      }
    },
    {
      "type": "Feature",
      "geometry": {
        "type": "Point",
        "coordinates": [
          83.8189709,
          21.6524772
        ]
      },
      "properties": {
        "status": "dead",
        "confidence": 0.9993,
        "proj_x": 791766.4177,
        "proj_y": 2397011.6738
      }
    },
    {
      "type": "Feature",
      "geometry": {
        "type": "Point",
        "coordinates": [
          83.8193763,
          21.6526758
        ]
      },
      "properties": {
        "status": "dead",
        "confidence": 1.0,
        "proj_x": 791808.0069,
        "proj_y": 2397034.4381
      }
    },
    {
      "type": "Feature",
      "geometry": {
        "type": "Point",
        "coordinates": [
          83.8188133,
          21.6523866
        ]
      },
      "properties": {
        "status": "dead",
        "confidence": 1.0,
        "proj_x": 791750.2822,
        "proj_y": 2397001.3414
      }
    },
    {
      "type": "Feature",
      "geometry": {
        "type": "Point",
        "coordinates": [
          83.8188433,
          21.6525235
        ]
      },
      "properties": {
        "status": "dead",
        "confidence": 0.778,
        "proj_x": 791753.113,
        "proj_y": 2397016.5569
      }
    },
    {
      "type": "Feature",
      "geometry": {
        "type": "Point",
        "coordinates": [
          83.8188879,
          21.6524037
        ]
      },
      "properties": {
        "status": "dead",
        "confidence": 1.0,
        "proj_x": 791757.9725,
        "proj_y": 2397003.3701
      }
    },
    {
      "type": "Feature",
      "geometry": {
        "type": "Point",
        "coordinates": [
          83.8189057,
          21.6526425
        ]
      },
      "properties": {
        "status": "dead",
        "confidence": 1.0,
        "proj_x": 791759.3407,
        "proj_y": 2397029.8617
      }
    },
    {
      "type": "Feature",
      "geometry": {
        "type": "Point",
        "coordinates": [
          83.8189677,
          21.6521839
        ]
      },
      "properties": {
        "status": "dead",
        "confidence": 0.9627,
        "proj_x": 791766.6772,
        "proj_y": 2396979.1668
      }
    },
    {
      "type": "Feature",
      "geometry": {
        "type": "Point",
        "coordinates": [
          83.8190479,
          21.6523531
        ]
      },
      "properties": {
        "status": "dead",
        "confidence": 0.9999,
        "proj_x": 791774.6506,
        "proj_y": 2396998.0624
      }
    },
    {
      "type": "Feature",
      "geometry": {
        "type": "Point",
        "coordinates": [
          83.8191274,
          21.6521767
        ]
      },
      "properties": {
        "status": "dead",
        "confidence": 0.8013,
        "proj_x": 791783.2374,
        "proj_y": 2396978.6714
      }
    },
    {
      "type": "Feature",
      "geometry": {
        "type": "Point",
        "coordinates": [
          83.8187922,
          21.6527066
        ]
      },
      "properties": {
        "status": "dead",
        "confidence": 1.0,
        "proj_x": 791747.4514,
        "proj_y": 2397036.75
      }
    },
    {
      "type": "Feature",
      "geometry": {
        "type": "Point",
        "coordinates": [
          83.8189556,
          21.6522224
        ]
      },
      "properties": {
        "status": "dead",
        "confidence": 0.9902,
        "proj_x": 791765.3562,
        "proj_y": 2396983.413
      }
    },
    {
      "type": "Feature",
      "geometry": {
        "type": "Point",
        "coordinates": [
          83.8190158,
          21.6523398
        ]
      },
      "properties": {
        "status": "dead",
        "confidence": 1.0,
        "proj_x": 791771.348,
        "proj_y": 2396996.529
      }
    },
    {
      "type": "Feature",
      "geometry": {
        "type": "Point",
        "coordinates": [
          83.8193117,
          21.6523618
        ]
      },
      "properties": {
        "status": "dead",
        "confidence": 1.0,
        "proj_x": 791801.9443,
        "proj_y": 2396999.5249
      }
    },
    {
      "type": "Feature",
      "geometry": {
        "type": "Point",
        "coordinates": [
          83.8193202,
          21.6523421
        ]
      },
      "properties": {
        "status": "dead",
        "confidence": 0.9999,
        "proj_x": 791802.8643,
        "proj_y": 2396997.3547
      }
    },
    {
      "type": "Feature",
      "geometry": {
        "type": "Point",
        "coordinates": [
          83.8187739,
          21.6524569
        ]
      },
      "properties": {
        "status": "dead",
        "confidence": 0.9989,
        "proj_x": 791746.0595,
        "proj_y": 2397009.0553
      }
    },
    {
      "type": "Feature",
      "geometry": {
        "type": "Point",
        "coordinates": [
          83.8188063,
          21.6521783
        ]
      },
      "properties": {
        "status": "dead",
        "confidence": 0.9885,
        "proj_x": 791749.9755,
        "proj_y": 2396978.2468
      }
    },
    {
      "type": "Feature",
      "geometry": {
        "type": "Point",
        "coordinates": [
          83.8189295,
          21.6521762
        ]
      },
      "properties": {
        "status": "dead",
        "confidence": 1.0,
        "proj_x": 791762.7377,
        "proj_y": 2396978.2468
      }
    },
    {
      "type": "Feature",
      "geometry": {
        "type": "Point",
        "coordinates": [
          83.8191789,
          21.6522608
        ]
      },
      "properties": {
        "status": "dead",
        "confidence": 0.9996,
        "proj_x": 791788.4036,
        "proj_y": 2396988.0838
      }
    },
    {
      "type": "Feature",
      "geometry": {
        "type": "Point",
        "coordinates": [
          83.8192521,
          21.6523217
        ]
      },
      "properties": {
        "status": "dead",
        "confidence": 0.9994,
        "proj_x": 791795.858,
        "proj_y": 2396994.9721
      }
    },
    {
      "type": "Feature",
      "geometry": {
        "type": "Point",
        "coordinates": [
          83.8188189,
          21.6525018
        ]
      },
      "properties": {
        "status": "dead",
        "confidence": 1.0,
        "proj_x": 791750.636,
        "proj_y": 2397014.1036
      }
    },
    {
      "type": "Feature",
      "geometry": {
        "type": "Point",
        "coordinates": [
          83.8188692,
          21.6526521
        ]
      },
      "properties": {
        "status": "dead",
        "confidence": 0.9991,
        "proj_x": 791755.5427,
        "proj_y": 2397030.8525
      }
    },
    {
      "type": "Feature",
      "geometry": {
        "type": "Point",
        "coordinates": [
          83.8189222,
          21.6526561
        ]
      },
      "properties": {
        "status": "dead",
        "confidence": 0.9993,
        "proj_x": 791761.0156,
        "proj_y": 2397031.395
      }
    },
    {
      "type": "Feature",
      "geometry": {
        "type": "Point",
        "coordinates": [
          83.8193898,
          21.652201
        ]
      },
      "properties": {
        "status": "dead",
        "confidence": 0.9998,
        "proj_x": 791810.3659,
        "proj_y": 2396981.856
      }
    },
    {
      "type": "Feature",
      "geometry": {
        "type": "Point",
        "coordinates": [
          83.818848,
          21.6521439
        ]
      },
      "properties": {
        "status": "dead",
        "confidence": 0.9565,
        "proj_x": 791754.3632,
        "proj_y": 2396974.5195
      }
    },
    {
      "type": "Feature",
      "geometry": {
        "type": "Point",
        "coordinates": [
          83.8189925,
          21.6526536
        ]
      },
      "properties": {
        "status": "dead",
        "confidence": 1.0,
        "proj_x": 791768.3049,
        "proj_y": 2397031.2535
      }
    },
    {
      "type": "Feature",
      "geometry": {
        "type": "Point",
        "coordinates": [
          83.8187476,
          21.6526995
        ]
      },
      "properties": {
        "status": "dead",
        "confidence": 1.0,
        "proj_x": 791742.8513,
        "proj_y": 2397035.8771
      }
    },
    {
      "type": "Feature",
      "geometry": {
        "type": "Point",
        "coordinates": [
          83.8190335,
          21.6521597
        ]
      },
      "properties": {
        "status": "dead",
        "confidence": 0.7845,
        "proj_x": 791773.5419,
        "proj_y": 2396976.6191
      }
    },
    {
      "type": "Feature",
      "geometry": {
        "type": "Point",
        "coordinates": [
          83.8190881,
          21.6523577
        ]
      },
      "properties": {
        "status": "dead",
        "confidence": 0.9998,
        "proj_x": 791778.8025,
        "proj_y": 2396998.6521
      }
    },
    {
      "type": "Feature",
      "geometry": {
        "type": "Point",
        "coordinates": [
          83.8191007,
          21.6523741
        ]
      },
      "properties": {
        "status": "dead",
        "confidence": 0.8952,
        "proj_x": 791780.0763,
        "proj_y": 2397000.4921
      }
    },
    {
      "type": "Feature",
      "geometry": {
        "type": "Point",
        "coordinates": [
          83.8193257,
          21.652158
        ]
      },
      "properties": {
        "status": "dead",
        "confidence": 0.9997,
        "proj_x": 791803.8079,
        "proj_y": 2396976.9729
      }
    },
    {
      "type": "Feature",
      "geometry": {
        "type": "Point",
        "coordinates": [
          83.818723,
          21.6526744
        ]
      },
      "properties": {
        "status": "dead",
        "confidence": 0.9995,
        "proj_x": 791740.3508,
        "proj_y": 2397033.0463
      }
    },
    {
      "type": "Feature",
      "geometry": {
        "type": "Point",
        "coordinates": [
          83.8187521,
          21.6522501
        ]
      },
      "properties": {
        "status": "dead",
        "confidence": 0.9972,
        "proj_x": 791744.2195,
        "proj_y": 2396986.1022
      }
    },
    {
      "type": "Feature",
      "geometry": {
        "type": "Point",
        "coordinates": [
          83.8189888,
          21.6524857
        ]
      },
      "properties": {
        "status": "dead",
        "confidence": 1.0,
        "proj_x": 791768.2577,
        "proj_y": 2397012.641
      }
    },
    {
      "type": "Feature",
      "geometry": {
        "type": "Point",
        "coordinates": [
          83.8190672,
          21.6526632
        ]
      },
      "properties": {
        "status": "dead",
        "confidence": 1.0,
        "proj_x": 791776.0188,
        "proj_y": 2397032.4566
      }
    },
    {
      "type": "Feature",
      "geometry": {
        "type": "Point",
        "coordinates": [
          83.8193431,
          21.6525137
        ]
      },
      "properties": {
        "status": "dead",
        "confidence": 1.0,
        "proj_x": 791804.893,
        "proj_y": 2397016.4154
      }
    },
    {
      "type": "Feature",
      "geometry": {
        "type": "Point",
        "coordinates": [
          83.8193748,
          21.6524912
        ]
      },
      "properties": {
        "status": "dead",
        "confidence": 0.9998,
        "proj_x": 791808.2192,
        "proj_y": 2397013.9856
      }
    },
    {
      "type": "Feature",
      "geometry": {
        "type": "Point",
        "coordinates": [
          83.8187249,
          21.6525402
        ]
      },
      "properties": {
        "status": "dead",
        "confidence": 0.9975,
        "proj_x": 791740.8226,
        "proj_y": 2397018.1846
      }
    },
    {
      "type": "Feature",
      "geometry": {
        "type": "Point",
        "coordinates": [
          83.8192628,
          21.6522387
        ]
      },
      "properties": {
        "status": "dead",
        "confidence": 0.9999,
        "proj_x": 791797.1319,
        "proj_y": 2396985.7956
      }
    },
    {
      "type": "Feature",
      "geometry": {
        "type": "Point",
        "coordinates": [
          83.8187482,
          21.6524033
        ]
      },
      "properties": {
        "status": "dead",
        "confidence": 0.9999,
        "proj_x": 791743.5118,
        "proj_y": 2397003.0634
      }
    },
    {
      "type": "Feature",
      "geometry": {
        "type": "Point",
        "coordinates": [
          83.8193378,
          21.6526893
        ]
      },
      "properties": {
        "status": "dead",
        "confidence": 1.0,
        "proj_x": 791803.9966,
        "proj_y": 2397035.8535
      }
    },
    {
      "type": "Feature",
      "geometry": {
        "type": "Point",
        "coordinates": [
          83.8190662,
          21.6524731
        ]
      },
      "properties": {
        "status": "dead",
        "confidence": 1.0,
        "proj_x": 791776.3019,
        "proj_y": 2397011.3907
      }
    },
    {
      "type": "Feature",
      "geometry": {
        "type": "Point",
        "coordinates": [
          83.8191471,
          21.6521934
        ]
      },
      "properties": {
        "status": "dead",
        "confidence": 0.8655,
        "proj_x": 791785.2425,
        "proj_y": 2396980.5586
      }
    },
    {
      "type": "Feature",
      "geometry": {
        "type": "Point",
        "coordinates": [
          83.8192719,
          21.6524131
        ]
      },
      "properties": {
        "status": "dead",
        "confidence": 1.0,
        "proj_x": 791797.7216,
        "proj_y": 2397005.1394
      }
    },
    {
      "type": "Feature",
      "geometry": {
        "type": "Point",
        "coordinates": [
          83.8189989,
          21.6522206
        ]
      },
      "properties": {
        "status": "dead",
        "confidence": 0.9709,
        "proj_x": 791769.8383,
        "proj_y": 2396983.295
      }
    },
    {
      "type": "Feature",
      "geometry": {
        "type": "Point",
        "coordinates": [
          83.8192341,
          21.6523237
        ]
      },
      "properties": {
        "status": "dead",
        "confidence": 1.0,
        "proj_x": 791793.9944,
        "proj_y": 2396995.1608
      }
    },
    {
      "type": "Feature",
      "geometry": {
        "type": "Point",
        "coordinates": [
          83.8191065,
          21.6522245
        ]
      },
      "properties": {
        "status": "dead",
        "confidence": 0.9999,
        "proj_x": 791780.9727,
        "proj_y": 2396983.932
      }
    },
    {
      "type": "Feature",
      "geometry": {
        "type": "Point",
        "coordinates": [
          83.8189769,
          21.6525208
        ]
      },
      "properties": {
        "status": "dead",
        "confidence": 0.9997,
        "proj_x": 791766.9603,
        "proj_y": 2397016.5097
      }
    },
    {
      "type": "Feature",
      "geometry": {
        "type": "Point",
        "coordinates": [
          83.819044,
          21.6522441
        ]
      },
      "properties": {
        "status": "dead",
        "confidence": 0.999,
        "proj_x": 791774.4619,
        "proj_y": 2396985.9843
      }
    },
    {
      "type": "Feature",
      "geometry": {
        "type": "Point",
        "coordinates": [
          83.819323,
          21.6522794
        ]
      },
      "properties": {
        "status": "dead",
        "confidence": 1.0,
        "proj_x": 791803.2889,
        "proj_y": 2396990.4192
      }
    },
    {
      "type": "Feature",
      "geometry": {
        "type": "Point",
        "coordinates": [
          83.8189488,
          21.6526412
        ]
      },
      "properties": {
        "status": "dead",
        "confidence": 0.9999,
        "proj_x": 791763.7992,
        "proj_y": 2397029.7909
      }
    },
    {
      "type": "Feature",
      "geometry": {
        "type": "Point",
        "coordinates": [
          83.8191245,
          21.652658
        ]
      },
      "properties": {
        "status": "dead",
        "confidence": 1.0,
        "proj_x": 791781.9635,
        "proj_y": 2397031.9848
      }
    },
    {
      "type": "Feature",
      "geometry": {
        "type": "Point",
        "coordinates": [
          83.819369,
          21.6522671
        ]
      },
      "properties": {
        "status": "dead",
        "confidence": 1.0,
        "proj_x": 791808.0777,
        "proj_y": 2396989.1453
      }
    },
    {
      "type": "Feature",
      "geometry": {
        "type": "Point",
        "coordinates": [
          83.8192471,
          21.6522543
        ]
      },
      "properties": {
        "status": "dead",
        "confidence": 0.9999,
        "proj_x": 791795.4806,
        "proj_y": 2396987.494
      }
    },
    {
      "type": "Feature",
      "geometry": {
        "type": "Point",
        "coordinates": [
          83.8189348,
          21.6524487
        ]
      },
      "properties": {
        "status": "dead",
        "confidence": 1.0,
        "proj_x": 791762.7377,
        "proj_y": 2397008.442
      }
    },
    {
      "type": "Feature",
      "geometry": {
        "type": "Point",
        "coordinates": [
          83.819099,
          21.6525426
        ]
      },
      "properties": {
        "status": "dead",
        "confidence": 0.9999,
        "proj_x": 791779.5573,
        "proj_y": 2397019.1518
      }
    },
    {
      "type": "Feature",
      "geometry": {
        "type": "Point",
        "coordinates": [
          83.8191178,
          21.6522931
        ]
      },
      "properties": {
        "status": "dead",
        "confidence": 0.9665,
        "proj_x": 791782.0107,
        "proj_y": 2396991.5515
      }
    },
    {
      "type": "Feature",
      "geometry": {
        "type": "Point",
        "coordinates": [
          83.8193749,
          21.6525245
        ]
      },
      "properties": {
        "status": "dead",
        "confidence": 0.9999,
        "proj_x": 791808.172,
        "proj_y": 2397017.6657
      }
    },
    {
      "type": "Feature",
      "geometry": {
        "type": "Point",
        "coordinates": [
          83.8192416,
          21.6524631
        ]
      },
      "properties": {
        "status": "dead",
        "confidence": 1.0,
        "proj_x": 791794.4898,
        "proj_y": 2397010.6122
      }
    },
    {
      "type": "Feature",
      "geometry": {
        "type": "Point",
        "coordinates": [
          83.8188644,
          21.6525542
        ]
      },
      "properties": {
        "status": "dead",
        "confidence": 0.9553,
        "proj_x": 791755.2361,
        "proj_y": 2397020.0011
      }
    },
    {
      "type": "Feature",
      "geometry": {
        "type": "Point",
        "coordinates": [
          83.8188915,
          21.6522631
        ]
      },
      "properties": {
        "status": "dead",
        "confidence": 0.9901,
        "proj_x": 791758.633,
        "proj_y": 2396987.8007
      }
    },
    {
      "type": "Feature",
      "geometry": {
        "type": "Point",
        "coordinates": [
          83.8190889,
          21.6526541
        ]
      },
      "properties": {
        "status": "dead",
        "confidence": 1.0,
        "proj_x": 791778.2835,
        "proj_y": 2397031.4894
      }
    },
    {
      "type": "Feature",
      "geometry": {
        "type": "Point",
        "coordinates": [
          83.8193112,
          21.6523252
        ]
      },
      "properties": {
        "status": "dead",
        "confidence": 1.0,
        "proj_x": 791801.9678,
        "proj_y": 2396995.4675
      }
    },
    {
      "type": "Feature",
      "geometry": {
        "type": "Point",
        "coordinates": [
          83.8187504,
          21.6525634
        ]
      },
      "properties": {
        "status": "dead",
        "confidence": 1.0,
        "proj_x": 791743.4175,
        "proj_y": 2397020.8031
      }
    },
    {
      "type": "Feature",
      "geometry": {
        "type": "Point",
        "coordinates": [
          83.8190545,
          21.652117
        ]
      },
      "properties": {
        "status": "dead",
        "confidence": 1.0,
        "proj_x": 791775.8065,
        "proj_y": 2396971.9246
      }
    },
    {
      "type": "Feature",
      "geometry": {
        "type": "Point",
        "coordinates": [
          83.8187434,
          21.6526681
        ]
      },
      "properties": {
        "status": "dead",
        "confidence": 0.9999,
        "proj_x": 791742.4739,
        "proj_y": 2397032.3858
      }
    },
    {
      "type": "Feature",
      "geometry": {
        "type": "Point",
        "coordinates": [
          83.8193504,
          21.6523021
        ]
      },
      "properties": {
        "status": "dead",
        "confidence": 0.9999,
        "proj_x": 791806.0725,
        "proj_y": 2396992.9905
      }
    },
    {
      "type": "Feature",
      "geometry": {
        "type": "Point",
        "coordinates": [
          83.819017,
          21.6525674
        ]
      },
      "properties": {
        "status": "dead",
        "confidence": 0.9991,
        "proj_x": 791771.0178,
        "proj_y": 2397021.7467
      }
    },
    {
      "type": "Feature",
      "geometry": {
        "type": "Point",
        "coordinates": [
          83.8189476,
          21.6522679
        ]
      },
      "properties": {
        "status": "dead",
        "confidence": 0.9931,
        "proj_x": 791764.4362,
        "proj_y": 2396988.4376
      }
    },
    {
      "type": "Feature",
      "geometry": {
        "type": "Point",
        "coordinates": [
          83.8193497,
          21.6520594
        ]
      },
      "properties": {
        "status": "dead",
        "confidence": 0.9993,
        "proj_x": 791806.4971,
        "proj_y": 2396966.0979
      }
    },
    {
      "type": "Feature",
      "geometry": {
        "type": "Point",
        "coordinates": [
          83.8193225,
          21.6521953
        ]
      },
      "properties": {
        "status": "dead",
        "confidence": 0.9995,
        "proj_x": 791803.4068,
        "proj_y": 2396981.1012
      }
    },
    {
      "type": "Feature",
      "geometry": {
        "type": "Point",
        "coordinates": [
          83.8188575,
          21.6526945
        ]
      },
      "properties": {
        "status": "dead",
        "confidence": 1.0,
        "proj_x": 791754.2453,
        "proj_y": 2397035.5233
      }
    },
    {
      "type": "Feature",
      "geometry": {
        "type": "Point",
        "coordinates": [
          83.818836,
          21.6523503
        ]
      },
      "properties": {
        "status": "dead",
        "confidence": 0.9979,
        "proj_x": 791752.7119,
        "proj_y": 2396997.3547
      }
    },
    {
      "type": "Feature",
      "geometry": {
        "type": "Point",
        "coordinates": [
          83.8187263,
          21.6521877
        ]
      },
      "properties": {
        "status": "dead",
        "confidence": 0.9993,
        "proj_x": 791741.6718,
        "proj_y": 2396979.1432
      }
    },
    {
      "type": "Feature",
      "geometry": {
        "type": "Point",
        "coordinates": [
          83.8199462,
          21.6521847
        ]
      },
      "properties": {
        "status": "dead",
        "confidence": 0.9992,
        "proj_x": 791868.0198,
        "proj_y": 2396981.1012
      }
    },
    {
      "type": "Feature",
      "geometry": {
        "type": "Point",
        "coordinates": [
          83.8195006,
          21.6523564
        ]
      },
      "properties": {
        "status": "dead",
        "confidence": 1.0,
        "proj_x": 791821.524,
        "proj_y": 2396999.289
      }
    },
    {
      "type": "Feature",
      "geometry": {
        "type": "Point",
        "coordinates": [
          83.8196887,
          21.6521527
        ]
      },
      "properties": {
        "status": "dead",
        "confidence": 1.0,
        "proj_x": 791841.4103,
        "proj_y": 2396977.0673
      }
    },
    {
      "type": "Feature",
      "geometry": {
        "type": "Point",
        "coordinates": [
          83.8196622,
          21.6521642
        ]
      },
      "properties": {
        "status": "dead",
        "confidence": 0.9999,
        "proj_x": 791838.6503,
        "proj_y": 2396978.2939
      }
    },
    {
      "type": "Feature",
      "geometry": {
        "type": "Point",
        "coordinates": [
          83.8199266,
          21.6521371
        ]
      },
      "properties": {
        "status": "dead",
        "confidence": 0.9907,
        "proj_x": 791866.0855,
        "proj_y": 2396975.7934
      }
    },
    {
      "type": "Feature",
      "geometry": {
        "type": "Point",
        "coordinates": [
          83.8195023,
          21.6521128
        ]
      },
      "properties": {
        "status": "dead",
        "confidence": 0.9998,
        "proj_x": 791822.1845,
        "proj_y": 2396972.3021
      }
    },
    {
      "type": "Feature",
      "geometry": {
        "type": "Point",
        "coordinates": [
          83.8199165,
          21.6524616
        ]
      },
      "properties": {
        "status": "dead",
        "confidence": 0.9997,
        "proj_x": 791864.387,
        "proj_y": 2397011.721
      }
    },
    {
      "type": "Feature",
      "geometry": {
        "type": "Point",
        "coordinates": [
          83.8200115,
          21.6521904
        ]
      },
      "properties": {
        "status": "dead",
        "confidence": 1.0,
        "proj_x": 791874.7666,
        "proj_y": 2396981.856
      }
    },
    {
      "type": "Feature",
      "geometry": {
        "type": "Point",
        "coordinates": [
          83.8195808,
          21.6521805
        ]
      },
      "properties": {
        "status": "dead",
        "confidence": 0.9997,
        "proj_x": 791830.1815,
        "proj_y": 2396979.9452
      }
    },
    {
      "type": "Feature",
      "geometry": {
        "type": "Point",
        "coordinates": [
          83.8193948,
          21.652104
        ]
      },
      "properties": {
        "status": "dead",
        "confidence": 0.9473,
        "proj_x": 791811.0736,
        "proj_y": 2396971.1226
      }
    },
    {
      "type": "Feature",
      "geometry": {
        "type": "Point",
        "coordinates": [
          83.8197458,
          21.6523235
        ]
      },
      "properties": {
        "status": "dead",
        "confidence": 1.0,
        "proj_x": 791846.9776,
        "proj_y": 2396996.1044
      }
    },
    {
      "type": "Feature",
      "geometry": {
        "type": "Point",
        "coordinates": [
          83.8199647,
          21.6524337
        ]
      },
      "properties": {
        "status": "dead",
        "confidence": 0.9977,
        "proj_x": 791869.4352,
        "proj_y": 2397008.725
      }
    },
    {
      "type": "Feature",
      "geometry": {
        "type": "Point",
        "coordinates": [
          83.8198754,
          21.6524433
        ]
      },
      "properties": {
        "status": "dead",
        "confidence": 0.9987,
        "proj_x": 791860.1644,
        "proj_y": 2397009.6215
      }
    },
    {
      "type": "Feature",
      "geometry": {
        "type": "Point",
        "coordinates": [
          83.8198979,
          21.652298
        ]
      },
      "properties": {
        "status": "dead",
        "confidence": 1.0,
        "proj_x": 791862.7829,
        "proj_y": 2396993.5567
      }
    },
    {
      "type": "Feature",
      "geometry": {
        "type": "Point",
        "coordinates": [
          83.8194477,
          21.6523648
        ]
      },
      "properties": {
        "status": "dead",
        "confidence": 0.9998,
        "proj_x": 791816.0275,
        "proj_y": 2397000.1147
      }
    },
    {
      "type": "Feature",
      "geometry": {
        "type": "Point",
        "coordinates": [
          83.8195325,
          21.6520627
        ]
      },
      "properties": {
        "status": "dead",
        "confidence": 1.0,
        "proj_x": 791825.4163,
        "proj_y": 2396966.8056
      }
    },
    {
      "type": "Feature",
      "geometry": {
        "type": "Point",
        "coordinates": [
          83.8198998,
          21.6522781
        ]
      },
      "properties": {
        "status": "dead",
        "confidence": 0.9996,
        "proj_x": 791863.0188,
        "proj_y": 2396991.3628
      }
    },
    {
      "type": "Feature",
      "geometry": {
        "type": "Point",
        "coordinates": [
          83.8194289,
          21.6522533
        ]
      },
      "properties": {
        "status": "dead",
        "confidence": 1.0,
        "proj_x": 791814.3054,
        "proj_y": 2396987.7299
      }
    },
    {
      "type": "Feature",
      "geometry": {
        "type": "Point",
        "coordinates": [
          83.81944,
          21.6525076
        ]
      },
      "properties": {
        "status": "dead",
        "confidence": 0.9998,
        "proj_x": 791814.9423,
        "proj_y": 2397015.92
      }
    },
    {
      "type": "Feature",
      "geometry": {
        "type": "Point",
        "coordinates": [
          83.8196018,
          21.6526077
        ]
      },
      "properties": {
        "status": "dead",
        "confidence": 0.9987,
        "proj_x": 791831.5025,
        "proj_y": 2397027.314
      }
    },
    {
      "type": "Feature",
      "geometry": {
        "type": "Point",
        "coordinates": [
          83.8195963,
          21.6521715
        ]
      },
      "properties": {
        "status": "dead",
        "confidence": 0.9852,
        "proj_x": 791831.8092,
        "proj_y": 2396978.9781
      }
    },
    {
      "type": "Feature",
      "geometry": {
        "type": "Point",
        "coordinates": [
          83.819901,
          21.6525994
        ]
      },
      "properties": {
        "status": "dead",
        "confidence": 1.0,
        "proj_x": 791862.4998,
        "proj_y": 2397026.9601
      }
    },
    {
      "type": "Feature",
      "geometry": {
        "type": "Point",
        "coordinates": [
          83.8199676,
          21.6525325
        ]
      },
      "properties": {
        "status": "dead",
        "confidence": 1.0,
        "proj_x": 791869.5296,
        "proj_y": 2397019.6708
      }
    },
    {
      "type": "Feature",
      "geometry": {
        "type": "Point",
        "coordinates": [
          83.819639,
          21.6521865
        ]
      },
      "properties": {
        "status": "dead",
        "confidence": 0.9992,
        "proj_x": 791836.1969,
        "proj_y": 2396980.7237
      }
    },
    {
      "type": "Feature",
      "geometry": {
        "type": "Point",
        "coordinates": [
          83.8199275,
          21.6524063
        ]
      },
      "properties": {
        "status": "dead",
        "confidence": 1.0,
        "proj_x": 791865.6373,
        "proj_y": 2397005.6112
      }
    },
    {
      "type": "Feature",
      "geometry": {
        "type": "Point",
        "coordinates": [
          83.8199482,
          21.6522743
        ]
      },
      "properties": {
        "status": "dead",
        "confidence": 1.0,
        "proj_x": 791868.0434,
        "proj_y": 2396991.0325
      }
    },
    {
      "type": "Feature",
      "geometry": {
        "type": "Point",
        "coordinates": [
          83.819529,
          21.6525387
        ]
      },
      "properties": {
        "status": "dead",
        "confidence": 1.0,
        "proj_x": 791824.0953,
        "proj_y": 2397019.5293
      }
    },
    {
      "type": "Feature",
      "geometry": {
        "type": "Point",
        "coordinates": [
          83.8195558,
          21.6523483
        ]
      },
      "properties": {
        "status": "dead",
        "confidence": 0.9994,
        "proj_x": 791827.2563,
        "proj_y": 2396998.487
      }
    },
    {
      "type": "Feature",
      "geometry": {
        "type": "Point",
        "coordinates": [
          83.819608,
          21.6525748
        ]
      },
      "properties": {
        "status": "dead",
        "confidence": 0.9907,
        "proj_x": 791832.2102,
        "proj_y": 2397023.6811
      }
    },
    {
      "type": "Feature",
      "geometry": {
        "type": "Point",
        "coordinates": [
          83.8195985,
          21.6522611
        ]
      },
      "properties": {
        "status": "dead",
        "confidence": 0.9999,
        "proj_x": 791831.8564,
        "proj_y": 2396988.9094
      }
    },
    {
      "type": "Feature",
      "geometry": {
        "type": "Point",
        "coordinates": [
          83.8196113,
          21.6522873
        ]
      },
      "properties": {
        "status": "dead",
        "confidence": 0.9997,
        "proj_x": 791833.1302,
        "proj_y": 2396991.8346
      }
    },
    {
      "type": "Feature",
      "geometry": {
        "type": "Point",
        "coordinates": [
          83.8196362,
          21.6525692
        ]
      },
      "properties": {
        "status": "dead",
        "confidence": 0.9994,
        "proj_x": 791835.1354,
        "proj_y": 2397023.1149
      }
    },
    {
      "type": "Feature",
      "geometry": {
        "type": "Point",
        "coordinates": [
          83.8194836,
          21.6523227
        ]
      },
      "properties": {
        "status": "dead",
        "confidence": 1.0,
        "proj_x": 791819.8255,
        "proj_y": 2396995.5146
      }
    },
    {
      "type": "Feature",
      "geometry": {
        "type": "Point",
        "coordinates": [
          83.8195098,
          21.6522183
        ]
      },
      "properties": {
        "status": "dead",
        "confidence": 1.0,
        "proj_x": 791822.7506,
        "proj_y": 2396984.0027
      }
    },
    {
      "type": "Feature",
      "geometry": {
        "type": "Point",
        "coordinates": [
          83.8195344,
          21.6520812
        ]
      },
      "properties": {
        "status": "dead",
        "confidence": 0.9934,
        "proj_x": 791825.5814,
        "proj_y": 2396968.8579
      }
    },
    {
      "type": "Feature",
      "geometry": {
        "type": "Point",
        "coordinates": [
          83.8194422,
          21.652222
        ]
      },
      "properties": {
        "status": "dead",
        "confidence": 0.9934,
        "proj_x": 791815.7444,
        "proj_y": 2396984.2858
      }
    },
    {
      "type": "Feature",
      "geometry": {
        "type": "Point",
        "coordinates": [
          83.8195984,
          21.6522206
        ]
      },
      "properties": {
        "status": "dead",
        "confidence": 1.0,
        "proj_x": 791831.9271,
        "proj_y": 2396984.4273
      }
    },
    {
      "type": "Feature",
      "geometry": {
        "type": "Point",
        "coordinates": [
          83.8196082,
          21.65216
        ]
      },
      "properties": {
        "status": "dead",
        "confidence": 0.9981,
        "proj_x": 791833.0595,
        "proj_y": 2396977.7278
      }
    },
    {
      "type": "Feature",
      "geometry": {
        "type": "Point",
        "coordinates": [
          83.8196419,
          21.652396
        ]
      },
      "properties": {
        "status": "dead",
        "confidence": 0.9997,
        "proj_x": 791836.079,
        "proj_y": 2397003.9363
      }
    },
    {
      "type": "Feature",
      "geometry": {
        "type": "Point",
        "coordinates": [
          83.8197229,
          21.6522628
        ]
      },
      "properties": {
        "status": "dead",
        "confidence": 1.0,
        "proj_x": 791844.7365,
        "proj_y": 2396989.3341
      }
    },
    {
      "type": "Feature",
      "geometry": {
        "type": "Point",
        "coordinates": [
          83.8197516,
          21.6525771
        ]
      },
      "properties": {
        "status": "dead",
        "confidence": 0.9998,
        "proj_x": 791847.0719,
        "proj_y": 2397024.2001
      }
    },
    {
      "type": "Feature",
      "geometry": {
        "type": "Point",
        "coordinates": [
          83.8198955,
          21.6526219
        ]
      },
      "properties": {
        "status": "dead",
        "confidence": 0.9996,
        "proj_x": 791861.8864,
        "proj_y": 2397029.4371
      }
    },
    {
      "type": "Feature",
      "geometry": {
        "type": "Point",
        "coordinates": [
          83.8199819,
          21.6523808
        ]
      },
      "properties": {
        "status": "dead",
        "confidence": 0.9743,
        "proj_x": 791871.3224,
        "proj_y": 2397002.8983
      }
    },
    {
      "type": "Feature",
      "geometry": {
        "type": "Point",
        "coordinates": [
          83.8199269,
          21.6524227
        ]
      },
      "properties": {
        "status": "dead",
        "confidence": 1.0,
        "proj_x": 791865.5429,
        "proj_y": 2397007.4276
      }
    },
    {
      "type": "Feature",
      "geometry": {
        "type": "Point",
        "coordinates": [
          83.8194842,
          21.6525196
        ]
      },
      "properties": {
        "status": "dead",
        "confidence": 1.0,
        "proj_x": 791819.4952,
        "proj_y": 2397017.3354
      }
    },
    {
      "type": "Feature",
      "geometry": {
        "type": "Point",
        "coordinates": [
          83.8195424,
          21.6525027
        ]
      },
      "properties": {
        "status": "dead",
        "confidence": 1.0,
        "proj_x": 791825.5578,
        "proj_y": 2397015.5661
      }
    },
    {
      "type": "Feature",
      "geometry": {
        "type": "Point",
        "coordinates": [
          83.8195877,
          21.6524065
        ]
      },
      "properties": {
        "status": "dead",
        "confidence": 0.9999,
        "proj_x": 791830.441,
        "proj_y": 2397004.9978
      }
    },
    {
      "type": "Feature",
      "geometry": {
        "type": "Point",
        "coordinates": [
          83.8196147,
          21.6520715
        ]
      },
      "properties": {
        "status": "dead",
        "confidence": 0.9887,
        "proj_x": 791833.9087,
        "proj_y": 2396967.9379
      }
    },
    {
      "type": "Feature",
      "geometry": {
        "type": "Point",
        "coordinates": [
          83.8195359,
          21.6524495
        ]
      },
      "properties": {
        "status": "dead",
        "confidence": 1.0,
        "proj_x": 791824.9917,
        "proj_y": 2397009.6686
      }
    },
    {
      "type": "Feature",
      "geometry": {
        "type": "Point",
        "coordinates": [
          83.8195712,
          21.6525333
        ]
      },
      "properties": {
        "status": "dead",
        "confidence": 1.0,
        "proj_x": 791828.483,
        "proj_y": 2397019.0103
      }
    },
    {
      "type": "Feature",
      "geometry": {
        "type": "Point",
        "coordinates": [
          83.8196894,
          21.652261
        ]
      },
      "properties": {
        "status": "dead",
        "confidence": 0.9999,
        "proj_x": 791841.2688,
        "proj_y": 2396989.0746
      }
    },
    {
      "type": "Feature",
      "geometry": {
        "type": "Point",
        "coordinates": [
          83.8196962,
          21.6524573
        ]
      },
      "properties": {
        "status": "dead",
        "confidence": 0.9216,
        "proj_x": 791841.5755,
        "proj_y": 2397010.8246
      }
    },
    {
      "type": "Feature",
      "geometry": {
        "type": "Point",
        "coordinates": [
          83.8195361,
          21.6525194
        ]
      },
      "properties": {
        "status": "dead",
        "confidence": 1.0,
        "proj_x": 791824.8737,
        "proj_y": 2397017.4062
      }
    },
    {
      "type": "Feature",
      "geometry": {
        "type": "Point",
        "coordinates": [
          83.8197555,
          21.6525327
        ]
      },
      "properties": {
        "status": "dead",
        "confidence": 0.9999,
        "proj_x": 791847.5673,
        "proj_y": 2397019.2934
      }
    },
    {
      "type": "Feature",
      "geometry": {
        "type": "Point",
        "coordinates": [
          83.8198792,
          21.652311
        ]
      },
      "properties": {
        "status": "dead",
        "confidence": 0.9999,
        "proj_x": 791860.8249,
        "proj_y": 2396994.9721
      }
    },
    {
      "type": "Feature",
      "geometry": {
        "type": "Point",
        "coordinates": [
          83.8199286,
          21.6523803
        ]
      },
      "properties": {
        "status": "dead",
        "confidence": 1.0,
        "proj_x": 791865.8024,
        "proj_y": 2397002.7332
      }
    },
    {
      "type": "Feature",
      "geometry": {
        "type": "Point",
        "coordinates": [
          83.8200115,
          21.6523337
        ]
      },
      "properties": {
        "status": "dead",
        "confidence": 0.9989,
        "proj_x": 791874.4835,
        "proj_y": 2396997.7321
      }
    },
    {
      "type": "Feature",
      "geometry": {
        "type": "Point",
        "coordinates": [
          83.8199029,
          21.6523705
        ]
      },
      "properties": {
        "status": "dead",
        "confidence": 1.0,
        "proj_x": 791863.1603,
        "proj_y": 2397001.6009
      }
    },
    {
      "type": "Feature",
      "geometry": {
        "type": "Point",
        "coordinates": [
          83.8198962,
          21.6521638
        ]
      },
      "properties": {
        "status": "dead",
        "confidence": 0.9802,
        "proj_x": 791862.8772,
        "proj_y": 2396978.695
      }
    },
    {
      "type": "Feature",
      "geometry": {
        "type": "Point",
        "coordinates": [
          83.8199009,
          21.65221
        ]
      },
      "properties": {
        "status": "dead",
        "confidence": 0.9978,
        "proj_x": 791863.2783,
        "proj_y": 2396983.814
      }
    },
    {
      "type": "Feature",
      "geometry": {
        "type": "Point",
        "coordinates": [
          83.8200673,
          21.652435
        ]
      },
      "properties": {
        "status": "dead",
        "confidence": 0.9987,
        "proj_x": 791880.0507,
        "proj_y": 2397009.0553
      }
    },
    {
      "type": "Feature",
      "geometry": {
        "type": "Point",
        "coordinates": [
          83.8196937,
          21.6523283
        ]
      },
      "properties": {
        "status": "dead",
        "confidence": 0.9997,
        "proj_x": 791841.5755,
        "proj_y": 2396996.529
      }
    },
    {
      "type": "Feature",
      "geometry": {
        "type": "Point",
        "coordinates": [
          83.8197881,
          21.6523337
        ]
      },
      "properties": {
        "status": "dead",
        "confidence": 1.0,
        "proj_x": 791851.3417,
        "proj_y": 2396997.3075
      }
    },
    {
      "type": "Feature",
      "geometry": {
        "type": "Point",
        "coordinates": [
          83.8200084,
          21.6525248
        ]
      },
      "properties": {
        "status": "dead",
        "confidence": 1.0,
        "proj_x": 791873.7758,
        "proj_y": 2397018.8923
      }
    },
    {
      "type": "Feature",
      "geometry": {
        "type": "Point",
        "coordinates": [
          83.8197556,
          21.6523589
        ]
      },
      "properties": {
        "status": "dead",
        "confidence": 1.0,
        "proj_x": 791847.9212,
        "proj_y": 2397000.0439
      }
    },
    {
      "type": "Feature",
      "geometry": {
        "type": "Point",
        "coordinates": [
          83.8195957,
          21.6522939
        ]
      },
      "properties": {
        "status": "dead",
        "confidence": 0.9835,
        "proj_x": 791831.5025,
        "proj_y": 2396992.5423
      }
    },
    {
      "type": "Feature",
      "geometry": {
        "type": "Point",
        "coordinates": [
          83.819986,
          21.6525409
        ]
      },
      "properties": {
        "status": "dead",
        "confidence": 0.9999,
        "proj_x": 791871.4168,
        "proj_y": 2397020.638
      }
    },
    {
      "type": "Feature",
      "geometry": {
        "type": "Point",
        "coordinates": [
          83.8194846,
          21.652694
        ]
      },
      "properties": {
        "status": "dead",
        "confidence": 1.0,
        "proj_x": 791819.1885,
        "proj_y": 2397036.6556
      }
    },
    {
      "type": "Feature",
      "geometry": {
        "type": "Point",
        "coordinates": [
          83.8196691,
          21.6524792
        ]
      },
      "properties": {
        "status": "dead",
        "confidence": 0.9902,
        "proj_x": 791838.7211,
        "proj_y": 2397013.2071
      }
    },
    {
      "type": "Feature",
      "geometry": {
        "type": "Point",
        "coordinates": [
          83.8200442,
          21.6526079
        ]
      },
      "properties": {
        "status": "dead",
        "confidence": 1.0,
        "proj_x": 791877.3143,
        "proj_y": 2397028.1632
      }
    },
    {
      "type": "Feature",
      "geometry": {
        "type": "Point",
        "coordinates": [
          83.8199771,
          21.6523988
        ]
      },
      "properties": {
        "status": "dead",
        "confidence": 0.9997,
        "proj_x": 791870.7799,
        "proj_y": 2397004.8799
      }
    },
    {
      "type": "Feature",
      "geometry": {
        "type": "Point",
        "coordinates": [
          83.8199644,
          21.6522412
        ]
      },
      "properties": {
        "status": "dead",
        "confidence": 0.9996,
        "proj_x": 791869.7891,
        "proj_y": 2396987.3997
      }
    },
    {
      "type": "Feature",
      "geometry": {
        "type": "Point",
        "coordinates": [
          83.8194223,
          21.6521819
        ]
      },
      "properties": {
        "status": "dead",
        "confidence": 0.9998,
        "proj_x": 791813.7628,
        "proj_y": 2396979.8037
      }
    },
    {
      "type": "Feature",
      "geometry": {
        "type": "Point",
        "coordinates": [
          83.819634,
          21.6524907
        ]
      },
      "properties": {
        "status": "dead",
        "confidence": 0.9981,
        "proj_x": 791835.0646,
        "proj_y": 2397014.4102
      }
    },
    {
      "type": "Feature",
      "geometry": {
        "type": "Point",
        "coordinates": [
          83.819764,
          21.6523271
        ]
      },
      "properties": {
        "status": "dead",
        "confidence": 1.0,
        "proj_x": 791848.8648,
        "proj_y": 2396996.529
      }
    },
    {
      "type": "Feature",
      "geometry": {
        "type": "Point",
        "coordinates": [
          83.8198899,
          21.6526614
        ]
      },
      "properties": {
        "status": "dead",
        "confidence": 0.9994,
        "proj_x": 791861.2259,
        "proj_y": 2397033.8012
      }
    },
    {
      "type": "Feature",
      "geometry": {
        "type": "Point",
        "coordinates": [
          83.8200296,
          21.6523722
        ]
      },
      "properties": {
        "status": "dead",
        "confidence": 0.9995,
        "proj_x": 791876.2763,
        "proj_y": 2397002.0255
      }
    },
    {
      "type": "Feature",
      "geometry": {
        "type": "Point",
        "coordinates": [
          83.8195513,
          21.6524425
        ]
      },
      "properties": {
        "status": "dead",
        "confidence": 1.0,
        "proj_x": 791826.5958,
        "proj_y": 2397008.9138
      }
    },
    {
      "type": "Feature",
      "geometry": {
        "type": "Point",
        "coordinates": [
          83.8197969,
          21.6526555
        ]
      },
      "properties": {
        "status": "dead",
        "confidence": 1.0,
        "proj_x": 791851.6012,
        "proj_y": 2397032.9756
      }
    },
    {
      "type": "Feature",
      "geometry": {
        "type": "Point",
        "coordinates": [
          83.8199734,
          21.6523405
        ]
      },
      "properties": {
        "status": "dead",
        "confidence": 0.9994,
        "proj_x": 791870.5204,
        "proj_y": 2396998.4162
      }
    },
    {
      "type": "Feature",
      "geometry": {
        "type": "Point",
        "coordinates": [
          83.8196182,
          21.6524999
        ]
      },
      "properties": {
        "status": "dead",
        "confidence": 0.9999,
        "proj_x": 791833.4133,
        "proj_y": 2397015.401
      }
    },
    {
      "type": "Feature",
      "geometry": {
        "type": "Point",
        "coordinates": [
          83.8196298,
          21.6522882
        ]
      },
      "properties": {
        "status": "dead",
        "confidence": 0.998,
        "proj_x": 791835.041,
        "proj_y": 2396991.9761
      }
    },
    {
      "type": "Feature",
      "geometry": {
        "type": "Point",
        "coordinates": [
          83.8196462,
          21.6524651
        ]
      },
      "properties": {
        "status": "dead",
        "confidence": 0.9988,
        "proj_x": 791836.3857,
        "proj_y": 2397011.603
      }
    },
    {
      "type": "Feature",
      "geometry": {
        "type": "Point",
        "coordinates": [
          83.8197274,
          21.6522945
        ]
      },
      "properties": {
        "status": "dead",
        "confidence": 1.0,
        "proj_x": 791845.1375,
        "proj_y": 2396992.849
      }
    },
    {
      "type": "Feature",
      "geometry": {
        "type": "Point",
        "coordinates": [
          83.8194297,
          21.6525621
        ]
      },
      "properties": {
        "status": "dead",
        "confidence": 0.9999,
        "proj_x": 791813.7628,
        "proj_y": 2397021.9354
      }
    },
    {
      "type": "Feature",
      "geometry": {
        "type": "Point",
        "coordinates": [
          83.8196405,
          21.6526496
        ]
      },
      "properties": {
        "status": "dead",
        "confidence": 0.9976,
        "proj_x": 791835.4185,
        "proj_y": 2397032.032
      }
    },
    {
      "type": "Feature",
      "geometry": {
        "type": "Point",
        "coordinates": [
          83.8194136,
          21.6520621
        ]
      },
      "properties": {
        "status": "dead",
        "confidence": 0.9977,
        "proj_x": 791813.1023,
        "proj_y": 2396966.5225
      }
    },
    {
      "type": "Feature",
      "geometry": {
        "type": "Point",
        "coordinates": [
          83.8195836,
          21.6523727
        ]
      },
      "properties": {
        "status": "dead",
        "confidence": 1.0,
        "proj_x": 791830.0871,
        "proj_y": 2397001.247
      }
    },
    {
      "type": "Feature",
      "geometry": {
        "type": "Point",
        "coordinates": [
          83.8194779,
          21.6522776
        ]
      },
      "properties": {
        "status": "dead",
        "confidence": 1.0,
        "proj_x": 791819.3301,
        "proj_y": 2396990.5136
      }
    },
    {
      "type": "Feature",
      "geometry": {
        "type": "Point",
        "coordinates": [
          83.819919,
          21.6526462
        ]
      },
      "properties": {
        "status": "dead",
        "confidence": 1.0,
        "proj_x": 791864.269,
        "proj_y": 2397032.1735
      }
    },
    {
      "type": "Feature",
      "geometry": {
        "type": "Point",
        "coordinates": [
          83.819556,
          21.6526862
        ]
      },
      "properties": {
        "status": "dead",
        "confidence": 1.0,
        "proj_x": 791826.5958,
        "proj_y": 2397035.9243
      }
    },
    {
      "type": "Feature",
      "geometry": {
        "type": "Point",
        "coordinates": [
          83.8198221,
          21.6521968
        ]
      },
      "properties": {
        "status": "dead",
        "confidence": 0.9824,
        "proj_x": 791855.1397,
        "proj_y": 2396982.2099
      }
    },
    {
      "type": "Feature",
      "geometry": {
        "type": "Point",
        "coordinates": [
          83.8195017,
          21.6526925
        ]
      },
      "properties": {
        "status": "dead",
        "confidence": 1.0,
        "proj_x": 791820.9578,
        "proj_y": 2397036.5141
      }
    },
    {
      "type": "Feature",
      "geometry": {
        "type": "Point",
        "coordinates": [
          83.8204427,
          21.6521332
        ]
      },
      "properties": {
        "status": "dead",
        "confidence": 0.9802,
        "proj_x": 791919.5404,
        "proj_y": 2396976.336
      }
    },
    {
      "type": "Feature",
      "geometry": {
        "type": "Point",
        "coordinates": [
          83.8202023,
          21.6526326
        ]
      },
      "properties": {
        "status": "dead",
        "confidence": 0.9997,
        "proj_x": 791893.6386,
        "proj_y": 2397031.2063
      }
    },
    {
      "type": "Feature",
      "geometry": {
        "type": "Point",
        "coordinates": [
          83.8201928,
          21.6521217
        ]
      },
      "properties": {
        "status": "dead",
        "confidence": 0.9742,
        "proj_x": 791893.6858,
        "proj_y": 2396974.5903
      }
    },
    {
      "type": "Feature",
      "geometry": {
        "type": "Point",
        "coordinates": [
          83.820626,
          21.6524221
        ]
      },
      "properties": {
        "status": "dead",
        "confidence": 0.9988,
        "proj_x": 791937.9406,
        "proj_y": 2397008.6779
      }
    },
    {
      "type": "Feature",
      "geometry": {
        "type": "Point",
        "coordinates": [
          83.8201044,
          21.6524795
        ]
      },
      "properties": {
        "status": "dead",
        "confidence": 0.9987,
        "proj_x": 791883.8016,
        "proj_y": 2397014.0564
      }
    },
    {
      "type": "Feature",
      "geometry": {
        "type": "Point",
        "coordinates": [
          83.8202411,
          21.6525896
        ]
      },
      "properties": {
        "status": "dead",
        "confidence": 0.9985,
        "proj_x": 791897.7432,
        "proj_y": 2397026.5119
      }
    },
    {
      "type": "Feature",
      "geometry": {
        "type": "Point",
        "coordinates": [
          83.8203388,
          21.6524845
        ]
      },
      "properties": {
        "status": "dead",
        "confidence": 0.9996,
        "proj_x": 791908.0757,
        "proj_y": 2397015.0472
      }
    },
    {
      "type": "Feature",
      "geometry": {
        "type": "Point",
        "coordinates": [
          83.8204631,
          21.652642
        ]
      },
      "properties": {
        "status": "dead",
        "confidence": 0.999,
        "proj_x": 791920.6255,
        "proj_y": 2397032.7397
      }
    },
    {
      "type": "Feature",
      "geometry": {
        "type": "Point",
        "coordinates": [
          83.8205179,
          21.6526503
        ]
      },
      "properties": {
        "status": "dead",
        "confidence": 1.0,
        "proj_x": 791926.2871,
        "proj_y": 2397033.754
      }
    },
    {
      "type": "Feature",
      "geometry": {
        "type": "Point",
        "coordinates": [
          83.8206106,
          21.6526717
        ]
      },
      "properties": {
        "status": "dead",
        "confidence": 0.9956,
        "proj_x": 791935.8411,
        "proj_y": 2397036.3018
      }
    },
    {
      "type": "Feature",
      "geometry": {
        "type": "Point",
        "coordinates": [
          83.8201073,
          21.6522816
        ]
      },
      "properties": {
        "status": "dead",
        "confidence": 0.997,
        "proj_x": 791884.5093,
        "proj_y": 2396992.1413
      }
    },
    {
      "type": "Feature",
      "geometry": {
        "type": "Point",
        "coordinates": [
          83.8201557,
          21.6524367
        ]
      },
      "properties": {
        "status": "dead",
        "confidence": 0.9945,
        "proj_x": 791889.2037,
        "proj_y": 2397009.4092
      }
    },
    {
      "type": "Feature",
      "geometry": {
        "type": "Point",
        "coordinates": [
          83.8204161,
          21.6523096
        ]
      },
      "properties": {
        "status": "dead",
        "confidence": 0.5908,
        "proj_x": 791916.4265,
        "proj_y": 2396995.8213
      }
    },
    {
      "type": "Feature",
      "geometry": {
        "type": "Point",
        "coordinates": [
          83.8204612,
          21.6524166
        ]
      },
      "properties": {
        "status": "dead",
        "confidence": 0.9975,
        "proj_x": 791920.885,
        "proj_y": 2397007.7579
      }
    },
    {
      "type": "Feature",
      "geometry": {
        "type": "Point",
        "coordinates": [
          83.8202487,
          21.6526523
        ]
      },
      "properties": {
        "status": "dead",
        "confidence": 0.9995,
        "proj_x": 791898.4038,
        "proj_y": 2397033.4709
      }
    },
    {
      "type": "Feature",
      "geometry": {
        "type": "Point",
        "coordinates": [
          83.8203137,
          21.6526659
        ]
      },
      "properties": {
        "status": "dead",
        "confidence": 1.0,
        "proj_x": 791905.1033,
        "proj_y": 2397035.0987
      }
    },
    {
      "type": "Feature",
      "geometry": {
        "type": "Point",
        "coordinates": [
          83.8204157,
          21.6524182
        ]
      },
      "properties": {
        "status": "dead",
        "confidence": 0.9946,
        "proj_x": 791916.167,
        "proj_y": 2397007.8522
      }
    },
    {
      "type": "Feature",
      "geometry": {
        "type": "Point",
        "coordinates": [
          83.8207307,
          21.6524867
        ]
      },
      "properties": {
        "status": "dead",
        "confidence": 0.9909,
        "proj_x": 791948.6505,
        "proj_y": 2397016.0379
      }
    },
    {
      "type": "Feature",
      "geometry": {
        "type": "Point",
        "coordinates": [
          83.8201004,
          21.6522296
        ]
      },
      "properties": {
        "status": "dead",
        "confidence": 1.0,
        "proj_x": 791883.8959,
        "proj_y": 2396986.3617
      }
    },
    {
      "type": "Feature",
      "geometry": {
        "type": "Point",
        "coordinates": [
          83.8202347,
          21.6525314
        ]
      },
      "properties": {
        "status": "dead",
        "confidence": 0.9921,
        "proj_x": 791897.2007,
        "proj_y": 2397020.0482
      }
    },
    {
      "type": "Feature",
      "geometry": {
        "type": "Point",
        "coordinates": [
          83.8202529,
          21.6524951
        ]
      },
      "properties": {
        "status": "dead",
        "confidence": 0.968,
        "proj_x": 791899.1586,
        "proj_y": 2397016.0615
      }
    },
    {
      "type": "Feature",
      "geometry": {
        "type": "Point",
        "coordinates": [
          83.8202873,
          21.6526459
        ]
      },
      "properties": {
        "status": "dead",
        "confidence": 0.9986,
        "proj_x": 791902.4141,
        "proj_y": 2397032.834
      }
    },
    {
      "type": "Feature",
      "geometry": {
        "type": "Point",
        "coordinates": [
          83.8204905,
          21.6526467
        ]
      },
      "properties": {
        "status": "dead",
        "confidence": 0.9997,
        "proj_x": 791923.4563,
        "proj_y": 2397033.3058
      }
    },
    {
      "type": "Feature",
      "geometry": {
        "type": "Point",
        "coordinates": [
          83.8205127,
          21.6526734
        ]
      },
      "properties": {
        "status": "dead",
        "confidence": 1.0,
        "proj_x": 791925.6974,
        "proj_y": 2397036.3018
      }
    },
    {
      "type": "Feature",
      "geometry": {
        "type": "Point",
        "coordinates": [
          83.8205299,
          21.6526328
        ]
      },
      "properties": {
        "status": "dead",
        "confidence": 0.9968,
        "proj_x": 791927.561,
        "proj_y": 2397031.8432
      }
    },
    {
      "type": "Feature",
      "geometry": {
        "type": "Point",
        "coordinates": [
          83.8206315,
          21.6526234
        ]
      },
      "properties": {
        "status": "dead",
        "confidence": 0.9632,
        "proj_x": 791938.1057,
        "proj_y": 2397030.994
      }
    },
    {
      "type": "Feature",
      "geometry": {
        "type": "Point",
        "coordinates": [
          83.8202394,
          21.6520779
        ]
      },
      "properties": {
        "status": "dead",
        "confidence": 0.9988,
        "proj_x": 791898.5925,
        "proj_y": 2396969.8251
      }
    },
    {
      "type": "Feature",
      "geometry": {
        "type": "Point",
        "coordinates": [
          83.8203166,
          21.6526424
        ]
      },
      "properties": {
        "status": "dead",
        "confidence": 0.9999,
        "proj_x": 791905.4572,
        "proj_y": 2397032.5038
      }
    },
    {
      "type": "Feature",
      "geometry": {
        "type": "Point",
        "coordinates": [
          83.8203619,
          21.6525085
        ]
      },
      "properties": {
        "status": "dead",
        "confidence": 0.9925,
        "proj_x": 791910.4111,
        "proj_y": 2397017.76
      }
    },
    {
      "type": "Feature",
      "geometry": {
        "type": "Point",
        "coordinates": [
          83.8204175,
          21.652653
        ]
      },
      "properties": {
        "status": "dead",
        "confidence": 0.9997,
        "proj_x": 791915.884,
        "proj_y": 2397033.872
      }
    },
    {
      "type": "Feature",
      "geometry": {
        "type": "Point",
        "coordinates": [
          83.8205051,
          21.6524103
        ]
      },
      "properties": {
        "status": "dead",
        "confidence": 0.9791,
        "proj_x": 791925.4379,
        "proj_y": 2397007.1445
      }
    },
    {
      "type": "Feature",
      "geometry": {
        "type": "Point",
        "coordinates": [
          83.8205391,
          21.652428
        ]
      },
      "properties": {
        "status": "dead",
        "confidence": 0.9994,
        "proj_x": 791928.9292,
        "proj_y": 2397009.1732
      }
    },
    {
      "type": "Feature",
      "geometry": {
        "type": "Point",
        "coordinates": [
          83.8207571,
          21.6526275
        ]
      },
      "properties": {
        "status": "dead",
        "confidence": 0.998,
        "proj_x": 791951.1038,
        "proj_y": 2397031.6781
      }
    },
    {
      "type": "Feature",
      "geometry": {
        "type": "Point",
        "coordinates": [
          83.8200983,
          21.6524472
        ]
      },
      "properties": {
        "status": "dead",
        "confidence": 0.9992,
        "proj_x": 791883.2354,
        "proj_y": 2397010.4707
      }
    },
    {
      "type": "Feature",
      "geometry": {
        "type": "Point",
        "coordinates": [
          83.820314,
          21.6525213
        ]
      },
      "properties": {
        "status": "dead",
        "confidence": 0.9997,
        "proj_x": 791905.4336,
        "proj_y": 2397019.0811
      }
    },
    {
      "type": "Feature",
      "geometry": {
        "type": "Point",
        "coordinates": [
          83.8203656,
          21.652455
        ]
      },
      "properties": {
        "status": "dead",
        "confidence": 0.9927,
        "proj_x": 791910.9065,
        "proj_y": 2397011.8389
      }
    },
    {
      "type": "Feature",
      "geometry": {
        "type": "Point",
        "coordinates": [
          83.8203733,
          21.6526374
        ]
      },
      "properties": {
        "status": "dead",
        "confidence": 1.0,
        "proj_x": 791911.3311,
        "proj_y": 2397032.0556
      }
    },
    {
      "type": "Feature",
      "geometry": {
        "type": "Point",
        "coordinates": [
          83.8203857,
          21.6523291
        ]
      },
      "properties": {
        "status": "dead",
        "confidence": 0.9244,
        "proj_x": 791913.2419,
        "proj_y": 2396997.9208
      }
    },
    {
      "type": "Feature",
      "geometry": {
        "type": "Point",
        "coordinates": [
          83.8204405,
          21.6523916
        ]
      },
      "properties": {
        "status": "dead",
        "confidence": 0.6813,
        "proj_x": 791918.7855,
        "proj_y": 2397004.9506
      }
    },
    {
      "type": "Feature",
      "geometry": {
        "type": "Point",
        "coordinates": [
          83.8205804,
          21.6524639
        ]
      },
      "properties": {
        "status": "dead",
        "confidence": 0.9415,
        "proj_x": 791933.1282,
        "proj_y": 2397013.2307
      }
    },
    {
      "type": "Feature",
      "geometry": {
        "type": "Point",
        "coordinates": [
          83.8206187,
          21.652442
        ]
      },
      "properties": {
        "status": "dead",
        "confidence": 0.961,
        "proj_x": 791937.1385,
        "proj_y": 2397010.8717
      }
    },
    {
      "type": "Feature",
      "geometry": {
        "type": "Point",
        "coordinates": [
          83.8206998,
          21.6524926
        ]
      },
      "properties": {
        "status": "dead",
        "confidence": 0.9979,
        "proj_x": 791945.4422,
        "proj_y": 2397016.6277
      }
    },
    {
      "type": "Feature",
      "geometry": {
        "type": "Point",
        "coordinates": [
          83.8200904,
          21.6523107
        ]
      },
      "properties": {
        "status": "dead",
        "confidence": 0.9996,
        "proj_x": 791882.6928,
        "proj_y": 2396995.3259
      }
    },
    {
      "type": "Feature",
      "geometry": {
        "type": "Point",
        "coordinates": [
          83.8201644,
          21.6526177
        ]
      },
      "properties": {
        "status": "dead",
        "confidence": 1.0,
        "proj_x": 791889.7462,
        "proj_y": 2397029.4842
      }
    },
    {
      "type": "Feature",
      "geometry": {
        "type": "Point",
        "coordinates": [
          83.8204013,
          21.6526614
        ]
      },
      "properties": {
        "status": "dead",
        "confidence": 1.0,
        "proj_x": 791914.1855,
        "proj_y": 2397034.7684
      }
    },
    {
      "type": "Feature",
      "geometry": {
        "type": "Point",
        "coordinates": [
          83.8204332,
          21.6523246
        ]
      },
      "properties": {
        "status": "dead",
        "confidence": 0.9484,
        "proj_x": 791918.1722,
        "proj_y": 2396997.5198
      }
    },
    {
      "type": "Feature",
      "geometry": {
        "type": "Point",
        "coordinates": [
          83.8204459,
          21.65265
        ]
      },
      "properties": {
        "status": "dead",
        "confidence": 0.9995,
        "proj_x": 791918.8327,
        "proj_y": 2397033.5889
      }
    },
    {
      "type": "Feature",
      "geometry": {
        "type": "Point",
        "coordinates": [
          83.8205962,
          21.652578
        ]
      },
      "properties": {
        "status": "dead",
        "confidence": 0.996,
        "proj_x": 791934.5436,
        "proj_y": 2397025.8986
      }
    },
    {
      "type": "Feature",
      "geometry": {
        "type": "Point",
        "coordinates": [
          83.8204089,
          21.6522776
        ]
      },
      "properties": {
        "status": "dead",
        "confidence": 0.9993,
        "proj_x": 791915.7424,
        "proj_y": 2396992.2592
      }
    },
    {
      "type": "Feature",
      "geometry": {
        "type": "Point",
        "coordinates": [
          83.8205727,
          21.6526304
        ]
      },
      "properties": {
        "status": "dead",
        "confidence": 0.9994,
        "proj_x": 791931.9959,
        "proj_y": 2397031.6545
      }
    },
    {
      "type": "Feature",
      "geometry": {
        "type": "Point",
        "coordinates": [
          83.8206337,
          21.652643
        ]
      },
      "properties": {
        "status": "dead",
        "confidence": 0.9926,
        "proj_x": 791938.2945,
        "proj_y": 2397033.1643
      }
    },
    {
      "type": "Feature",
      "geometry": {
        "type": "Point",
        "coordinates": [
          83.8207037,
          21.6525426
        ]
      },
      "properties": {
        "status": "dead",
        "confidence": 0.9929,
        "proj_x": 791945.7489,
        "proj_y": 2397022.1713
      }
    },
    {
      "type": "Feature",
      "geometry": {
        "type": "Point",
        "coordinates": [
          83.8203026,
          21.6522968
        ]
      },
      "properties": {
        "status": "dead",
        "confidence": 0.9527,
        "proj_x": 791904.7023,
        "proj_y": 2396994.1936
      }
    },
    {
      "type": "Feature",
      "geometry": {
        "type": "Point",
        "coordinates": [
          83.8203275,
          21.6524278
        ]
      },
      "properties": {
        "status": "dead",
        "confidence": 0.9924,
        "proj_x": 791907.0141,
        "proj_y": 2397008.7486
      }
    },
    {
      "type": "Feature",
      "geometry": {
        "type": "Point",
        "coordinates": [
          83.8204513,
          21.6525652
        ]
      },
      "properties": {
        "status": "dead",
        "confidence": 0.9993,
        "proj_x": 791919.564,
        "proj_y": 2397024.2001
      }
    },
    {
      "type": "Feature",
      "geometry": {
        "type": "Point",
        "coordinates": [
          83.820687,
          21.6525239
        ]
      },
      "properties": {
        "status": "dead",
        "confidence": 0.9937,
        "proj_x": 791944.0504,
        "proj_y": 2397020.0718
      }
    },
    {
      "type": "Feature",
      "geometry": {
        "type": "Point",
        "coordinates": [
          83.8206945,
          21.6525685
        ]
      },
      "properties": {
        "status": "dead",
        "confidence": 0.9999,
        "proj_x": 791944.7345,
        "proj_y": 2397025.0257
      }
    },
    {
      "type": "Feature",
      "geometry": {
        "type": "Point",
        "coordinates": [
          83.820129,
          21.6525749
        ]
      },
      "properties": {
        "status": "dead",
        "confidence": 0.9903,
        "proj_x": 791886.1606,
        "proj_y": 2397024.6719
      }
    },
    {
      "type": "Feature",
      "geometry": {
        "type": "Point",
        "coordinates": [
          83.8202832,
          21.652331
        ]
      },
      "properties": {
        "status": "dead",
        "confidence": 0.9999,
        "proj_x": 791902.6264,
        "proj_y": 2396997.9444
      }
    },
    {
      "type": "Feature",
      "geometry": {
        "type": "Point",
        "coordinates": [
          83.8204255,
          21.6525839
        ]
      },
      "properties": {
        "status": "dead",
        "confidence": 0.9997,
        "proj_x": 791916.8511,
        "proj_y": 2397026.2288
      }
    },
    {
      "type": "Feature",
      "geometry": {
        "type": "Point",
        "coordinates": [
          83.8206722,
          21.6525959
        ]
      },
      "properties": {
        "status": "dead",
        "confidence": 0.9837,
        "proj_x": 791942.3755,
        "proj_y": 2397028.0217
      }
    },
    {
      "type": "Feature",
      "geometry": {
        "type": "Point",
        "coordinates": [
          83.8207205,
          21.6525035
        ]
      },
      "properties": {
        "status": "dead",
        "confidence": 0.9918,
        "proj_x": 791947.5653,
        "proj_y": 2397017.878
      }
    },
    {
      "type": "Feature",
      "geometry": {
        "type": "Point",
        "coordinates": [
          83.8201355,
          21.6523616
        ]
      },
      "properties": {
        "status": "dead",
        "confidence": 1.0,
        "proj_x": 791887.2693,
        "proj_y": 2397001.0583
      }
    },
    {
      "type": "Feature",
      "geometry": {
        "type": "Point",
        "coordinates": [
          83.8202601,
          21.6521504
        ]
      },
      "properties": {
        "status": "dead",
        "confidence": 0.9997,
        "proj_x": 791900.5976,
        "proj_y": 2396977.8929
      }
    },
    {
      "type": "Feature",
      "geometry": {
        "type": "Point",
        "coordinates": [
          83.8205375,
          21.6526516
        ]
      },
      "properties": {
        "status": "dead",
        "confidence": 1.0,
        "proj_x": 791928.3159,
        "proj_y": 2397033.9427
      }
    },
    {
      "type": "Feature",
      "geometry": {
        "type": "Point",
        "coordinates": [
          83.8207168,
          21.6526169
        ]
      },
      "properties": {
        "status": "dead",
        "confidence": 0.9989,
        "proj_x": 791946.952,
        "proj_y": 2397030.4278
      }
    },
    {
      "type": "Feature",
      "geometry": {
        "type": "Point",
        "coordinates": [
          83.8207226,
          21.6524213
        ]
      },
      "properties": {
        "status": "dead",
        "confidence": 0.9982,
        "proj_x": 791947.9428,
        "proj_y": 2397008.7722
      }
    },
    {
      "type": "Feature",
      "geometry": {
        "type": "Point",
        "coordinates": [
          83.8202218,
          21.6521832
        ]
      },
      "properties": {
        "status": "dead",
        "confidence": 0.9923,
        "proj_x": 791896.5637,
        "proj_y": 2396981.455
      }
    },
    {
      "type": "Feature",
      "geometry": {
        "type": "Point",
        "coordinates": [
          83.8203782,
          21.6522921
        ]
      },
      "properties": {
        "status": "dead",
        "confidence": 0.9968,
        "proj_x": 791912.5342,
        "proj_y": 2396993.8162
      }
    },
    {
      "type": "Feature",
      "geometry": {
        "type": "Point",
        "coordinates": [
          83.8204829,
          21.6522897
        ]
      },
      "properties": {
        "status": "dead",
        "confidence": 0.9841,
        "proj_x": 791923.3856,
        "proj_y": 2396993.7454
      }
    },
    {
      "type": "Feature",
      "geometry": {
        "type": "Point",
        "coordinates": [
          83.8204988,
          21.6526282
        ]
      },
      "properties": {
        "status": "dead",
        "confidence": 0.9997,
        "proj_x": 791924.3528,
        "proj_y": 2397031.2771
      }
    },
    {
      "type": "Feature",
      "geometry": {
        "type": "Point",
        "coordinates": [
          83.8205823,
          21.6524829
        ]
      },
      "properties": {
        "status": "dead",
        "confidence": 0.9108,
        "proj_x": 791933.2934,
        "proj_y": 2397015.3302
      }
    },
    {
      "type": "Feature",
      "geometry": {
        "type": "Point",
        "coordinates": [
          83.8206017,
          21.6525062
        ]
      },
      "properties": {
        "status": "dead",
        "confidence": 0.9902,
        "proj_x": 791935.2513,
        "proj_y": 2397017.9487
      }
    },
    {
      "type": "Feature",
      "geometry": {
        "type": "Point",
        "coordinates": [
          83.820732,
          21.6525199
        ]
      },
      "properties": {
        "status": "dead",
        "confidence": 0.9989,
        "proj_x": 791948.7212,
        "proj_y": 2397019.718
      }
    },
    {
      "type": "Feature",
      "geometry": {
        "type": "Point",
        "coordinates": [
          83.8202782,
          21.6524325
        ]
      },
      "properties": {
        "status": "dead",
        "confidence": 0.9202,
        "proj_x": 791901.8951,
        "proj_y": 2397009.1732
      }
    },
    {
      "type": "Feature",
      "geometry": {
        "type": "Point",
        "coordinates": [
          83.8203402,
          21.6525061
        ]
      },
      "properties": {
        "status": "dead",
        "confidence": 0.9989,
        "proj_x": 791908.17,
        "proj_y": 2397017.4533
      }
    },
    {
      "type": "Feature",
      "geometry": {
        "type": "Point",
        "coordinates": [
          83.8203589,
          21.6520618
        ]
      },
      "properties": {
        "status": "dead",
        "confidence": 0.6503,
        "proj_x": 791911.0008,
        "proj_y": 2396968.2682
      }
    },
    {
      "type": "Feature",
      "geometry": {
        "type": "Point",
        "coordinates": [
          83.8206959,
          21.6525942
        ]
      },
      "properties": {
        "status": "dead",
        "confidence": 0.9217,
        "proj_x": 791944.8289,
        "proj_y": 2397027.8801
      }
    },
    {
      "type": "Feature",
      "geometry": {
        "type": "Point",
        "coordinates": [
          83.8207119,
          21.6524477
        ]
      },
      "properties": {
        "status": "dead",
        "confidence": 0.9876,
        "proj_x": 791946.7869,
        "proj_y": 2397011.6738
      }
    },
    {
      "type": "Feature",
      "geometry": {
        "type": "Point",
        "coordinates": [
          83.8207539,
          21.6525223
        ]
      },
      "properties": {
        "status": "dead",
        "confidence": 0.9972,
        "proj_x": 791950.9859,
        "proj_y": 2397020.0247
      }
    },
    {
      "type": "Feature",
      "geometry": {
        "type": "Point",
        "coordinates": [
          83.8205552,
          21.6525413
        ]
      },
      "properties": {
        "status": "dead",
        "confidence": 0.9803,
        "proj_x": 791930.3682,
        "proj_y": 2397021.7467
      }
    },
    {
      "type": "Feature",
      "geometry": {
        "type": "Point",
        "coordinates": [
          83.8207425,
          21.6526007
        ]
      },
      "properties": {
        "status": "dead",
        "confidence": 0.9203,
        "proj_x": 791949.6412,
        "proj_y": 2397028.6822
      }
    },
    {
      "type": "Feature",
      "geometry": {
        "type": "Point",
        "coordinates": [
          83.8201379,
          21.6521665
        ]
      },
      "properties": {
        "status": "dead",
        "confidence": 0.9813,
        "proj_x": 791887.9062,
        "proj_y": 2396979.4498
      }
    },
    {
      "type": "Feature",
      "geometry": {
        "type": "Point",
        "coordinates": [
          83.8201832,
          21.6522375
        ]
      },
      "properties": {
        "status": "dead",
        "confidence": 0.9963,
        "proj_x": 791892.4591,
        "proj_y": 2396987.3997
      }
    },
    {
      "type": "Feature",
      "geometry": {
        "type": "Point",
        "coordinates": [
          83.8201567,
          21.6524194
        ]
      },
      "properties": {
        "status": "dead",
        "confidence": 0.993,
        "proj_x": 791889.3452,
        "proj_y": 2397007.4984
      }
    },
    {
      "type": "Feature",
      "geometry": {
        "type": "Point",
        "coordinates": [
          83.82071,
          21.6525806
        ]
      },
      "properties": {
        "status": "dead",
        "confidence": 0.9988,
        "proj_x": 791946.3151,
        "proj_y": 2397026.3939
      }
    },
    {
      "type": "Feature",
      "geometry": {
        "type": "Point",
        "coordinates": [
          83.8204679,
          21.6525845
        ]
      },
      "properties": {
        "status": "dead",
        "confidence": 1.0,
        "proj_x": 791921.2389,
        "proj_y": 2397026.3704
      }
    },
    {
      "type": "Feature",
      "geometry": {
        "type": "Point",
        "coordinates": [
          83.8205496,
          21.6525671
        ]
      },
      "properties": {
        "status": "dead",
        "confidence": 0.9879,
        "proj_x": 791929.7313,
        "proj_y": 2397024.6011
      }
    },
    {
      "type": "Feature",
      "geometry": {
        "type": "Point",
        "coordinates": [
          83.8206954,
          21.6524545
        ]
      },
      "properties": {
        "status": "dead",
        "confidence": 0.9572,
        "proj_x": 791945.0648,
        "proj_y": 2397012.4051
      }
    },
    {
      "type": "Feature",
      "geometry": {
        "type": "Point",
        "coordinates": [
          83.8203858,
          21.6526515
        ]
      },
      "properties": {
        "status": "dead",
        "confidence": 1.0,
        "proj_x": 791912.6049,
        "proj_y": 2397033.6361
      }
    },
    {
      "type": "Feature",
      "geometry": {
        "type": "Point",
        "coordinates": [
          83.8203246,
          21.6525697
        ]
      },
      "properties": {
        "status": "dead",
        "confidence": 1.0,
        "proj_x": 791906.4244,
        "proj_y": 2397024.4596
      }
    },
    {
      "type": "Feature",
      "geometry": {
        "type": "Point",
        "coordinates": [
          83.8203028,
          21.6520832
        ]
      },
      "properties": {
        "status": "dead",
        "confidence": 0.9709,
        "proj_x": 791905.1505,
        "proj_y": 2396970.5328
      }
    },
    {
      "type": "Feature",
      "geometry": {
        "type": "Point",
        "coordinates": [
          83.8207269,
          21.6525835
        ]
      },
      "properties": {
        "status": "dead",
        "confidence": 0.9985,
        "proj_x": 791948.0607,
        "proj_y": 2397026.7478
      }
    },
    {
      "type": "Feature",
      "geometry": {
        "type": "Point",
        "coordinates": [
          83.8201772,
          21.6521608
        ]
      },
      "properties": {
        "status": "dead",
        "confidence": 0.997,
        "proj_x": 791891.9873,
        "proj_y": 2396978.8837
      }
    },
    {
      "type": "Feature",
      "geometry": {
        "type": "Point",
        "coordinates": [
          83.820184,
          21.6525938
        ]
      },
      "properties": {
        "status": "dead",
        "confidence": 0.9934,
        "proj_x": 791891.8222,
        "proj_y": 2397026.8658
      }
    },
    {
      "type": "Feature",
      "geometry": {
        "type": "Point",
        "coordinates": [
          83.8205481,
          21.652493
        ]
      },
      "properties": {
        "status": "dead",
        "confidence": 0.9992,
        "proj_x": 791929.7313,
        "proj_y": 2397016.3918
      }
    },
    {
      "type": "Feature",
      "geometry": {
        "type": "Point",
        "coordinates": [
          83.8201398,
          21.6526275
        ]
      },
      "properties": {
        "status": "dead",
        "confidence": 0.9998,
        "proj_x": 791887.1749,
        "proj_y": 2397030.5222
      }
    },
    {
      "type": "Feature",
      "geometry": {
        "type": "Point",
        "coordinates": [
          83.8201438,
          21.6524688
        ]
      },
      "properties": {
        "status": "dead",
        "confidence": 0.9679,
        "proj_x": 791887.9062,
        "proj_y": 2397012.9476
      }
    },
    {
      "type": "Feature",
      "geometry": {
        "type": "Point",
        "coordinates": [
          83.8206049,
          21.6525289
        ]
      },
      "properties": {
        "status": "dead",
        "confidence": 0.9843,
        "proj_x": 791935.5344,
        "proj_y": 2397020.4729
      }
    },
    {
      "type": "Feature",
      "geometry": {
        "type": "Point",
        "coordinates": [
          83.8202969,
          21.6524924
        ]
      },
      "properties": {
        "status": "dead",
        "confidence": 0.9958,
        "proj_x": 791903.7115,
        "proj_y": 2397015.8492
      }
    },
    {
      "type": "Feature",
      "geometry": {
        "type": "Point",
        "coordinates": [
          83.8208299,
          21.6524931
        ]
      },
      "properties": {
        "status": "dead",
        "confidence": 0.7229,
        "proj_x": 791958.9121,
        "proj_y": 2397016.9344
      }
    },
    {
      "type": "Feature",
      "geometry": {
        "type": "Point",
        "coordinates": [
          83.820857,
          21.6526362
        ]
      },
      "properties": {
        "status": "dead",
        "confidence": 0.9988,
        "proj_x": 791961.4362,
        "proj_y": 2397032.834
      }
    },
    {
      "type": "Feature",
      "geometry": {
        "type": "Point",
        "coordinates": [
          83.8209505,
          21.6525107
        ]
      },
      "properties": {
        "status": "dead",
        "confidence": 0.9526,
        "proj_x": 791971.3676,
        "proj_y": 2397019.1046
      }
    },
    {
      "type": "Feature",
      "geometry": {
        "type": "Point",
        "coordinates": [
          83.8208495,
          21.6525641
        ]
      },
      "properties": {
        "status": "dead",
        "confidence": 1.0,
        "proj_x": 791960.7993,
        "proj_y": 2397024.837
      }
    },
    {
      "type": "Feature",
      "geometry": {
        "type": "Point",
        "coordinates": [
          83.8210913,
          21.6525798
        ]
      },
      "properties": {
        "status": "dead",
        "confidence": 0.9982,
        "proj_x": 791985.8047,
        "proj_y": 2397027.0309
      }
    },
    {
      "type": "Feature",
      "geometry": {
        "type": "Point",
        "coordinates": [
          83.8208419,
          21.6525483
        ]
      },
      "properties": {
        "status": "dead",
        "confidence": 0.9996,
        "proj_x": 791960.0444,
        "proj_y": 2397023.0678
      }
    },
    {
      "type": "Feature",
      "geometry": {
        "type": "Point",
        "coordinates": [
          83.8209107,
          21.6525348
        ]
      },
      "properties": {
        "status": "dead",
        "confidence": 0.8167,
        "proj_x": 791967.1922,
        "proj_y": 2397021.6995
      }
    },
    {
      "type": "Feature",
      "geometry": {
        "type": "Point",
        "coordinates": [
          83.8210424,
          21.6525268
        ]
      },
      "properties": {
        "status": "dead",
        "confidence": 0.9792,
        "proj_x": 791980.8508,
        "proj_y": 2397021.0626
      }
    },
    {
      "type": "Feature",
      "geometry": {
        "type": "Point",
        "coordinates": [
          83.8209105,
          21.6525961
        ]
      },
      "properties": {
        "status": "dead",
        "confidence": 0.9998,
        "proj_x": 791967.0507,
        "proj_y": 2397028.4935
      }
    },
    {
      "type": "Feature",
      "geometry": {
        "type": "Point",
        "coordinates": [
          83.8213922,
          21.6526501
        ]
      },
      "properties": {
        "status": "dead",
        "confidence": 1.0,
        "proj_x": 792016.8256,
        "proj_y": 2397035.3817
      }
    },
    {
      "type": "Feature",
      "geometry": {
        "type": "Point",
        "coordinates": [
          83.8207671,
          21.6524137
        ]
      },
      "properties": {
        "status": "dead",
        "confidence": 0.9745,
        "proj_x": 791952.5664,
        "proj_y": 2397008.0173
      }
    },
    {
      "type": "Feature",
      "geometry": {
        "type": "Point",
        "coordinates": [
          83.8207821,
          21.6525787
        ]
      },
      "properties": {
        "status": "dead",
        "confidence": 0.9955,
        "proj_x": 791953.7931,
        "proj_y": 2397026.3232
      }
    },
    {
      "type": "Feature",
      "geometry": {
        "type": "Point",
        "coordinates": [
          83.8207992,
          21.6526142
        ]
      },
      "properties": {
        "status": "dead",
        "confidence": 0.9992,
        "proj_x": 791955.4916,
        "proj_y": 2397030.2863
      }
    },
    {
      "type": "Feature",
      "geometry": {
        "type": "Point",
        "coordinates": [
          83.8208877,
          21.6525486
        ]
      },
      "properties": {
        "status": "dead",
        "confidence": 0.9691,
        "proj_x": 791964.786,
        "proj_y": 2397023.1857
      }
    },
    {
      "type": "Feature",
      "geometry": {
        "type": "Point",
        "coordinates": [
          83.8209224,
          21.6525527
        ]
      },
      "properties": {
        "status": "dead",
        "confidence": 0.9823,
        "proj_x": 791968.3717,
        "proj_y": 2397023.7047
      }
    },
    {
      "type": "Feature",
      "geometry": {
        "type": "Point",
        "coordinates": [
          83.821122,
          21.6525912
        ]
      },
      "properties": {
        "status": "dead",
        "confidence": 0.9983,
        "proj_x": 791988.9658,
        "proj_y": 2397028.3519
      }
    },
    {
      "type": "Feature",
      "geometry": {
        "type": "Point",
        "coordinates": [
          83.8209106,
          21.6524722
        ]
      },
      "properties": {
        "status": "dead",
        "confidence": 0.6121,
        "proj_x": 791967.3102,
        "proj_y": 2397014.7641
      }
    },
    {
      "type": "Feature",
      "geometry": {
        "type": "Point",
        "coordinates": [
          83.8207656,
          21.6523954
        ]
      },
      "properties": {
        "status": "dead",
        "confidence": 0.9944,
        "proj_x": 791952.4485,
        "proj_y": 2397005.9886
      }
    },
    {
      "type": "Feature",
      "geometry": {
        "type": "Point",
        "coordinates": [
          83.8208891,
          21.6525645
        ]
      },
      "properties": {
        "status": "dead",
        "confidence": 0.9996,
        "proj_x": 791964.904,
        "proj_y": 2397024.955
      }
    },
    {
      "type": "Feature",
      "geometry": {
        "type": "Point",
        "coordinates": [
          83.8207708,
          21.6526179
        ]
      },
      "properties": {
        "status": "dead",
        "confidence": 0.9998,
        "proj_x": 791952.5428,
        "proj_y": 2397030.6402
      }
    },
    {
      "type": "Feature",
      "geometry": {
        "type": "Point",
        "coordinates": [
          83.8209153,
          21.652506
        ]
      },
      "properties": {
        "status": "dead",
        "confidence": 0.8981,
        "proj_x": 791967.7348,
        "proj_y": 2397018.5149
      }
    },
    {
      "type": "Feature",
      "geometry": {
        "type": "Point",
        "coordinates": [
          83.8214388,
          21.6524462
        ]
      },
      "properties": {
        "status": "dead",
        "confidence": 0.9981,
        "proj_x": 792022.0625,
        "proj_y": 2397012.8769
      }
    },
    {
      "type": "Feature",
      "geometry": {
        "type": "Point",
        "coordinates": [
          83.8208088,
          21.6525333
        ]
      },
      "properties": {
        "status": "dead",
        "confidence": 0.9965,
        "proj_x": 791956.6475,
        "proj_y": 2397021.3457
      }
    },
    {
      "type": "Feature",
      "geometry": {
        "type": "Point",
        "coordinates": [
          83.8207937,
          21.6523664
        ]
      },
      "properties": {
        "status": "dead",
        "confidence": 0.9711,
        "proj_x": 791955.4208,
        "proj_y": 2397002.8275
      }
    },
    {
      "type": "Feature",
      "geometry": {
        "type": "Point",
        "coordinates": [
          83.8207851,
          21.6526485
        ]
      },
      "properties": {
        "status": "dead",
        "confidence": 0.9888,
        "proj_x": 791953.9582,
        "proj_y": 2397034.0607
      }
    },
    {
      "type": "Feature",
      "geometry": {
        "type": "Point",
        "coordinates": [
          83.821348,
          21.6525802
        ]
      },
      "properties": {
        "status": "dead",
        "confidence": 0.8524,
        "proj_x": 792012.3906,
        "proj_y": 2397027.5499
      }
    },
    {
      "type": "Feature",
      "geometry": {
        "type": "Point",
        "coordinates": [
          83.8208741,
          21.6526204
        ]
      },
      "properties": {
        "status": "dead",
        "confidence": 0.9995,
        "proj_x": 791963.2291,
        "proj_y": 2397031.112
      }
    },
    {
      "type": "Feature",
      "geometry": {
        "type": "Point",
        "coordinates": [
          83.8214286,
          21.6526163
        ]
      },
      "properties": {
        "status": "dead",
        "confidence": 1.0,
        "proj_x": 792020.6707,
        "proj_y": 2397031.7017
      }
    },
    {
      "type": "Feature",
      "geometry": {
        "type": "Point",
        "coordinates": [
          83.8208314,
          21.6526198
        ]
      },
      "properties": {
        "status": "dead",
        "confidence": 0.9999,
        "proj_x": 791958.8178,
        "proj_y": 2397030.9704
      }
    },
    {
      "type": "Feature",
      "geometry": {
        "type": "Point",
        "coordinates": [
          83.8211627,
          21.6525314
        ]
      },
      "properties": {
        "status": "dead",
        "confidence": 0.8964,
        "proj_x": 791993.3063,
        "proj_y": 2397021.7939
      }
    },
    {
      "type": "Feature",
      "geometry": {
        "type": "Point",
        "coordinates": [
          83.8194173,
          21.6519036
        ]
      },
      "properties": {
        "status": "dead",
        "confidence": 0.9947,
        "proj_x": 791813.81,
        "proj_y": 2396948.9716
      }
    },
    {
      "type": "Feature",
      "geometry": {
        "type": "Point",
        "coordinates": [
          83.8198958,
          21.651861
        ]
      },
      "properties": {
        "status": "dead",
        "confidence": 0.9988,
        "proj_x": 791863.4434,
        "proj_y": 2396945.15
      }
    },
    {
      "type": "Feature",
      "geometry": {
        "type": "Point",
        "coordinates": [
          83.8196786,
          21.6518443
        ]
      },
      "properties": {
        "status": "dead",
        "confidence": 1.0,
        "proj_x": 791840.9857,
        "proj_y": 2396942.8854
      }
    },
    {
      "type": "Feature",
      "geometry": {
        "type": "Point",
        "coordinates": [
          83.8195373,
          21.6518537
        ]
      },
      "properties": {
        "status": "dead",
        "confidence": 1.0,
        "proj_x": 791826.3363,
        "proj_y": 2396943.6638
      }
    },
    {
      "type": "Feature",
      "geometry": {
        "type": "Point",
        "coordinates": [
          83.819525,
          21.6518198
        ]
      },
      "properties": {
        "status": "dead",
        "confidence": 1.0,
        "proj_x": 791825.1332,
        "proj_y": 2396939.8894
      }
    },
    {
      "type": "Feature",
      "geometry": {
        "type": "Point",
        "coordinates": [
          83.8195891,
          21.6519267
        ]
      },
      "properties": {
        "status": "dead",
        "confidence": 0.9836,
        "proj_x": 791831.5497,
        "proj_y": 2396951.8495
      }
    },
    {
      "type": "Feature",
      "geometry": {
        "type": "Point",
        "coordinates": [
          83.8194055,
          21.6520007
        ]
      },
      "properties": {
        "status": "dead",
        "confidence": 1.0,
        "proj_x": 791812.3946,
        "proj_y": 2396959.705
      }
    },
    {
      "type": "Feature",
      "geometry": {
        "type": "Point",
        "coordinates": [
          83.8196527,
          21.6519092
        ]
      },
      "properties": {
        "status": "dead",
        "confidence": 0.9249,
        "proj_x": 791838.1785,
        "proj_y": 2396950.0331
      }
    },
    {
      "type": "Feature",
      "geometry": {
        "type": "Point",
        "coordinates": [
          83.8200183,
          21.6520142
        ]
      },
      "properties": {
        "status": "dead",
        "confidence": 0.9949,
        "proj_x": 791875.8281,
        "proj_y": 2396962.3471
      }
    },
    {
      "type": "Feature",
      "geometry": {
        "type": "Point",
        "coordinates": [
          83.8196978,
          21.651839
        ]
      },
      "properties": {
        "status": "dead",
        "confidence": 1.0,
        "proj_x": 791842.9909,
        "proj_y": 2396942.3428
      }
    },
    {
      "type": "Feature",
      "geometry": {
        "type": "Point",
        "coordinates": [
          83.8195058,
          21.6518393
        ]
      },
      "properties": {
        "status": "dead",
        "confidence": 1.0,
        "proj_x": 791823.1045,
        "proj_y": 2396942.0125
      }
    },
    {
      "type": "Feature",
      "geometry": {
        "type": "Point",
        "coordinates": [
          83.8194188,
          21.651982
        ]
      },
      "properties": {
        "status": "dead",
        "confidence": 0.9999,
        "proj_x": 791813.81,
        "proj_y": 2396957.6527
      }
    },
    {
      "type": "Feature",
      "geometry": {
        "type": "Point",
        "coordinates": [
          83.8200023,
          21.6519998
        ]
      },
      "properties": {
        "status": "dead",
        "confidence": 0.9582,
        "proj_x": 791874.2004,
        "proj_y": 2396960.7194
      }
    },
    {
      "type": "Feature",
      "geometry": {
        "type": "Point",
        "coordinates": [
          83.8196042,
          21.6519808
        ]
      },
      "properties": {
        "status": "dead",
        "confidence": 0.9999,
        "proj_x": 791833.0123,
        "proj_y": 2396957.865
      }
    },
    {
      "type": "Feature",
      "geometry": {
        "type": "Point",
        "coordinates": [
          83.819857,
          21.6520129
        ]
      },
      "properties": {
        "status": "dead",
        "confidence": 1.0,
        "proj_x": 791859.1264,
        "proj_y": 2396961.8989
      }
    },
    {
      "type": "Feature",
      "geometry": {
        "type": "Point",
        "coordinates": [
          83.81988,
          21.6518728
        ]
      },
      "properties": {
        "status": "dead",
        "confidence": 0.9746,
        "proj_x": 791861.7921,
        "proj_y": 2396946.4238
      }
    },
    {
      "type": "Feature",
      "geometry": {
        "type": "Point",
        "coordinates": [
          83.8194459,
          21.6520258
        ]
      },
      "properties": {
        "status": "dead",
        "confidence": 0.9999,
        "proj_x": 791816.5229,
        "proj_y": 2396962.5594
      }
    },
    {
      "type": "Feature",
      "geometry": {
        "type": "Point",
        "coordinates": [
          83.8197398,
          21.6519721
        ]
      },
      "properties": {
        "status": "dead",
        "confidence": 0.6374,
        "proj_x": 791847.0719,
        "proj_y": 2396957.1573
      }
    },
    {
      "type": "Feature",
      "geometry": {
        "type": "Point",
        "coordinates": [
          83.819499,
          21.6518876
        ]
      },
      "properties": {
        "status": "dead",
        "confidence": 0.9998,
        "proj_x": 791822.3024,
        "proj_y": 2396947.3439
      }
    },
    {
      "type": "Feature",
      "geometry": {
        "type": "Point",
        "coordinates": [
          83.81997,
          21.651896
        ]
      },
      "properties": {
        "status": "dead",
        "confidence": 0.9917,
        "proj_x": 791871.063,
        "proj_y": 2396949.1603
      }
    },
    {
      "type": "Feature",
      "geometry": {
        "type": "Point",
        "coordinates": [
          83.8199195,
          21.6519002
        ]
      },
      "properties": {
        "status": "dead",
        "confidence": 0.994,
        "proj_x": 791865.826,
        "proj_y": 2396949.5377
      }
    },
    {
      "type": "Feature",
      "geometry": {
        "type": "Point",
        "coordinates": [
          83.8199679,
          21.6520227
        ]
      },
      "properties": {
        "status": "dead",
        "confidence": 0.9998,
        "proj_x": 791870.5912,
        "proj_y": 2396963.1963
      }
    },
    {
      "type": "Feature",
      "geometry": {
        "type": "Point",
        "coordinates": [
          83.819788,
          21.6520117
        ]
      },
      "properties": {
        "status": "dead",
        "confidence": 0.9997,
        "proj_x": 791851.9786,
        "proj_y": 2396961.6394
      }
    },
    {
      "type": "Feature",
      "geometry": {
        "type": "Point",
        "coordinates": [
          83.8196833,
          21.6518291
        ]
      },
      "properties": {
        "status": "dead",
        "confidence": 0.9465,
        "proj_x": 791841.5047,
        "proj_y": 2396941.2105
      }
    },
    {
      "type": "Feature",
      "geometry": {
        "type": "Point",
        "coordinates": [
          83.8202294,
          21.6520347
        ]
      },
      "properties": {
        "status": "dead",
        "confidence": 0.992,
        "proj_x": 791897.6489,
        "proj_y": 2396965.0128
      }
    },
    {
      "type": "Feature",
      "geometry": {
        "type": "Point",
        "coordinates": [
          83.8201395,
          21.6520247
        ]
      },
      "properties": {
        "status": "dead",
        "confidence": 0.9999,
        "proj_x": 791888.3544,
        "proj_y": 2396963.7389
      }
    },
    {
      "type": "Feature",
      "geometry": {
        "type": "Point",
        "coordinates": [
          83.8202654,
          21.6520106
        ]
      },
      "properties": {
        "status": "dead",
        "confidence": 0.995,
        "proj_x": 791901.4233,
        "proj_y": 2396962.4179
      }
    },
    {
      "type": "Feature",
      "geometry": {
        "type": "Point",
        "coordinates": [
          83.8200909,
          21.6520104
        ]
      },
      "properties": {
        "status": "dead",
        "confidence": 0.9999,
        "proj_x": 791883.3533,
        "proj_y": 2396962.064
      }
    },
    {
      "type": "Feature",
      "geometry": {
        "type": "Point",
        "coordinates": [
          83.8200973,
          21.6519289
        ]
      },
      "properties": {
        "status": "dead",
        "confidence": 0.9928,
        "proj_x": 791884.179,
        "proj_y": 2396953.0526
      }
    }
  ]
}