{
  "type": "FeatureCollection",
  "features": [
    {
      "type": "Feature",
      "geometry": {
        "type": "Point",
        "coordinates": [
          84.0676641,
          21.8535543
        ]
      },
      "properties": {
        "status": "dead",
        "confidence": 0.4943,
        "proj_x": 196915.7275,
        "proj_y": 2419506.3273
      }
    },
    {
      "type": "Feature",
      "geometry": {
        "type": "Point",
        "coordinates": [
          84.0676433,
          21.8535032
        ]
      },
      "properties": {
        "status": "dead",
        "confidence": 0.4943,
        "proj_x": 196913.4677,
        "proj_y": 2419500.7034
      }
    },
    {
      "type": "Feature",
      "geometry": {
        "type": "Point",
        "coordinates": [
          84.0677266,
          21.8534847
        ]
      },
      "properties": {
        "status": "dead",
        "confidence": 0.4943,
        "proj_x": 196922.0448,
        "proj_y": 2419498.4949
      }
    },
    {
      "type": "Feature",
      "geometry": {
        "type": "Point",
        "coordinates": [
          84.0676968,
          21.8534492
        ]
      },
      "properties": {
        "status": "dead",
        "confidence": 0.4943,
        "proj_x": 196918.8862,
        "proj_y": 2419494.6173
      }
    },
    {
      "type": "Feature",
      "geometry": {
        "type": "Point",
        "coordinates": [
          84.0677608,
          21.8534019
        ]
      },
      "properties": {
        "status": "dead",
        "confidence": 0.4943,
        "proj_x": 196925.4089,
        "proj_y": 2419489.2501
      }
    },
    {
      "type": "Feature",
      "geometry": {
        "type": "Point",
        "coordinates": [
          84.0676691,
          21.8534211
        ]
      },
      "properties": {
        "status": "dead",
        "confidence": 0.4943,
        "proj_x": 196915.9586,
        "proj_y": 2419491.5613
      }
    },
    {
      "type": "Feature",
      "geometry": {
        "type": "Point",
        "coordinates": [
          84.0677416,
          21.8534312
        ]
      },
      "properties": {
        "status": "dead",
        "confidence": 0.4943,
        "proj_x": 196923.4829,
        "proj_y": 2419492.5372
      }
    },
    {
      "type": "Feature",
      "geometry": {
        "type": "Point",
        "coordinates": [
          84.0676878,
          21.8535594
        ]
      },
      "properties": {
        "status": "dead",
        "confidence": 0.4943,
        "proj_x": 196918.1928,
        "proj_y": 2419506.8409
      }
    },
    {
      "type": "Feature",
      "geometry": {
        "type": "Point",
        "coordinates": [
          84.0677049,
          21.8534058
        ]
      },
      "properties": {
        "status": "dead",
        "confidence": 0.4943,
        "proj_x": 196919.6309,
        "proj_y": 2419489.7894
      }
    },
    {
      "type": "Feature",
      "geometry": {
        "type": "Point",
        "coordinates": [
          84.0676483,
          21.8533936
        ]
      },
      "properties": {
        "status": "dead",
        "confidence": 0.4943,
        "proj_x": 196913.7502,
        "proj_y": 2419488.5568
      }
    },
    {
      "type": "Feature",
      "geometry": {
        "type": "Point",
        "coordinates": [
          84.0676359,
          21.8535754
        ]
      },
      "properties": {
        "status": "dead",
        "confidence": 0.4943,
        "proj_x": 196912.8514,
        "proj_y": 2419508.7156
      }
    },
    {
      "type": "Feature",
      "geometry": {
        "type": "Point",
        "coordinates": [
          84.067632,
          21.8537269
        ]
      },
      "properties": {
        "status": "dead",
        "confidence": 0.4943,
        "proj_x": 196912.7743,
        "proj_y": 2419525.5103
      }
    },
    {
      "type": "Feature",
      "geometry": {
        "type": "Point",
        "coordinates": [
          84.0676459,
          21.8534358
        ]
      },
      "properties": {
        "status": "dead",
        "confidence": 0.4943,
        "proj_x": 196913.5961,
        "proj_y": 2419493.2305
      }
    },
    {
      "type": "Feature",
      "geometry": {
        "type": "Point",
        "coordinates": [
          84.067735,
          21.8534633
        ]
      },
      "properties": {
        "status": "dead",
        "confidence": 0.4943,
        "proj_x": 196922.8666,
        "proj_y": 2419496.1067
      }
    },
    {
      "type": "Feature",
      "geometry": {
        "type": "Point",
        "coordinates": [
          84.0676733,
          21.8534546
        ]
      },
      "properties": {
        "status": "dead",
        "confidence": 0.4943,
        "proj_x": 196916.4722,
        "proj_y": 2419495.2593
      }
    },
    {
      "type": "Feature",
      "geometry": {
        "type": "Point",
        "coordinates": [
          84.067666,
          21.8536339
        ]
      },
      "properties": {
        "status": "dead",
        "confidence": 0.4943,
        "proj_x": 196916.087,
        "proj_y": 2419515.1356
      }
    },
    {
      "type": "Feature",
      "geometry": {
        "type": "Point",
        "coordinates": [
          84.0676403,
          21.8537131
        ]
      },
      "properties": {
        "status": "dead",
        "confidence": 0.4943,
        "proj_x": 196913.5961,
        "proj_y": 2419523.9695
      }
    },
    {
      "type": "Feature",
      "geometry": {
        "type": "Point",
        "coordinates": [
          84.0676297,
          21.8534543
        ]
      },
      "properties": {
        "status": "dead",
        "confidence": 0.4943,
        "proj_x": 196911.9526,
        "proj_y": 2419495.3106
      }
    },
    {
      "type": "Feature",
      "geometry": {
        "type": "Point",
        "coordinates": [
          84.0677296,
          21.853581
        ]
      },
      "properties": {
        "status": "dead",
        "confidence": 0.4943,
        "proj_x": 196922.5584,
        "proj_y": 2419509.1521
      }
    },
    {
      "type": "Feature",
      "geometry": {
        "type": "Point",
        "coordinates": [
          84.0676903,
          21.8534259
        ]
      },
      "properties": {
        "status": "dead",
        "confidence": 0.4943,
        "proj_x": 196918.1671,
        "proj_y": 2419492.0493
      }
    },
    {
      "type": "Feature",
      "geometry": {
        "type": "Point",
        "coordinates": [
          84.0636834,
          21.8535064
        ]
      },
      "properties": {
        "status": "dead",
        "confidence": 0.4943,
        "proj_x": 196503.923,
        "proj_y": 2419508.8697
      }
    },
    {
      "type": "Feature",
      "geometry": {
        "type": "Point",
        "coordinates": [
          84.0637966,
          21.8536885
        ]
      },
      "properties": {
        "status": "dead",
        "confidence": 0.4943,
        "proj_x": 196516.0183,
        "proj_y": 2419528.823
      }
    },
    {
      "type": "Feature",
      "geometry": {
        "type": "Point",
        "coordinates": [
          84.0637153,
          21.8533672
        ]
      },
      "properties": {
        "status": "dead",
        "confidence": 0.9997,
        "proj_x": 196506.9276,
        "proj_y": 2419493.3846
      }
    },
    {
      "type": "Feature",
      "geometry": {
        "type": "Point",
        "coordinates": [
          84.0636218,
          21.8536441
        ]
      },
      "properties": {
        "status": "dead",
        "confidence": 0.4943,
        "proj_x": 196497.8369,
        "proj_y": 2419524.252
      }
    },
    {
      "type": "Feature",
      "geometry": {
        "type": "Point",
        "coordinates": [
          84.0637858,
          21.8535168
        ]
      },
      "properties": {
        "status": "dead",
        "confidence": 0.9979,
        "proj_x": 196514.5289,
        "proj_y": 2419509.8198
      }
    },
    {
      "type": "Feature",
      "geometry": {
        "type": "Point",
        "coordinates": [
          84.0636927,
          21.8534157
        ]
      },
      "properties": {
        "status": "dead",
        "confidence": 1.0,
        "proj_x": 196504.6934,
        "proj_y": 2419498.8031
      }
    },
    {
      "type": "Feature",
      "geometry": {
        "type": "Point",
        "coordinates": [
          84.0636065,
          21.8535384
        ]
      },
      "properties": {
        "status": "dead",
        "confidence": 0.4943,
        "proj_x": 196496.0393,
        "proj_y": 2419512.5676
      }
    },
    {
      "type": "Feature",
      "geometry": {
        "type": "Point",
        "coordinates": [
          84.0636961,
          21.8534704
        ]
      },
      "properties": {
        "status": "dead",
        "confidence": 0.4943,
        "proj_x": 196505.1557,
        "proj_y": 2419504.8636
      }
    },
    {
      "type": "Feature",
      "geometry": {
        "type": "Point",
        "coordinates": [
          84.06375,
          21.8533337
        ]
      },
      "properties": {
        "status": "dead",
        "confidence": 0.9999,
        "proj_x": 196510.4458,
        "proj_y": 2419489.6097
      }
    },
    {
      "type": "Feature",
      "geometry": {
        "type": "Point",
        "coordinates": [
          84.0637258,
          21.8533507
        ]
      },
      "properties": {
        "status": "dead",
        "confidence": 1.0,
        "proj_x": 196507.9805,
        "proj_y": 2419491.5357
      }
    },
    {
      "type": "Feature",
      "geometry": {
        "type": "Point",
        "coordinates": [
          84.0638026,
          21.8535071
        ]
      },
      "properties": {
        "status": "dead",
        "confidence": 0.9982,
        "proj_x": 196516.2494,
        "proj_y": 2419508.7156
      }
    },
    {
      "type": "Feature",
      "geometry": {
        "type": "Point",
        "coordinates": [
          84.0636556,
          21.8534954
        ]
      },
      "properties": {
        "status": "dead",
        "confidence": 0.4943,
        "proj_x": 196501.0212,
        "proj_y": 2419507.7141
      }
    },
    {
      "type": "Feature",
      "geometry": {
        "type": "Point",
        "coordinates": [
          84.0636991,
          21.8535518
        ]
      },
      "properties": {
        "status": "dead",
        "confidence": 0.4943,
        "proj_x": 196505.6436,
        "proj_y": 2419513.8773
      }
    },
    {
      "type": "Feature",
      "geometry": {
        "type": "Point",
        "coordinates": [
          84.0677176,
          21.8531469
        ]
      },
      "properties": {
        "status": "dead",
        "confidence": 0.4943,
        "proj_x": 196920.4013,
        "proj_y": 2419461.0792
      }
    },
    {
      "type": "Feature",
      "geometry": {
        "type": "Point",
        "coordinates": [
          84.0677496,
          21.852746
        ]
      },
      "properties": {
        "status": "dead",
        "confidence": 0.4943,
        "proj_x": 196922.8666,
        "proj_y": 2419416.6014
      }
    },
    {
      "type": "Feature",
      "geometry": {
        "type": "Point",
        "coordinates": [
          84.0676588,
          21.8529643
        ]
      },
      "properties": {
        "status": "dead",
        "confidence": 0.4943,
        "proj_x": 196913.9299,
        "proj_y": 2419440.9717
      }
    },
    {
      "type": "Feature",
      "geometry": {
        "type": "Point",
        "coordinates": [
          84.067695,
          21.8531981
        ]
      },
      "properties": {
        "status": "dead",
        "confidence": 0.4943,
        "proj_x": 196918.1671,
        "proj_y": 2419466.8058
      }
    },
    {
      "type": "Feature",
      "geometry": {
        "type": "Point",
        "coordinates": [
          84.0677873,
          21.8528815
        ]
      },
      "properties": {
        "status": "dead",
        "confidence": 0.4943,
        "proj_x": 196927.0524,
        "proj_y": 2419431.5472
      }
    },
    {
      "type": "Feature",
      "geometry": {
        "type": "Point",
        "coordinates": [
          84.067863,
          21.8527867
        ]
      },
      "properties": {
        "status": "dead",
        "confidence": 0.4943,
        "proj_x": 196934.6793,
        "proj_y": 2419420.89
      }
    },
    {
      "type": "Feature",
      "geometry": {
        "type": "Point",
        "coordinates": [
          84.0676247,
          21.8531749
        ]
      },
      "properties": {
        "status": "dead",
        "confidence": 0.4943,
        "proj_x": 196910.8483,
        "proj_y": 2419464.3662
      }
    },
    {
      "type": "Feature",
      "geometry": {
        "type": "Point",
        "coordinates": [
          84.0677907,
          21.8528635
        ]
      },
      "properties": {
        "status": "dead",
        "confidence": 0.4943,
        "proj_x": 196927.3606,
        "proj_y": 2419429.5441
      }
    },
    {
      "type": "Feature",
      "geometry": {
        "type": "Point",
        "coordinates": [
          84.0678015,
          21.8530262
        ]
      },
      "properties": {
        "status": "dead",
        "confidence": 0.4943,
        "proj_x": 196928.8243,
        "proj_y": 2419447.5458
      }
    },
    {
      "type": "Feature",
      "geometry": {
        "type": "Point",
        "coordinates": [
          84.0678768,
          21.8529751
        ]
      },
      "properties": {
        "status": "dead",
        "confidence": 0.4943,
        "proj_x": 196936.5026,
        "proj_y": 2419441.7421
      }
    },
    {
      "type": "Feature",
      "geometry": {
        "type": "Point",
        "coordinates": [
          84.0676239,
          21.853249
        ]
      },
      "properties": {
        "status": "dead",
        "confidence": 0.4943,
        "proj_x": 196910.9254,
        "proj_y": 2419472.5838
      }
    },
    {
      "type": "Feature",
      "geometry": {
        "type": "Point",
        "coordinates": [
          84.0678819,
          21.8529449
        ]
      },
      "properties": {
        "status": "dead",
        "confidence": 0.4943,
        "proj_x": 196936.9649,
        "proj_y": 2419438.3781
      }
    },
    {
      "type": "Feature",
      "geometry": {
        "type": "Point",
        "coordinates": [
          84.0677792,
          21.8533415
        ]
      },
      "properties": {
        "status": "dead",
        "confidence": 0.4943,
        "proj_x": 196927.1808,
        "proj_y": 2419482.522
      }
    },
    {
      "type": "Feature",
      "geometry": {
        "type": "Point",
        "coordinates": [
          84.0678338,
          21.8529188
        ]
      },
      "properties": {
        "status": "dead",
        "confidence": 0.4943,
        "proj_x": 196931.9316,
        "proj_y": 2419435.5789
      }
    },
    {
      "type": "Feature",
      "geometry": {
        "type": "Point",
        "coordinates": [
          84.06795,
          21.8528316
        ]
      },
      "properties": {
        "status": "dead",
        "confidence": 0.4943,
        "proj_x": 196943.7701,
        "proj_y": 2419425.6921
      }
    },
    {
      "type": "Feature",
      "geometry": {
        "type": "Point",
        "coordinates": [
          84.0678442,
          21.8529646
        ]
      },
      "properties": {
        "status": "dead",
        "confidence": 0.4943,
        "proj_x": 196933.1129,
        "proj_y": 2419440.6379
      }
    },
    {
      "type": "Feature",
      "geometry": {
        "type": "Point",
        "coordinates": [
          84.0676522,
          21.8532841
        ]
      },
      "properties": {
        "status": "dead",
        "confidence": 0.4943,
        "proj_x": 196913.9299,
        "proj_y": 2419476.4101
      }
    },
    {
      "type": "Feature",
      "geometry": {
        "type": "Point",
        "coordinates": [
          84.0677026,
          21.8533114
        ]
      },
      "properties": {
        "status": "dead",
        "confidence": 0.4943,
        "proj_x": 196919.1943,
        "proj_y": 2419479.3377
      }
    },
    {
      "type": "Feature",
      "geometry": {
        "type": "Point",
        "coordinates": [
          84.06774,
          21.8530826
        ]
      },
      "properties": {
        "status": "dead",
        "confidence": 0.4943,
        "proj_x": 196922.5841,
        "proj_y": 2419453.9145
      }
    },
    {
      "type": "Feature",
      "geometry": {
        "type": "Point",
        "coordinates": [
          84.0677322,
          21.8527271
        ]
      },
      "properties": {
        "status": "dead",
        "confidence": 0.4943,
        "proj_x": 196921.0176,
        "proj_y": 2419414.547
      }
    },
    {
      "type": "Feature",
      "geometry": {
        "type": "Point",
        "coordinates": [
          84.0677443,
          21.8530574
        ]
      },
      "properties": {
        "status": "dead",
        "confidence": 0.4943,
        "proj_x": 196922.9693,
        "proj_y": 2419451.1153
      }
    },
    {
      "type": "Feature",
      "geometry": {
        "type": "Point",
        "coordinates": [
          84.0677577,
          21.8533464
        ]
      },
      "properties": {
        "status": "dead",
        "confidence": 0.4943,
        "proj_x": 196924.9723,
        "proj_y": 2419483.1126
      }
    },
    {
      "type": "Feature",
      "geometry": {
        "type": "Point",
        "coordinates": [
          84.067779,
          21.8529977
        ]
      },
      "properties": {
        "status": "dead",
        "confidence": 0.4943,
        "proj_x": 196926.4361,
        "proj_y": 2419444.4385
      }
    },
    {
      "type": "Feature",
      "geometry": {
        "type": "Point",
        "coordinates": [
          84.0678276,
          21.8527321
        ]
      },
      "properties": {
        "status": "dead",
        "confidence": 0.4943,
        "proj_x": 196930.9044,
        "proj_y": 2419414.9065
      }
    },
    {
      "type": "Feature",
      "geometry": {
        "type": "Point",
        "coordinates": [
          84.0677999,
          21.8528403
        ]
      },
      "properties": {
        "status": "dead",
        "confidence": 0.4943,
        "proj_x": 196928.2594,
        "proj_y": 2419426.9505
      }
    },
    {
      "type": "Feature",
      "geometry": {
        "type": "Point",
        "coordinates": [
          84.0678259,
          21.8530973
        ]
      },
      "properties": {
        "status": "dead",
        "confidence": 0.4943,
        "proj_x": 196931.495,
        "proj_y": 2419455.3782
      }
    },
    {
      "type": "Feature",
      "geometry": {
        "type": "Point",
        "coordinates": [
          84.0676612,
          21.8531475
        ]
      },
      "properties": {
        "status": "dead",
        "confidence": 0.4943,
        "proj_x": 196914.5719,
        "proj_y": 2419461.2589
      }
    },
    {
      "type": "Feature",
      "geometry": {
        "type": "Point",
        "coordinates": [
          84.067779,
          21.8527326
        ]
      },
      "properties": {
        "status": "dead",
        "confidence": 0.4943,
        "proj_x": 196925.8711,
        "proj_y": 2419415.0606
      }
    },
    {
      "type": "Feature",
      "geometry": {
        "type": "Point",
        "coordinates": [
          84.0678292,
          21.852825
        ]
      },
      "properties": {
        "status": "dead",
        "confidence": 0.4943,
        "proj_x": 196931.2639,
        "proj_y": 2419425.2042
      }
    },
    {
      "type": "Feature",
      "geometry": {
        "type": "Point",
        "coordinates": [
          84.0676883,
          21.8532432
        ]
      },
      "properties": {
        "status": "dead",
        "confidence": 0.4943,
        "proj_x": 196917.5765,
        "proj_y": 2419471.8134
      }
    },
    {
      "type": "Feature",
      "geometry": {
        "type": "Point",
        "coordinates": [
          84.0677884,
          21.8529759
        ]
      },
      "properties": {
        "status": "dead",
        "confidence": 0.4943,
        "proj_x": 196927.3606,
        "proj_y": 2419441.9989
      }
    },
    {
      "type": "Feature",
      "geometry": {
        "type": "Point",
        "coordinates": [
          84.0676269,
          21.8528133
        ]
      },
      "properties": {
        "status": "dead",
        "confidence": 0.4943,
        "proj_x": 196910.309,
        "proj_y": 2419424.3054
      }
    },
    {
      "type": "Feature",
      "geometry": {
        "type": "Point",
        "coordinates": [
          84.067917,
          21.8527965
        ]
      },
      "properties": {
        "status": "dead",
        "confidence": 0.4943,
        "proj_x": 196940.2776,
        "proj_y": 2419421.8658
      }
    },
    {
      "type": "Feature",
      "geometry": {
        "type": "Point",
        "coordinates": [
          84.0676864,
          21.8528392
        ]
      },
      "properties": {
        "status": "dead",
        "confidence": 0.4943,
        "proj_x": 196916.5236,
        "proj_y": 2419427.0532
      }
    },
    {
      "type": "Feature",
      "geometry": {
        "type": "Point",
        "coordinates": [
          84.0678393,
          21.8530232
        ]
      },
      "properties": {
        "status": "dead",
        "confidence": 0.4943,
        "proj_x": 196932.7277,
        "proj_y": 2419447.1349
      }
    },
    {
      "type": "Feature",
      "geometry": {
        "type": "Point",
        "coordinates": [
          84.0677594,
          21.852996
        ]
      },
      "properties": {
        "status": "dead",
        "confidence": 0.4943,
        "proj_x": 196924.4073,
        "proj_y": 2419444.2845
      }
    },
    {
      "type": "Feature",
      "geometry": {
        "type": "Point",
        "coordinates": [
          84.0679273,
          21.852871
        ]
      },
      "properties": {
        "status": "dead",
        "confidence": 0.4943,
        "proj_x": 196941.5102,
        "proj_y": 2419430.1091
      }
    },
    {
      "type": "Feature",
      "geometry": {
        "type": "Point",
        "coordinates": [
          84.0677651,
          21.8527662
        ]
      },
      "properties": {
        "status": "dead",
        "confidence": 0.4943,
        "proj_x": 196924.5101,
        "proj_y": 2419418.8099
      }
    },
    {
      "type": "Feature",
      "geometry": {
        "type": "Point",
        "coordinates": [
          84.0678173,
          21.8530564
        ]
      },
      "properties": {
        "status": "dead",
        "confidence": 0.4943,
        "proj_x": 196930.5192,
        "proj_y": 2419450.8585
      }
    },
    {
      "type": "Feature",
      "geometry": {
        "type": "Point",
        "coordinates": [
          84.0677219,
          21.853118
        ]
      },
      "properties": {
        "status": "dead",
        "confidence": 0.4943,
        "proj_x": 196920.7865,
        "proj_y": 2419457.8692
      }
    },
    {
      "type": "Feature",
      "geometry": {
        "type": "Point",
        "coordinates": [
          84.0679426,
          21.8527816
        ]
      },
      "properties": {
        "status": "dead",
        "confidence": 0.4943,
        "proj_x": 196942.8969,
        "proj_y": 2419420.1709
      }
    },
    {
      "type": "Feature",
      "geometry": {
        "type": "Point",
        "coordinates": [
          84.0677502,
          21.8532663
        ]
      },
      "properties": {
        "status": "dead",
        "confidence": 0.4943,
        "proj_x": 196924.0222,
        "proj_y": 2419474.253
      }
    },
    {
      "type": "Feature",
      "geometry": {
        "type": "Point",
        "coordinates": [
          84.0676646,
          21.8527876
        ]
      },
      "properties": {
        "status": "dead",
        "confidence": 0.4943,
        "proj_x": 196914.161,
        "proj_y": 2419421.3779
      }
    },
    {
      "type": "Feature",
      "geometry": {
        "type": "Point",
        "coordinates": [
          84.0677438,
          21.8533592
        ]
      },
      "properties": {
        "status": "dead",
        "confidence": 0.4943,
        "proj_x": 196923.5599,
        "proj_y": 2419484.5507
      }
    },
    {
      "type": "Feature",
      "geometry": {
        "type": "Point",
        "coordinates": [
          84.0679544,
          21.8526889
        ]
      },
      "properties": {
        "status": "dead",
        "confidence": 0.4943,
        "proj_x": 196943.9242,
        "proj_y": 2419409.8733
      }
    },
    {
      "type": "Feature",
      "geometry": {
        "type": "Point",
        "coordinates": [
          84.0677951,
          21.8531359
        ]
      },
      "properties": {
        "status": "dead",
        "confidence": 0.4943,
        "proj_x": 196928.3877,
        "proj_y": 2419459.7181
      }
    },
    {
      "type": "Feature",
      "geometry": {
        "type": "Point",
        "coordinates": [
          84.0679783,
          21.852747
        ]
      },
      "properties": {
        "status": "dead",
        "confidence": 0.4943,
        "proj_x": 196946.5178,
        "proj_y": 2419416.2676
      }
    },
    {
      "type": "Feature",
      "geometry": {
        "type": "Point",
        "coordinates": [
          84.0676396,
          21.8533309
        ]
      },
      "properties": {
        "status": "dead",
        "confidence": 0.4943,
        "proj_x": 196912.7229,
        "proj_y": 2419481.6232
      }
    },
    {
      "type": "Feature",
      "geometry": {
        "type": "Point",
        "coordinates": [
          84.0678203,
          21.8529354
        ]
      },
      "properties": {
        "status": "dead",
        "confidence": 0.4943,
        "proj_x": 196930.5706,
        "proj_y": 2419437.4536
      }
    },
    {
      "type": "Feature",
      "geometry": {
        "type": "Point",
        "coordinates": [
          84.0678997,
          21.8529007
        ]
      },
      "properties": {
        "status": "dead",
        "confidence": 0.4943,
        "proj_x": 196938.7111,
        "proj_y": 2419433.4475
      }
    },
    {
      "type": "Feature",
      "geometry": {
        "type": "Point",
        "coordinates": [
          84.0676866,
          21.8528552
        ]
      },
      "properties": {
        "status": "dead",
        "confidence": 0.4943,
        "proj_x": 196916.575,
        "proj_y": 2419428.8251
      }
    },
    {
      "type": "Feature",
      "geometry": {
        "type": "Point",
        "coordinates": [
          84.067869,
          21.8527476
        ]
      },
      "properties": {
        "status": "dead",
        "confidence": 0.4943,
        "proj_x": 196935.2186,
        "proj_y": 2419416.5501
      }
    },
    {
      "type": "Feature",
      "geometry": {
        "type": "Point",
        "coordinates": [
          84.0678455,
          21.8527801
        ]
      },
      "properties": {
        "status": "dead",
        "confidence": 0.4943,
        "proj_x": 196932.8561,
        "proj_y": 2419420.1966
      }
    },
    {
      "type": "Feature",
      "geometry": {
        "type": "Point",
        "coordinates": [
          84.0678733,
          21.8528063
        ]
      },
      "properties": {
        "status": "dead",
        "confidence": 0.4943,
        "proj_x": 196935.7836,
        "proj_y": 2419423.0471
      }
    },
    {
      "type": "Feature",
      "geometry": {
        "type": "Point",
        "coordinates": [
          84.0678348,
          21.8529892
        ]
      },
      "properties": {
        "status": "dead",
        "confidence": 0.4943,
        "proj_x": 196932.1884,
        "proj_y": 2419443.3857
      }
    },
    {
      "type": "Feature",
      "geometry": {
        "type": "Point",
        "coordinates": [
          84.067704,
          21.8530822
        ]
      },
      "properties": {
        "status": "dead",
        "confidence": 0.4943,
        "proj_x": 196918.8605,
        "proj_y": 2419453.9401
      }
    },
    {
      "type": "Feature",
      "geometry": {
        "type": "Point",
        "coordinates": [
          84.0678825,
          21.8527831
        ]
      },
      "properties": {
        "status": "dead",
        "confidence": 0.4943,
        "proj_x": 196936.6824,
        "proj_y": 2419420.4534
      }
    },
    {
      "type": "Feature",
      "geometry": {
        "type": "Point",
        "coordinates": [
          84.0677221,
          21.8533391
        ]
      },
      "properties": {
        "status": "dead",
        "confidence": 0.4943,
        "proj_x": 196921.2744,
        "proj_y": 2419482.3679
      }
    },
    {
      "type": "Feature",
      "geometry": {
        "type": "Point",
        "coordinates": [
          84.0676225,
          21.8533429
        ]
      },
      "properties": {
        "status": "dead",
        "confidence": 0.4943,
        "proj_x": 196910.9767,
        "proj_y": 2419482.9842
      }
    },
    {
      "type": "Feature",
      "geometry": {
        "type": "Point",
        "coordinates": [
          84.0678926,
          21.8527235
        ]
      },
      "properties": {
        "status": "dead",
        "confidence": 0.4943,
        "proj_x": 196937.6069,
        "proj_y": 2419413.828
      }
    },
    {
      "type": "Feature",
      "geometry": {
        "type": "Point",
        "coordinates": [
          84.0678308,
          21.8532576
        ]
      },
      "properties": {
        "status": "dead",
        "confidence": 0.4943,
        "proj_x": 196932.3425,
        "proj_y": 2419473.1231
      }
    },
    {
      "type": "Feature",
      "geometry": {
        "type": "Point",
        "coordinates": [
          84.0678441,
          21.8528726
        ]
      },
      "properties": {
        "status": "dead",
        "confidence": 0.4943,
        "proj_x": 196932.9074,
        "proj_y": 2419430.4429
      }
    },
    {
      "type": "Feature",
      "geometry": {
        "type": "Point",
        "coordinates": [
          84.0679377,
          21.8527398
        ]
      },
      "properties": {
        "status": "dead",
        "confidence": 0.4943,
        "proj_x": 196942.3063,
        "proj_y": 2419415.5485
      }
    },
    {
      "type": "Feature",
      "geometry": {
        "type": "Point",
        "coordinates": [
          84.0678101,
          21.8533006
        ]
      },
      "properties": {
        "status": "dead",
        "confidence": 0.4943,
        "proj_x": 196930.2881,
        "proj_y": 2419477.9253
      }
    },
    {
      "type": "Feature",
      "geometry": {
        "type": "Point",
        "coordinates": [
          84.0678063,
          21.8530733
        ]
      },
      "properties": {
        "status": "dead",
        "confidence": 0.4943,
        "proj_x": 196929.415,
        "proj_y": 2419452.7589
      }
    },
    {
      "type": "Feature",
      "geometry": {
        "type": "Point",
        "coordinates": [
          84.0678292,
          21.8531282
        ]
      },
      "properties": {
        "status": "dead",
        "confidence": 0.4943,
        "proj_x": 196931.9059,
        "proj_y": 2419458.7937
      }
    },
    {
      "type": "Feature",
      "geometry": {
        "type": "Point",
        "coordinates": [
          84.0676665,
          21.853231
        ]
      },
      "properties": {
        "status": "dead",
        "confidence": 0.4943,
        "proj_x": 196915.2909,
        "proj_y": 2419470.5037
      }
    },
    {
      "type": "Feature",
      "geometry": {
        "type": "Point",
        "coordinates": [
          84.0679323,
          21.8529189
        ]
      },
      "properties": {
        "status": "dead",
        "confidence": 0.4943,
        "proj_x": 196942.1266,
        "proj_y": 2419435.3992
      }
    },
    {
      "type": "Feature",
      "geometry": {
        "type": "Point",
        "coordinates": [
          84.067865,
          21.8530785
        ]
      },
      "properties": {
        "status": "dead",
        "confidence": 0.4943,
        "proj_x": 196935.5011,
        "proj_y": 2419453.2211
      }
    },
    {
      "type": "Feature",
      "geometry": {
        "type": "Point",
        "coordinates": [
          84.0639626,
          21.8536963
        ]
      },
      "properties": {
        "status": "dead",
        "confidence": 0.4943,
        "proj_x": 196533.1982,
        "proj_y": 2419529.3623
      }
    },
    {
      "type": "Feature",
      "geometry": {
        "type": "Point",
        "coordinates": [
          84.0639461,
          21.8536309
        ]
      },
      "properties": {
        "status": "dead",
        "confidence": 0.4943,
        "proj_x": 196531.3493,
        "proj_y": 2419522.1462
      }
    },
    {
      "type": "Feature",
      "geometry": {
        "type": "Point",
        "coordinates": [
          84.0641703,
          21.8534464
        ]
      },
      "properties": {
        "status": "dead",
        "confidence": 0.965,
        "proj_x": 196554.1531,
        "proj_y": 2419501.2684
      }
    },
    {
      "type": "Feature",
      "geometry": {
        "type": "Point",
        "coordinates": [
          84.0642673,
          21.853368
        ]
      },
      "properties": {
        "status": "dead",
        "confidence": 0.7464,
        "proj_x": 196564.0142,
        "proj_y": 2419492.3831
      }
    },
    {
      "type": "Feature",
      "geometry": {
        "type": "Point",
        "coordinates": [
          84.0642521,
          21.8534275
        ]
      },
      "properties": {
        "status": "dead",
        "confidence": 0.9994,
        "proj_x": 196562.5762,
        "proj_y": 2419499.0085
      }
    },
    {
      "type": "Feature",
      "geometry": {
        "type": "Point",
        "coordinates": [
          84.0642191,
          21.853454
        ]
      },
      "properties": {
        "status": "dead",
        "confidence": 1.0,
        "proj_x": 196559.2121,
        "proj_y": 2419502.0131
      }
    },
    {
      "type": "Feature",
      "geometry": {
        "type": "Point",
        "coordinates": [
          84.0639655,
          21.8533498
        ]
      },
      "properties": {
        "status": "dead",
        "confidence": 1.0,
        "proj_x": 196532.7617,
        "proj_y": 2419490.9707
      }
    },
    {
      "type": "Feature",
      "geometry": {
        "type": "Point",
        "coordinates": [
          84.0640249,
          21.8533226
        ]
      },
      "properties": {
        "status": "dead",
        "confidence": 1.0,
        "proj_x": 196538.8478,
        "proj_y": 2419487.8377
      }
    },
    {
      "type": "Feature",
      "geometry": {
        "type": "Point",
        "coordinates": [
          84.0639082,
          21.8533669
        ]
      },
      "properties": {
        "status": "dead",
        "confidence": 1.0,
        "proj_x": 196526.8809,
        "proj_y": 2419492.9737
      }
    },
    {
      "type": "Feature",
      "geometry": {
        "type": "Point",
        "coordinates": [
          84.0642445,
          21.8533896
        ]
      },
      "properties": {
        "status": "dead",
        "confidence": 1.0,
        "proj_x": 196561.703,
        "proj_y": 2419494.8227
      }
    },
    {
      "type": "Feature",
      "geometry": {
        "type": "Point",
        "coordinates": [
          84.0644745,
          21.8535545
        ]
      },
      "properties": {
        "status": "dead",
        "confidence": 0.9989,
        "proj_x": 196585.8422,
        "proj_y": 2419512.6446
      }
    },
    {
      "type": "Feature",
      "geometry": {
        "type": "Point",
        "coordinates": [
          84.0646029,
          21.8534069
        ]
      },
      "properties": {
        "status": "dead",
        "confidence": 1.0,
        "proj_x": 196598.8106,
        "proj_y": 2419496.0297
      }
    },
    {
      "type": "Feature",
      "geometry": {
        "type": "Point",
        "coordinates": [
          84.064478,
          21.8536366
        ]
      },
      "properties": {
        "status": "dead",
        "confidence": 0.9996,
        "proj_x": 196586.3815,
        "proj_y": 2419521.7353
      }
    },
    {
      "type": "Feature",
      "geometry": {
        "type": "Point",
        "coordinates": [
          84.0639073,
          21.8536826
        ]
      },
      "properties": {
        "status": "dead",
        "confidence": 0.4943,
        "proj_x": 196527.4459,
        "proj_y": 2419527.9499
      }
    },
    {
      "type": "Feature",
      "geometry": {
        "type": "Point",
        "coordinates": [
          84.063905,
          21.8534401
        ]
      },
      "properties": {
        "status": "dead",
        "confidence": 1.0,
        "proj_x": 196526.7012,
        "proj_y": 2419501.0886
      }
    },
    {
      "type": "Feature",
      "geometry": {
        "type": "Point",
        "coordinates": [
          84.0644604,
          21.8538429
        ]
      },
      "properties": {
        "status": "dead",
        "confidence": 0.7506,
        "proj_x": 196584.9948,
        "proj_y": 2419544.6162
      }
    },
    {
      "type": "Feature",
      "geometry": {
        "type": "Point",
        "coordinates": [
          84.0645999,
          21.8539422
        ]
      },
      "properties": {
        "status": "dead",
        "confidence": 1.0,
        "proj_x": 196599.6324,
        "proj_y": 2419555.3505
      }
    },
    {
      "type": "Feature",
      "geometry": {
        "type": "Point",
        "coordinates": [
          84.0640084,
          21.8535337
        ]
      },
      "properties": {
        "status": "no_sapling",
        "confidence": 0.9902,
        "proj_x": 196537.5895,
        "proj_y": 2419511.2579
      }
    },
    {
      "type": "Feature",
      "geometry": {
        "type": "Point",
        "coordinates": [
          84.0644108,
          21.8538872
        ]
      },
      "properties": {
        "status": "dead",
        "confidence": 0.4943,
        "proj_x": 196579.9615,
        "proj_y": 2419549.6238
      }
    },
    {
      "type": "Feature",
      "geometry": {
        "type": "Point",
        "coordinates": [
          84.0643983,
          21.8536617
        ]
      },
      "properties": {
        "status": "dead",
        "confidence": 0.8671,
        "proj_x": 196578.1896,
        "proj_y": 2419524.6629
      }
    },
    {
      "type": "Feature",
      "geometry": {
        "type": "Point",
        "coordinates": [
          84.0647406,
          21.8538256
        ]
      },
      "properties": {
        "status": "dead",
        "confidence": 1.0,
        "proj_x": 196613.9361,
        "proj_y": 2419542.1509
      }
    },
    {
      "type": "Feature",
      "geometry": {
        "type": "Point",
        "coordinates": [
          84.0651095,
          21.8535508
        ]
      },
      "properties": {
        "status": "dead",
        "confidence": 1.0,
        "proj_x": 196651.506,
        "proj_y": 2419510.9754
      }
    },
    {
      "type": "Feature",
      "geometry": {
        "type": "Point",
        "coordinates": [
          84.065134,
          21.8538196
        ]
      },
      "properties": {
        "status": "dead",
        "confidence": 1.0,
        "proj_x": 196654.6133,
        "proj_y": 2419540.7129
      }
    },
    {
      "type": "Feature",
      "geometry": {
        "type": "Point",
        "coordinates": [
          84.0648267,
          21.8538019
        ]
      },
      "properties": {
        "status": "no_sapling",
        "confidence": 0.6279,
        "proj_x": 196622.7957,
        "proj_y": 2419539.3518
      }
    },
    {
      "type": "Feature",
      "geometry": {
        "type": "Point",
        "coordinates": [
          84.064873,
          21.8538203
        ]
      },
      "properties": {
        "status": "dead",
        "confidence": 0.9998,
        "proj_x": 196627.6236,
        "proj_y": 2419541.3035
      }
    },
    {
      "type": "Feature",
      "geometry": {
        "type": "Point",
        "coordinates": [
          84.0651352,
          21.8535167
        ]
      },
      "properties": {
        "status": "dead",
        "confidence": 0.9995,
        "proj_x": 196654.0997,
        "proj_y": 2419507.1491
      }
    },
    {
      "type": "Feature",
      "geometry": {
        "type": "Point",
        "coordinates": [
          84.0652967,
          21.8537326
        ]
      },
      "properties": {
        "status": "dead",
        "confidence": 1.0,
        "proj_x": 196671.2539,
        "proj_y": 2419530.749
      }
    },
    {
      "type": "Feature",
      "geometry": {
        "type": "Point",
        "coordinates": [
          84.0652872,
          21.853579
        ]
      },
      "properties": {
        "status": "dead",
        "confidence": 0.9999,
        "proj_x": 196669.9442,
        "proj_y": 2419513.7489
      }
    },
    {
      "type": "Feature",
      "geometry": {
        "type": "Point",
        "coordinates": [
          84.0651257,
          21.8537156
        ]
      },
      "properties": {
        "status": "dead",
        "confidence": 1.0,
        "proj_x": 196653.5347,
        "proj_y": 2419529.2082
      }
    },
    {
      "type": "Feature",
      "geometry": {
        "type": "Point",
        "coordinates": [
          84.0651479,
          21.8538794
        ]
      },
      "properties": {
        "status": "dead",
        "confidence": 1.0,
        "proj_x": 196656.1798,
        "proj_y": 2419547.3126
      }
    },
    {
      "type": "Feature",
      "geometry": {
        "type": "Point",
        "coordinates": [
          84.0653186,
          21.8534629
        ]
      },
      "properties": {
        "status": "dead",
        "confidence": 1.0,
        "proj_x": 196672.9488,
        "proj_y": 2419500.8318
      }
    },
    {
      "type": "Feature",
      "geometry": {
        "type": "Point",
        "coordinates": [
          84.0650544,
          21.8535241
        ]
      },
      "properties": {
        "status": "dead",
        "confidence": 1.0,
        "proj_x": 196645.7537,
        "proj_y": 2419508.1249
      }
    },
    {
      "type": "Feature",
      "geometry": {
        "type": "Point",
        "coordinates": [
          84.0651487,
          21.8537939
        ]
      },
      "properties": {
        "status": "dead",
        "confidence": 1.0,
        "proj_x": 196656.077,
        "proj_y": 2419537.8367
      }
    },
    {
      "type": "Feature",
      "geometry": {
        "type": "Point",
        "coordinates": [
          84.0652881,
          21.8536893
        ]
      },
      "properties": {
        "status": "dead",
        "confidence": 1.0,
        "proj_x": 196670.2781,
        "proj_y": 2419525.9725
      }
    },
    {
      "type": "Feature",
      "geometry": {
        "type": "Point",
        "coordinates": [
          84.0651959,
          21.8538288
        ]
      },
      "properties": {
        "status": "dead",
        "confidence": 1.0,
        "proj_x": 196661.0333,
        "proj_y": 2419541.6117
      }
    },
    {
      "type": "Feature",
      "geometry": {
        "type": "Point",
        "coordinates": [
          84.0651764,
          21.8537974
        ]
      },
      "properties": {
        "status": "dead",
        "confidence": 1.0,
        "proj_x": 196658.9532,
        "proj_y": 2419538.1705
      }
    },
    {
      "type": "Feature",
      "geometry": {
        "type": "Point",
        "coordinates": [
          84.0651837,
          21.8536478
        ]
      },
      "properties": {
        "status": "dead",
        "confidence": 1.0,
        "proj_x": 196659.3898,
        "proj_y": 2419521.5813
      }
    },
    {
      "type": "Feature",
      "geometry": {
        "type": "Point",
        "coordinates": [
          84.0652179,
          21.8537711
        ]
      },
      "properties": {
        "status": "dead",
        "confidence": 1.0,
        "proj_x": 196663.1904,
        "proj_y": 2419535.166
      }
    },
    {
      "type": "Feature",
      "geometry": {
        "type": "Point",
        "coordinates": [
          84.0653374,
          21.8536981
        ]
      },
      "properties": {
        "status": "dead",
        "confidence": 1.0,
        "proj_x": 196675.3884,
        "proj_y": 2419526.8457
      }
    },
    {
      "type": "Feature",
      "geometry": {
        "type": "Point",
        "coordinates": [
          84.0653501,
          21.8536473
        ]
      },
      "properties": {
        "status": "dead",
        "confidence": 1.0,
        "proj_x": 196676.5954,
        "proj_y": 2419521.1961
      }
    },
    {
      "type": "Feature",
      "geometry": {
        "type": "Point",
        "coordinates": [
          84.064999,
          21.8535847
        ]
      },
      "properties": {
        "status": "dead",
        "confidence": 1.0,
        "proj_x": 196640.1554,
        "proj_y": 2419514.9558
      }
    },
    {
      "type": "Feature",
      "geometry": {
        "type": "Point",
        "coordinates": [
          84.0652991,
          21.8538469
        ]
      },
      "properties": {
        "status": "dead",
        "confidence": 1.0,
        "proj_x": 196671.7418,
        "proj_y": 2419543.4093
      }
    },
    {
      "type": "Feature",
      "geometry": {
        "type": "Point",
        "coordinates": [
          84.064961,
          21.8538789
        ]
      },
      "properties": {
        "status": "dead",
        "confidence": 1.0,
        "proj_x": 196636.8427,
        "proj_y": 2419547.6208
      }
    },
    {
      "type": "Feature",
      "geometry": {
        "type": "Point",
        "coordinates": [
          84.0651222,
          21.8533521
        ]
      },
      "properties": {
        "status": "dead",
        "confidence": 1.0,
        "proj_x": 196652.4048,
        "proj_y": 2419488.942
      }
    },
    {
      "type": "Feature",
      "geometry": {
        "type": "Point",
        "coordinates": [
          84.0648795,
          21.8536612
        ]
      },
      "properties": {
        "status": "dead",
        "confidence": 1.0,
        "proj_x": 196627.9574,
        "proj_y": 2419523.6613
      }
    },
    {
      "type": "Feature",
      "geometry": {
        "type": "Point",
        "coordinates": [
          84.0652604,
          21.8537581
        ]
      },
      "properties": {
        "status": "dead",
        "confidence": 1.0,
        "proj_x": 196667.556,
        "proj_y": 2419533.6509
      }
    },
    {
      "type": "Feature",
      "geometry": {
        "type": "Point",
        "coordinates": [
          84.0652714,
          21.8538895
        ]
      },
      "properties": {
        "status": "dead",
        "confidence": 0.9999,
        "proj_x": 196668.9684,
        "proj_y": 2419548.1857
      }
    },
    {
      "type": "Feature",
      "geometry": {
        "type": "Point",
        "coordinates": [
          84.065312,
          21.853772
        ]
      },
      "properties": {
        "status": "dead",
        "confidence": 1.0,
        "proj_x": 196672.9231,
        "proj_y": 2419535.0889
      }
    },
    {
      "type": "Feature",
      "geometry": {
        "type": "Point",
        "coordinates": [
          84.0651094,
          21.8539073
        ]
      },
      "properties": {
        "status": "dead",
        "confidence": 1.0,
        "proj_x": 196652.2507,
        "proj_y": 2419550.4713
      }
    },
    {
      "type": "Feature",
      "geometry": {
        "type": "Point",
        "coordinates": [
          84.0651917,
          21.8536955
        ]
      },
      "properties": {
        "status": "dead",
        "confidence": 1.0,
        "proj_x": 196660.3142,
        "proj_y": 2419526.8457
      }
    },
    {
      "type": "Feature",
      "geometry": {
        "type": "Point",
        "coordinates": [
          84.0652694,
          21.8538422
        ]
      },
      "properties": {
        "status": "dead",
        "confidence": 1.0,
        "proj_x": 196668.6602,
        "proj_y": 2419542.947
      }
    },
    {
      "type": "Feature",
      "geometry": {
        "type": "Point",
        "coordinates": [
          84.0653012,
          21.8536571
        ]
      },
      "properties": {
        "status": "dead",
        "confidence": 1.0,
        "proj_x": 196671.5621,
        "proj_y": 2419522.3773
      }
    },
    {
      "type": "Feature",
      "geometry": {
        "type": "Point",
        "coordinates": [
          84.0653208,
          21.85372
        ]
      },
      "properties": {
        "status": "dead",
        "confidence": 0.9999,
        "proj_x": 196673.7192,
        "proj_y": 2419529.3109
      }
    },
    {
      "type": "Feature",
      "geometry": {
        "type": "Point",
        "coordinates": [
          84.0652081,
          21.8537319
        ]
      },
      "properties": {
        "status": "dead",
        "confidence": 1.0,
        "proj_x": 196662.0862,
        "proj_y": 2419530.8517
      }
    },
    {
      "type": "Feature",
      "geometry": {
        "type": "Point",
        "coordinates": [
          84.0646534,
          21.8535621
        ]
      },
      "properties": {
        "status": "dead",
        "confidence": 0.9998,
        "proj_x": 196604.3575,
        "proj_y": 2419513.1325
      }
    },
    {
      "type": "Feature",
      "geometry": {
        "type": "Point",
        "coordinates": [
          84.0652064,
          21.8539099
        ]
      },
      "properties": {
        "status": "dead",
        "confidence": 1.0,
        "proj_x": 196662.2916,
        "proj_y": 2419550.574
      }
    },
    {
      "type": "Feature",
      "geometry": {
        "type": "Point",
        "coordinates": [
          84.0651483,
          21.8535325
        ]
      },
      "properties": {
        "status": "dead",
        "confidence": 1.0,
        "proj_x": 196655.4864,
        "proj_y": 2419508.8697
      }
    },
    {
      "type": "Feature",
      "geometry": {
        "type": "Point",
        "coordinates": [
          84.0651557,
          21.8538981
        ]
      },
      "properties": {
        "status": "dead",
        "confidence": 1.0,
        "proj_x": 196657.0272,
        "proj_y": 2419549.367
      }
    },
    {
      "type": "Feature",
      "geometry": {
        "type": "Point",
        "coordinates": [
          84.0651907,
          21.8536718
        ]
      },
      "properties": {
        "status": "dead",
        "confidence": 1.0,
        "proj_x": 196660.1602,
        "proj_y": 2419524.2263
      }
    },
    {
      "type": "Feature",
      "geometry": {
        "type": "Point",
        "coordinates": [
          84.0652129,
          21.8536664
        ]
      },
      "properties": {
        "status": "dead",
        "confidence": 1.0,
        "proj_x": 196662.4457,
        "proj_y": 2419523.5843
      }
    },
    {
      "type": "Feature",
      "geometry": {
        "type": "Point",
        "coordinates": [
          84.0652665,
          21.8538709
        ]
      },
      "properties": {
        "status": "dead",
        "confidence": 1.0,
        "proj_x": 196668.4291,
        "proj_y": 2419546.1313
      }
    },
    {
      "type": "Feature",
      "geometry": {
        "type": "Point",
        "coordinates": [
          84.0650743,
          21.8536788
        ]
      },
      "properties": {
        "status": "dead",
        "confidence": 1.0,
        "proj_x": 196648.1419,
        "proj_y": 2419525.2278
      }
    },
    {
      "type": "Feature",
      "geometry": {
        "type": "Point",
        "coordinates": [
          84.0652555,
          21.8536718
        ]
      },
      "properties": {
        "status": "dead",
        "confidence": 1.0,
        "proj_x": 196666.8626,
        "proj_y": 2419524.0979
      }
    },
    {
      "type": "Feature",
      "geometry": {
        "type": "Point",
        "coordinates": [
          84.0652234,
          21.8538662
        ]
      },
      "properties": {
        "status": "dead",
        "confidence": 0.9991,
        "proj_x": 196663.9608,
        "proj_y": 2419545.6948
      }
    },
    {
      "type": "Feature",
      "geometry": {
        "type": "Point",
        "coordinates": [
          84.0650434,
          21.8535767
        ]
      },
      "properties": {
        "status": "dead",
        "confidence": 1.0,
        "proj_x": 196644.7265,
        "proj_y": 2419513.98
      }
    },
    {
      "type": "Feature",
      "geometry": {
        "type": "Point",
        "coordinates": [
          84.0649647,
          21.8535521
        ]
      },
      "properties": {
        "status": "dead",
        "confidence": 1.0,
        "proj_x": 196636.5346,
        "proj_y": 2419511.412
      }
    },
    {
      "type": "Feature",
      "geometry": {
        "type": "Point",
        "coordinates": [
          84.0650105,
          21.853947
        ]
      },
      "properties": {
        "status": "dead",
        "confidence": 0.999,
        "proj_x": 196642.1071,
        "proj_y": 2419555.068
      }
    },
    {
      "type": "Feature",
      "geometry": {
        "type": "Point",
        "coordinates": [
          84.0653425,
          21.8537132
        ]
      },
      "properties": {
        "status": "dead",
        "confidence": 1.0,
        "proj_x": 196675.9533,
        "proj_y": 2419528.5149
      }
    },
    {
      "type": "Feature",
      "geometry": {
        "type": "Point",
        "coordinates": [
          84.06499,
          21.8535422
        ]
      },
      "properties": {
        "status": "dead",
        "confidence": 0.9999,
        "proj_x": 196639.1282,
        "proj_y": 2419510.2564
      }
    },
    {
      "type": "Feature",
      "geometry": {
        "type": "Point",
        "coordinates": [
          84.0653482,
          21.8535228
        ]
      },
      "properties": {
        "status": "dead",
        "confidence": 1.0,
        "proj_x": 196676.1331,
        "proj_y": 2419507.4059
      }
    },
    {
      "type": "Feature",
      "geometry": {
        "type": "Point",
        "coordinates": [
          84.0649161,
          21.8534528
        ]
      },
      "properties": {
        "status": "dead",
        "confidence": 1.0,
        "proj_x": 196631.2958,
        "proj_y": 2419500.498
      }
    },
    {
      "type": "Feature",
      "geometry": {
        "type": "Point",
        "coordinates": [
          84.0648072,
          21.8535201
        ]
      },
      "properties": {
        "status": "dead",
        "confidence": 0.9999,
        "proj_x": 196620.1764,
        "proj_y": 2419508.1763
      }
    },
    {
      "type": "Feature",
      "geometry": {
        "type": "Point",
        "coordinates": [
          84.0652549,
          21.8539191
        ]
      },
      "properties": {
        "status": "dead",
        "confidence": 1.0,
        "proj_x": 196667.3249,
        "proj_y": 2419551.4985
      }
    },
    {
      "type": "Feature",
      "geometry": {
        "type": "Point",
        "coordinates": [
          84.0653312,
          21.853586
        ]
      },
      "properties": {
        "status": "dead",
        "confidence": 1.0,
        "proj_x": 196674.5153,
        "proj_y": 2419514.4422
      }
    },
    {
      "type": "Feature",
      "geometry": {
        "type": "Point",
        "coordinates": [
          84.0647274,
          21.8535848
        ]
      },
      "properties": {
        "status": "dead",
        "confidence": 1.0,
        "proj_x": 196612.0615,
        "proj_y": 2419515.4951
      }
    },
    {
      "type": "Feature",
      "geometry": {
        "type": "Point",
        "coordinates": [
          84.0652033,
          21.8536225
        ]
      },
      "properties": {
        "status": "dead",
        "confidence": 1.0,
        "proj_x": 196661.3671,
        "proj_y": 2419518.7308
      }
    },
    {
      "type": "Feature",
      "geometry": {
        "type": "Point",
        "coordinates": [
          84.0651995,
          21.853532
        ]
      },
      "properties": {
        "status": "dead",
        "confidence": 1.0,
        "proj_x": 196660.7765,
        "proj_y": 2419508.7156
      }
    },
    {
      "type": "Feature",
      "geometry": {
        "type": "Point",
        "coordinates": [
          84.0647409,
          21.8535301
        ]
      },
      "properties": {
        "status": "dead",
        "confidence": 1.0,
        "proj_x": 196613.3455,
        "proj_y": 2419509.4089
      }
    },
    {
      "type": "Feature",
      "geometry": {
        "type": "Point",
        "coordinates": [
          84.0650608,
          21.8535515
        ]
      },
      "properties": {
        "status": "dead",
        "confidence": 0.9998,
        "proj_x": 196646.4727,
        "proj_y": 2419511.1552
      }
    },
    {
      "type": "Feature",
      "geometry": {
        "type": "Point",
        "coordinates": [
          84.0652348,
          21.853747
        ]
      },
      "properties": {
        "status": "dead",
        "confidence": 0.9997,
        "proj_x": 196664.8853,
        "proj_y": 2419532.4696
      }
    },
    {
      "type": "Feature",
      "geometry": {
        "type": "Point",
        "coordinates": [
          84.0652514,
          21.85363
        ]
      },
      "properties": {
        "status": "dead",
        "confidence": 1.0,
        "proj_x": 196666.349,
        "proj_y": 2419519.4755
      }
    },
    {
      "type": "Feature",
      "geometry": {
        "type": "Point",
        "coordinates": [
          84.0649897,
          21.8537955
        ]
      },
      "properties": {
        "status": "dead",
        "confidence": 1.0,
        "proj_x": 196639.6418,
        "proj_y": 2419538.3246
      }
    },
    {
      "type": "Feature",
      "geometry": {
        "type": "Point",
        "coordinates": [
          84.0652601,
          21.8535901
        ]
      },
      "properties": {
        "status": "dead",
        "confidence": 0.9996,
        "proj_x": 196667.1708,
        "proj_y": 2419515.0329
      }
    },
    {
      "type": "Feature",
      "geometry": {
        "type": "Point",
        "coordinates": [
          84.065314,
          21.853881
        ]
      },
      "properties": {
        "status": "dead",
        "confidence": 1.0,
        "proj_x": 196673.3597,
        "proj_y": 2419547.1585
      }
    },
    {
      "type": "Feature",
      "geometry": {
        "type": "Point",
        "coordinates": [
          84.0653395,
          21.8538736
        ]
      },
      "properties": {
        "status": "dead",
        "confidence": 1.0,
        "proj_x": 196675.979,
        "proj_y": 2419546.2854
      }
    },
    {
      "type": "Feature",
      "geometry": {
        "type": "Point",
        "coordinates": [
          84.0650329,
          21.8536419
        ]
      },
      "properties": {
        "status": "dead",
        "confidence": 1.0,
        "proj_x": 196643.7763,
        "proj_y": 2419521.2217
      }
    },
    {
      "type": "Feature",
      "geometry": {
        "type": "Point",
        "coordinates": [
          84.0653657,
          21.8534775
        ]
      },
      "properties": {
        "status": "dead",
        "confidence": 1.0,
        "proj_x": 196677.8537,
        "proj_y": 2419502.3469
      }
    },
    {
      "type": "Feature",
      "geometry": {
        "type": "Point",
        "coordinates": [
          84.0649474,
          21.8534855
        ]
      },
      "properties": {
        "status": "dead",
        "confidence": 1.0,
        "proj_x": 196634.6086,
        "proj_y": 2419504.0675
      }
    },
    {
      "type": "Feature",
      "geometry": {
        "type": "Point",
        "coordinates": [
          84.0650774,
          21.853613
        ]
      },
      "properties": {
        "status": "dead",
        "confidence": 1.0,
        "proj_x": 196648.3217,
        "proj_y": 2419517.9347
      }
    },
    {
      "type": "Feature",
      "geometry": {
        "type": "Point",
        "coordinates": [
          84.0649772,
          21.8535941
        ]
      },
      "properties": {
        "status": "dead",
        "confidence": 1.0,
        "proj_x": 196637.9213,
        "proj_y": 2419516.0344
      }
    },
    {
      "type": "Feature",
      "geometry": {
        "type": "Point",
        "coordinates": [
          84.0650846,
          21.8535408
        ]
      },
      "properties": {
        "status": "dead",
        "confidence": 1.0,
        "proj_x": 196648.9123,
        "proj_y": 2419509.9225
      }
    },
    {
      "type": "Feature",
      "geometry": {
        "type": "Point",
        "coordinates": [
          84.0651355,
          21.8539036
        ]
      },
      "properties": {
        "status": "dead",
        "confidence": 1.0,
        "proj_x": 196654.9471,
        "proj_y": 2419550.009
      }
    },
    {
      "type": "Feature",
      "geometry": {
        "type": "Point",
        "coordinates": [
          84.0647472,
          21.8535501
        ]
      },
      "properties": {
        "status": "dead",
        "confidence": 1.0,
        "proj_x": 196614.0389,
        "proj_y": 2419511.6174
      }
    },
    {
      "type": "Feature",
      "geometry": {
        "type": "Point",
        "coordinates": [
          84.0650202,
          21.8536665
        ]
      },
      "properties": {
        "status": "dead",
        "confidence": 1.0,
        "proj_x": 196642.518,
        "proj_y": 2419523.9695
      }
    },
    {
      "type": "Feature",
      "geometry": {
        "type": "Point",
        "coordinates": [
          84.0653456,
          21.8538032
        ]
      },
      "properties": {
        "status": "dead",
        "confidence": 1.0,
        "proj_x": 196676.467,
        "proj_y": 2419538.4787
      }
    },
    {
      "type": "Feature",
      "geometry": {
        "type": "Point",
        "coordinates": [
          84.0652093,
          21.8539605
        ]
      },
      "properties": {
        "status": "dead",
        "confidence": 1.0,
        "proj_x": 196662.7025,
        "proj_y": 2419556.1722
      }
    },
    {
      "type": "Feature",
      "geometry": {
        "type": "Point",
        "coordinates": [
          84.0650048,
          21.8537617
        ]
      },
      "properties": {
        "status": "dead",
        "confidence": 1.0,
        "proj_x": 196641.1313,
        "proj_y": 2419534.5497
      }
    },
    {
      "type": "Feature",
      "geometry": {
        "type": "Point",
        "coordinates": [
          84.0653246,
          21.8538348
        ]
      },
      "properties": {
        "status": "dead",
        "confidence": 1.0,
        "proj_x": 196674.3612,
        "proj_y": 2419542.0225
      }
    },
    {
      "type": "Feature",
      "geometry": {
        "type": "Point",
        "coordinates": [
          84.064826,
          21.8534871
        ]
      },
      "properties": {
        "status": "dead",
        "confidence": 0.9997,
        "proj_x": 196622.051,
        "proj_y": 2419504.4784
      }
    },
    {
      "type": "Feature",
      "geometry": {
        "type": "Point",
        "coordinates": [
          84.0648592,
          21.8536458
        ]
      },
      "properties": {
        "status": "dead",
        "confidence": 1.0,
        "proj_x": 196625.826,
        "proj_y": 2419521.9921
      }
    },
    {
      "type": "Feature",
      "geometry": {
        "type": "Point",
        "coordinates": [
          84.0651002,
          21.8537875
        ]
      },
      "properties": {
        "status": "dead",
        "confidence": 1.0,
        "proj_x": 196651.0438,
        "proj_y": 2419537.2204
      }
    },
    {
      "type": "Feature",
      "geometry": {
        "type": "Point",
        "coordinates": [
          84.0650046,
          21.853519
        ]
      },
      "properties": {
        "status": "dead",
        "confidence": 1.0,
        "proj_x": 196640.592,
        "proj_y": 2419507.6627
      }
    },
    {
      "type": "Feature",
      "geometry": {
        "type": "Point",
        "coordinates": [
          84.0653421,
          21.8536258
        ]
      },
      "properties": {
        "status": "dead",
        "confidence": 1.0,
        "proj_x": 196675.7222,
        "proj_y": 2419518.8335
      }
    },
    {
      "type": "Feature",
      "geometry": {
        "type": "Point",
        "coordinates": [
          84.0652357,
          21.8539232
        ]
      },
      "properties": {
        "status": "dead",
        "confidence": 1.0,
        "proj_x": 196665.3475,
        "proj_y": 2419551.9864
      }
    },
    {
      "type": "Feature",
      "geometry": {
        "type": "Point",
        "coordinates": [
          84.0647023,
          21.8535755
        ]
      },
      "properties": {
        "status": "dead",
        "confidence": 1.0,
        "proj_x": 196609.4422,
        "proj_y": 2419514.5193
      }
    },
    {
      "type": "Feature",
      "geometry": {
        "type": "Point",
        "coordinates": [
          84.0647177,
          21.8534903
        ]
      },
      "properties": {
        "status": "dead",
        "confidence": 0.9729,
        "proj_x": 196610.8546,
        "proj_y": 2419505.0433
      }
    },
    {
      "type": "Feature",
      "geometry": {
        "type": "Point",
        "coordinates": [
          84.0652293,
          21.8535448
        ]
      },
      "properties": {
        "status": "dead",
        "confidence": 1.0,
        "proj_x": 196663.8838,
        "proj_y": 2419510.0766
      }
    },
    {
      "type": "Feature",
      "geometry": {
        "type": "Point",
        "coordinates": [
          84.0650133,
          21.8537129
        ]
      },
      "properties": {
        "status": "dead",
        "confidence": 1.0,
        "proj_x": 196641.9017,
        "proj_y": 2419529.1312
      }
    },
    {
      "type": "Feature",
      "geometry": {
        "type": "Point",
        "coordinates": [
          84.0653604,
          21.8536018
        ]
      },
      "properties": {
        "status": "dead",
        "confidence": 1.0,
        "proj_x": 196677.5712,
        "proj_y": 2419516.1371
      }
    },
    {
      "type": "Feature",
      "geometry": {
        "type": "Point",
        "coordinates": [
          84.0653533,
          21.8539652
        ]
      },
      "properties": {
        "status": "dead",
        "confidence": 1.0,
        "proj_x": 196677.5969,
        "proj_y": 2419556.4033
      }
    },
    {
      "type": "Feature",
      "geometry": {
        "type": "Point",
        "coordinates": [
          84.06755,
          21.8535483
        ]
      },
      "properties": {
        "status": "dead",
        "confidence": 0.4943,
        "proj_x": 196903.9147,
        "proj_y": 2419505.8908
      }
    },
    {
      "type": "Feature",
      "geometry": {
        "type": "Point",
        "coordinates": [
          84.0671745,
          21.8539677
        ]
      },
      "properties": {
        "status": "dead",
        "confidence": 0.4943,
        "proj_x": 196865.9597,
        "proj_y": 2419553.0906
      }
    },
    {
      "type": "Feature",
      "geometry": {
        "type": "Point",
        "coordinates": [
          84.0670235,
          21.8538454
        ]
      },
      "properties": {
        "status": "dead",
        "confidence": 0.4943,
        "proj_x": 196850.0894,
        "proj_y": 2419539.8397
      }
    },
    {
      "type": "Feature",
      "geometry": {
        "type": "Point",
        "coordinates": [
          84.067059,
          21.8533831
        ]
      },
      "properties": {
        "status": "dead",
        "confidence": 0.4943,
        "proj_x": 196852.7858,
        "proj_y": 2419488.5568
      }
    },
    {
      "type": "Feature",
      "geometry": {
        "type": "Point",
        "coordinates": [
          84.067369,
          21.8534371
        ]
      },
      "properties": {
        "status": "dead",
        "confidence": 0.4943,
        "proj_x": 196884.9629,
        "proj_y": 2419493.9239
      }
    },
    {
      "type": "Feature",
      "geometry": {
        "type": "Point",
        "coordinates": [
          84.0675558,
          21.8534112
        ]
      },
      "properties": {
        "status": "dead",
        "confidence": 0.4943,
        "proj_x": 196904.2229,
        "proj_y": 2419490.6882
      }
    },
    {
      "type": "Feature",
      "geometry": {
        "type": "Point",
        "coordinates": [
          84.0672808,
          21.8535023
        ]
      },
      "properties": {
        "status": "dead",
        "confidence": 0.4943,
        "proj_x": 196875.9749,
        "proj_y": 2419501.3197
      }
    },
    {
      "type": "Feature",
      "geometry": {
        "type": "Point",
        "coordinates": [
          84.0671467,
          21.8534552
        ]
      },
      "properties": {
        "status": "dead",
        "confidence": 0.4943,
        "proj_x": 196862.005,
        "proj_y": 2419496.3635
      }
    },
    {
      "type": "Feature",
      "geometry": {
        "type": "Point",
        "coordinates": [
          84.0672306,
          21.8534096
        ]
      },
      "properties": {
        "status": "dead",
        "confidence": 0.4943,
        "proj_x": 196870.5821,
        "proj_y": 2419491.1505
      }
    },
    {
      "type": "Feature",
      "geometry": {
        "type": "Point",
        "coordinates": [
          84.067321,
          21.8535039
        ]
      },
      "properties": {
        "status": "dead",
        "confidence": 0.4943,
        "proj_x": 196880.135,
        "proj_y": 2419501.4225
      }
    },
    {
      "type": "Feature",
      "geometry": {
        "type": "Point",
        "coordinates": [
          84.0673592,
          21.8534828
        ]
      },
      "properties": {
        "status": "dead",
        "confidence": 0.4943,
        "proj_x": 196884.0384,
        "proj_y": 2419499.0085
      }
    },
    {
      "type": "Feature",
      "geometry": {
        "type": "Point",
        "coordinates": [
          84.0673901,
          21.8534271
        ]
      },
      "properties": {
        "status": "dead",
        "confidence": 0.4943,
        "proj_x": 196887.12,
        "proj_y": 2419492.7683
      }
    },
    {
      "type": "Feature",
      "geometry": {
        "type": "Point",
        "coordinates": [
          84.0671657,
          21.8534342
        ]
      },
      "properties": {
        "status": "dead",
        "confidence": 0.4943,
        "proj_x": 196863.931,
        "proj_y": 2419494.0009
      }
    },
    {
      "type": "Feature",
      "geometry": {
        "type": "Point",
        "coordinates": [
          84.066909,
          21.8540075
        ]
      },
      "properties": {
        "status": "dead",
        "confidence": 0.4943,
        "proj_x": 196838.5848,
        "proj_y": 2419558.0212
      }
    },
    {
      "type": "Feature",
      "geometry": {
        "type": "Point",
        "coordinates": [
          84.0669736,
          21.8533953
        ]
      },
      "properties": {
        "status": "dead",
        "confidence": 0.4943,
        "proj_x": 196843.9776,
        "proj_y": 2419490.0719
      }
    },
    {
      "type": "Feature",
      "geometry": {
        "type": "Point",
        "coordinates": [
          84.0672922,
          21.8536244
        ]
      },
      "properties": {
        "status": "dead",
        "confidence": 0.4943,
        "proj_x": 196877.4129,
        "proj_y": 2419514.8274
      }
    },
    {
      "type": "Feature",
      "geometry": {
        "type": "Point",
        "coordinates": [
          84.0668892,
          21.8537841
        ]
      },
      "properties": {
        "status": "dead",
        "confidence": 0.4943,
        "proj_x": 196836.0682,
        "proj_y": 2419533.317
      }
    },
    {
      "type": "Feature",
      "geometry": {
        "type": "Point",
        "coordinates": [
          84.0669403,
          21.8535653
        ]
      },
      "properties": {
        "status": "dead",
        "confidence": 0.4943,
        "proj_x": 196840.896,
        "proj_y": 2419508.9724
      }
    },
    {
      "type": "Feature",
      "geometry": {
        "type": "Point",
        "coordinates": [
          84.0672692,
          21.8538644
        ]
      },
      "properties": {
        "status": "dead",
        "confidence": 0.4943,
        "proj_x": 196875.5383,
        "proj_y": 2419541.4576
      }
    },
    {
      "type": "Feature",
      "geometry": {
        "type": "Point",
        "coordinates": [
          84.0673209,
          21.8535213
        ]
      },
      "properties": {
        "status": "dead",
        "confidence": 0.4943,
        "proj_x": 196880.1607,
        "proj_y": 2419503.3485
      }
    },
    {
      "type": "Feature",
      "geometry": {
        "type": "Point",
        "coordinates": [
          84.0672702,
          21.8537288
        ]
      },
      "properties": {
        "status": "dead",
        "confidence": 0.4943,
        "proj_x": 196875.3586,
        "proj_y": 2419526.4348
      }
    },
    {
      "type": "Feature",
      "geometry": {
        "type": "Point",
        "coordinates": [
          84.0674568,
          21.8537486
        ]
      },
      "properties": {
        "status": "dead",
        "confidence": 0.4943,
        "proj_x": 196894.6956,
        "proj_y": 2419528.2581
      }
    },
    {
      "type": "Feature",
      "geometry": {
        "type": "Point",
        "coordinates": [
          84.0671387,
          21.8536286
        ]
      },
      "properties": {
        "status": "dead",
        "confidence": 0.4943,
        "proj_x": 196861.5427,
        "proj_y": 2419515.5978
      }
    },
    {
      "type": "Feature",
      "geometry": {
        "type": "Point",
        "coordinates": [
          84.0672797,
          21.8534223
        ]
      },
      "properties": {
        "status": "dead",
        "confidence": 0.4943,
        "proj_x": 196875.6924,
        "proj_y": 2419492.4601
      }
    },
    {
      "type": "Feature",
      "geometry": {
        "type": "Point",
        "coordinates": [
          84.0673691,
          21.8536276
        ]
      },
      "properties": {
        "status": "dead",
        "confidence": 0.4943,
        "proj_x": 196885.3737,
        "proj_y": 2419515.0329
      }
    },
    {
      "type": "Feature",
      "geometry": {
        "type": "Point",
        "coordinates": [
          84.0675686,
          21.8535025
        ]
      },
      "properties": {
        "status": "dead",
        "confidence": 0.4943,
        "proj_x": 196905.738,
        "proj_y": 2419500.7805
      }
    },
    {
      "type": "Feature",
      "geometry": {
        "type": "Point",
        "coordinates": [
          84.0673015,
          21.8534259
        ]
      },
      "properties": {
        "status": "dead",
        "confidence": 0.4943,
        "proj_x": 196877.9522,
        "proj_y": 2419492.8197
      }
    },
    {
      "type": "Feature",
      "geometry": {
        "type": "Point",
        "coordinates": [
          84.0673135,
          21.8535411
        ]
      },
      "properties": {
        "status": "dead",
        "confidence": 0.4943,
        "proj_x": 196879.4417,
        "proj_y": 2419505.5569
      }
    },
    {
      "type": "Feature",
      "geometry": {
        "type": "Point",
        "coordinates": [
          84.066967,
          21.8539974
        ]
      },
      "properties": {
        "status": "dead",
        "confidence": 0.4943,
        "proj_x": 196844.5682,
        "proj_y": 2419556.7885
      }
    },
    {
      "type": "Feature",
      "geometry": {
        "type": "Point",
        "coordinates": [
          84.0669631,
          21.853813
        ]
      },
      "properties": {
        "status": "dead",
        "confidence": 0.4943,
        "proj_x": 196843.7722,
        "proj_y": 2419536.3729
      }
    },
    {
      "type": "Feature",
      "geometry": {
        "type": "Point",
        "coordinates": [
          84.067113,
          21.8537559
        ]
      },
      "properties": {
        "status": "dead",
        "confidence": 0.4943,
        "proj_x": 196859.1545,
        "proj_y": 2419529.7475
      }
    },
    {
      "type": "Feature",
      "geometry": {
        "type": "Point",
        "coordinates": [
          84.067547,
          21.8536582
        ]
      },
      "properties": {
        "status": "dead",
        "confidence": 0.4943,
        "proj_x": 196903.8377,
        "proj_y": 2419518.0631
      }
    },
    {
      "type": "Feature",
      "geometry": {
        "type": "Point",
        "coordinates": [
          84.0675167,
          21.8537202
        ]
      },
      "properties": {
        "status": "dead",
        "confidence": 0.4943,
        "proj_x": 196900.8331,
        "proj_y": 2419524.9967
      }
    },
    {
      "type": "Feature",
      "geometry": {
        "type": "Point",
        "coordinates": [
          84.0671857,
          21.8536239
        ]
      },
      "properties": {
        "status": "dead",
        "confidence": 0.4943,
        "proj_x": 196866.3962,
        "proj_y": 2419514.9815
      }
    },
    {
      "type": "Feature",
      "geometry": {
        "type": "Point",
        "coordinates": [
          84.067206,
          21.8536521
        ]
      },
      "properties": {
        "status": "dead",
        "confidence": 0.4943,
        "proj_x": 196868.5534,
        "proj_y": 2419518.0631
      }
    },
    {
      "type": "Feature",
      "geometry": {
        "type": "Point",
        "coordinates": [
          84.0675115,
          21.8534413
        ]
      },
      "properties": {
        "status": "dead",
        "confidence": 0.4943,
        "proj_x": 196899.7032,
        "proj_y": 2419494.1037
      }
    },
    {
      "type": "Feature",
      "geometry": {
        "type": "Point",
        "coordinates": [
          84.0672473,
          21.8534903
        ]
      },
      "properties": {
        "status": "dead",
        "confidence": 0.4943,
        "proj_x": 196872.4824,
        "proj_y": 2419500.0614
      }
    },
    {
      "type": "Feature",
      "geometry": {
        "type": "Point",
        "coordinates": [
          84.0672447,
          21.8536646
        ]
      },
      "properties": {
        "status": "dead",
        "confidence": 0.4943,
        "proj_x": 196872.5851,
        "proj_y": 2419519.3728
      }
    },
    {
      "type": "Feature",
      "geometry": {
        "type": "Point",
        "coordinates": [
          84.06693,
          21.8535482
        ]
      },
      "properties": {
        "status": "dead",
        "confidence": 0.4943,
        "proj_x": 196839.7918,
        "proj_y": 2419507.0977
      }
    },
    {
      "type": "Feature",
      "geometry": {
        "type": "Point",
        "coordinates": [
          84.0672553,
          21.8536212
        ]
      },
      "properties": {
        "status": "dead",
        "confidence": 0.4943,
        "proj_x": 196873.5866,
        "proj_y": 2419514.5449
      }
    },
    {
      "type": "Feature",
      "geometry": {
        "type": "Point",
        "coordinates": [
          84.0674564,
          21.8535861
        ]
      },
      "properties": {
        "status": "dead",
        "confidence": 0.4943,
        "proj_x": 196894.3104,
        "proj_y": 2419510.2564
      }
    },
    {
      "type": "Feature",
      "geometry": {
        "type": "Point",
        "coordinates": [
          84.0672626,
          21.8537604
        ]
      },
      "properties": {
        "status": "dead",
        "confidence": 0.4943,
        "proj_x": 196874.6395,
        "proj_y": 2419529.9529
      }
    },
    {
      "type": "Feature",
      "geometry": {
        "type": "Point",
        "coordinates": [
          84.0673423,
          21.853445
        ]
      },
      "properties": {
        "status": "dead",
        "confidence": 0.4943,
        "proj_x": 196882.2151,
        "proj_y": 2419494.8484
      }
    },
    {
      "type": "Feature",
      "geometry": {
        "type": "Point",
        "coordinates": [
          84.0674288,
          21.8536836
        ]
      },
      "properties": {
        "status": "dead",
        "confidence": 0.4943,
        "proj_x": 196891.6653,
        "proj_y": 2419521.119
      }
    },
    {
      "type": "Feature",
      "geometry": {
        "type": "Point",
        "coordinates": [
          84.0675379,
          21.853629
        ]
      },
      "properties": {
        "status": "dead",
        "confidence": 0.4943,
        "proj_x": 196902.8362,
        "proj_y": 2419514.8531
      }
    },
    {
      "type": "Feature",
      "geometry": {
        "type": "Point",
        "coordinates": [
          84.0672561,
          21.8534344
        ]
      },
      "properties": {
        "status": "dead",
        "confidence": 0.4943,
        "proj_x": 196873.2785,
        "proj_y": 2419493.8469
      }
    },
    {
      "type": "Feature",
      "geometry": {
        "type": "Point",
        "coordinates": [
          84.0675656,
          21.8537806
        ]
      },
      "properties": {
        "status": "dead",
        "confidence": 0.4943,
        "proj_x": 196906.0205,
        "proj_y": 2419531.5965
      }
    },
    {
      "type": "Feature",
      "geometry": {
        "type": "Point",
        "coordinates": [
          84.0674511,
          21.8535171
        ]
      },
      "properties": {
        "status": "dead",
        "confidence": 0.4943,
        "proj_x": 196893.617,
        "proj_y": 2419502.6294
      }
    },
    {
      "type": "Feature",
      "geometry": {
        "type": "Point",
        "coordinates": [
          84.0671144,
          21.8534057
        ]
      },
      "properties": {
        "status": "dead",
        "confidence": 0.4943,
        "proj_x": 196858.5638,
        "proj_y": 2419490.945
      }
    },
    {
      "type": "Feature",
      "geometry": {
        "type": "Point",
        "coordinates": [
          84.0672688,
          21.8537128
        ]
      },
      "properties": {
        "status": "dead",
        "confidence": 0.4943,
        "proj_x": 196875.1788,
        "proj_y": 2419524.6629
      }
    },
    {
      "type": "Feature",
      "geometry": {
        "type": "Point",
        "coordinates": [
          84.0673151,
          21.8539002
        ]
      },
      "properties": {
        "status": "dead",
        "confidence": 0.4943,
        "proj_x": 196880.3662,
        "proj_y": 2419545.3353
      }
    },
    {
      "type": "Feature",
      "geometry": {
        "type": "Point",
        "coordinates": [
          84.0673722,
          21.8534186
        ]
      },
      "properties": {
        "status": "dead",
        "confidence": 0.4943,
        "proj_x": 196885.2454,
        "proj_y": 2419491.8695
      }
    },
    {
      "type": "Feature",
      "geometry": {
        "type": "Point",
        "coordinates": [
          84.0670904,
          21.8535501
        ]
      },
      "properties": {
        "status": "dead",
        "confidence": 0.4943,
        "proj_x": 196856.381,
        "proj_y": 2419506.995
      }
    },
    {
      "type": "Feature",
      "geometry": {
        "type": "Point",
        "coordinates": [
          84.0673479,
          21.8533765
        ]
      },
      "properties": {
        "status": "dead",
        "confidence": 0.4943,
        "proj_x": 196882.6517,
        "proj_y": 2419487.2471
      }
    },
    {
      "type": "Feature",
      "geometry": {
        "type": "Point",
        "coordinates": [
          84.0674038,
          21.8533902
        ]
      },
      "properties": {
        "status": "dead",
        "confidence": 0.4943,
        "proj_x": 196888.4554,
        "proj_y": 2419488.6595
      }
    },
    {
      "type": "Feature",
      "geometry": {
        "type": "Point",
        "coordinates": [
          84.0672268,
          21.8535217
        ]
      },
      "properties": {
        "status": "dead",
        "confidence": 0.4943,
        "proj_x": 196870.428,
        "proj_y": 2419503.5796
      }
    },
    {
      "type": "Feature",
      "geometry": {
        "type": "Point",
        "coordinates": [
          84.0676013,
          21.8536992
        ]
      },
      "properties": {
        "status": "dead",
        "confidence": 0.4943,
        "proj_x": 196909.5386,
        "proj_y": 2419522.5057
      }
    },
    {
      "type": "Feature",
      "geometry": {
        "type": "Point",
        "coordinates": [
          84.0670111,
          21.8537226
        ]
      },
      "properties": {
        "status": "dead",
        "confidence": 0.4943,
        "proj_x": 196848.5486,
        "proj_y": 2419526.255
      }
    },
    {
      "type": "Feature",
      "geometry": {
        "type": "Point",
        "coordinates": [
          84.0673388,
          21.8534213
        ]
      },
      "properties": {
        "status": "dead",
        "confidence": 0.4943,
        "proj_x": 196881.8042,
        "proj_y": 2419492.229
      }
    },
    {
      "type": "Feature",
      "geometry": {
        "type": "Point",
        "coordinates": [
          84.0672043,
          21.853541
        ]
      },
      "properties": {
        "status": "dead",
        "confidence": 0.4943,
        "proj_x": 196868.1425,
        "proj_y": 2419505.7624
      }
    },
    {
      "type": "Feature",
      "geometry": {
        "type": "Point",
        "coordinates": [
          84.0672362,
          21.8534248
        ]
      },
      "properties": {
        "status": "dead",
        "confidence": 0.4943,
        "proj_x": 196871.1984,
        "proj_y": 2419492.8197
      }
    },
    {
      "type": "Feature",
      "geometry": {
        "type": "Point",
        "coordinates": [
          84.0673417,
          21.8535486
        ]
      },
      "properties": {
        "status": "dead",
        "confidence": 0.4943,
        "proj_x": 196882.3692,
        "proj_y": 2419506.3273
      }
    },
    {
      "type": "Feature",
      "geometry": {
        "type": "Point",
        "coordinates": [
          84.0674423,
          21.8535478
        ]
      },
      "properties": {
        "status": "dead",
        "confidence": 0.4943,
        "proj_x": 196892.7696,
        "proj_y": 2419506.0449
      }
    },
    {
      "type": "Feature",
      "geometry": {
        "type": "Point",
        "coordinates": [
          84.0670485,
          21.8535689
        ]
      },
      "properties": {
        "status": "dead",
        "confidence": 0.4943,
        "proj_x": 196852.0925,
        "proj_y": 2419509.1521
      }
    },
    {
      "type": "Feature",
      "geometry": {
        "type": "Point",
        "coordinates": [
          84.0669556,
          21.8535946
        ]
      },
      "properties": {
        "status": "dead",
        "confidence": 0.4943,
        "proj_x": 196842.5395,
        "proj_y": 2419512.1824
      }
    },
    {
      "type": "Feature",
      "geometry": {
        "type": "Point",
        "coordinates": [
          84.0675722,
          21.853616
        ]
      },
      "properties": {
        "status": "dead",
        "confidence": 0.4943,
        "proj_x": 196906.3543,
        "proj_y": 2419513.338
      }
    },
    {
      "type": "Feature",
      "geometry": {
        "type": "Point",
        "coordinates": [
          84.0671497,
          21.8535901
        ]
      },
      "properties": {
        "status": "dead",
        "confidence": 0.4943,
        "proj_x": 196862.5956,
        "proj_y": 2419511.3093
      }
    },
    {
      "type": "Feature",
      "geometry": {
        "type": "Point",
        "coordinates": [
          84.0674098,
          21.8537855
        ]
      },
      "properties": {
        "status": "dead",
        "confidence": 0.4943,
        "proj_x": 196889.9191,
        "proj_y": 2419532.4439
      }
    },
    {
      "type": "Feature",
      "geometry": {
        "type": "Point",
        "coordinates": [
          84.0670613,
          21.8535902
        ]
      },
      "properties": {
        "status": "dead",
        "confidence": 0.4943,
        "proj_x": 196853.4535,
        "proj_y": 2419511.489
      }
    },
    {
      "type": "Feature",
      "geometry": {
        "type": "Point",
        "coordinates": [
          84.0671788,
          21.8536472
        ]
      },
      "properties": {
        "status": "dead",
        "confidence": 0.4943,
        "proj_x": 196865.7285,
        "proj_y": 2419517.5752
      }
    },
    {
      "type": "Feature",
      "geometry": {
        "type": "Point",
        "coordinates": [
          84.0670526,
          21.8536966
        ]
      },
      "properties": {
        "status": "dead",
        "confidence": 0.4943,
        "proj_x": 196852.7858,
        "proj_y": 2419523.3018
      }
    },
    {
      "type": "Feature",
      "geometry": {
        "type": "Point",
        "coordinates": [
          84.0675858,
          21.8535476
        ]
      },
      "properties": {
        "status": "dead",
        "confidence": 0.4943,
        "proj_x": 196907.6126,
        "proj_y": 2419505.7367
      }
    },
    {
      "type": "Feature",
      "geometry": {
        "type": "Point",
        "coordinates": [
          84.0636724,
          21.8525143
        ]
      },
      "properties": {
        "status": "dead",
        "confidence": 1.0,
        "proj_x": 196500.6873,
        "proj_y": 2419398.9849
      }
    },
    {
      "type": "Feature",
      "geometry": {
        "type": "Point",
        "coordinates": [
          84.063791,
          21.8522515
        ]
      },
      "properties": {
        "status": "dead",
        "confidence": 1.0,
        "proj_x": 196512.3974,
        "proj_y": 2419369.6327
      }
    },
    {
      "type": "Feature",
      "geometry": {
        "type": "Point",
        "coordinates": [
          84.063756,
          21.8519363
        ]
      },
      "properties": {
        "status": "dead",
        "confidence": 0.4943,
        "proj_x": 196508.1089,
        "proj_y": 2419334.7849
      }
    },
    {
      "type": "Feature",
      "geometry": {
        "type": "Point",
        "coordinates": [
          84.0638178,
          21.8524091
        ]
      },
      "properties": {
        "status": "dead",
        "confidence": 1.0,
        "proj_x": 196515.5047,
        "proj_y": 2419387.0437
      }
    },
    {
      "type": "Feature",
      "geometry": {
        "type": "Point",
        "coordinates": [
          84.0637385,
          21.8523542
        ]
      },
      "properties": {
        "status": "dead",
        "confidence": 1.0,
        "proj_x": 196507.1844,
        "proj_y": 2419381.1117
      }
    },
    {
      "type": "Feature",
      "geometry": {
        "type": "Point",
        "coordinates": [
          84.0636181,
          21.8520238
        ]
      },
      "properties": {
        "status": "dead",
        "confidence": 0.4943,
        "proj_x": 196494.0362,
        "proj_y": 2419344.7488
      }
    },
    {
      "type": "Feature",
      "geometry": {
        "type": "Point",
        "coordinates": [
          84.0637866,
          21.8523085
        ]
      },
      "properties": {
        "status": "dead",
        "confidence": 1.0,
        "proj_x": 196512.0636,
        "proj_y": 2419375.95
      }
    },
    {
      "type": "Feature",
      "geometry": {
        "type": "Point",
        "coordinates": [
          84.0638928,
          21.8525426
        ]
      },
      "properties": {
        "status": "dead",
        "confidence": 0.9989,
        "proj_x": 196523.5426,
        "proj_y": 2419401.6813
      }
    },
    {
      "type": "Feature",
      "geometry": {
        "type": "Point",
        "coordinates": [
          84.0636274,
          21.8523021
        ]
      },
      "properties": {
        "status": "dead",
        "confidence": 1.0,
        "proj_x": 196495.577,
        "proj_y": 2419375.5648
      }
    },
    {
      "type": "Feature",
      "geometry": {
        "type": "Point",
        "coordinates": [
          84.0636161,
          21.8520655
        ]
      },
      "properties": {
        "status": "dead",
        "confidence": 0.4943,
        "proj_x": 196493.9078,
        "proj_y": 2419349.3712
      }
    },
    {
      "type": "Feature",
      "geometry": {
        "type": "Point",
        "coordinates": [
          84.0636241,
          21.8525594
        ]
      },
      "properties": {
        "status": "dead",
        "confidence": 0.9999,
        "proj_x": 196495.7825,
        "proj_y": 2419404.0696
      }
    },
    {
      "type": "Feature",
      "geometry": {
        "type": "Point",
        "coordinates": [
          84.0637629,
          21.8520259
        ]
      },
      "properties": {
        "status": "dead",
        "confidence": 0.6034,
        "proj_x": 196509.0077,
        "proj_y": 2419344.6974
      }
    },
    {
      "type": "Feature",
      "geometry": {
        "type": "Point",
        "coordinates": [
          84.0637332,
          21.8520421
        ]
      },
      "properties": {
        "status": "dead",
        "confidence": 0.6213,
        "proj_x": 196505.9774,
        "proj_y": 2419346.5464
      }
    },
    {
      "type": "Feature",
      "geometry": {
        "type": "Point",
        "coordinates": [
          84.0636889,
          21.8525086
        ]
      },
      "properties": {
        "status": "dead",
        "confidence": 0.9999,
        "proj_x": 196502.3822,
        "proj_y": 2419398.3173
      }
    },
    {
      "type": "Feature",
      "geometry": {
        "type": "Point",
        "coordinates": [
          84.0639055,
          21.8523226
        ]
      },
      "properties": {
        "status": "dead",
        "confidence": 1.0,
        "proj_x": 196524.39,
        "proj_y": 2419377.2853
      }
    },
    {
      "type": "Feature",
      "geometry": {
        "type": "Point",
        "coordinates": [
          84.0638563,
          21.85229
        ]
      },
      "properties": {
        "status": "dead",
        "confidence": 1.0,
        "proj_x": 196519.2283,
        "proj_y": 2419373.7672
      }
    },
    {
      "type": "Feature",
      "geometry": {
        "type": "Point",
        "coordinates": [
          84.0636224,
          21.8519961
        ]
      },
      "properties": {
        "status": "dead",
        "confidence": 0.4943,
        "proj_x": 196494.4214,
        "proj_y": 2419341.6672
      }
    },
    {
      "type": "Feature",
      "geometry": {
        "type": "Point",
        "coordinates": [
          84.065977,
          21.8536098
        ]
      },
      "properties": {
        "status": "dead",
        "confidence": 1.0,
        "proj_x": 196741.3603,
        "proj_y": 2419515.8033
      }
    },
    {
      "type": "Feature",
      "geometry": {
        "type": "Point",
        "coordinates": [
          84.0660573,
          21.8536194
        ]
      },
      "properties": {
        "status": "dead",
        "confidence": 0.4943,
        "proj_x": 196749.6806,
        "proj_y": 2419516.7021
      }
    },
    {
      "type": "Feature",
      "geometry": {
        "type": "Point",
        "coordinates": [
          84.0659052,
          21.8536391
        ]
      },
      "properties": {
        "status": "dead",
        "confidence": 1.0,
        "proj_x": 196733.9901,
        "proj_y": 2419519.193
      }
    },
    {
      "type": "Feature",
      "geometry": {
        "type": "Point",
        "coordinates": [
          84.0659892,
          21.8539378
        ]
      },
      "properties": {
        "status": "dead",
        "confidence": 0.6051,
        "proj_x": 196743.312,
        "proj_y": 2419552.1148
      }
    },
    {
      "type": "Feature",
      "geometry": {
        "type": "Point",
        "coordinates": [
          84.0654852,
          21.8535218
        ]
      },
      "properties": {
        "status": "dead",
        "confidence": 1.0,
        "proj_x": 196690.3085,
        "proj_y": 2419507.0207
      }
    },
    {
      "type": "Feature",
      "geometry": {
        "type": "Point",
        "coordinates": [
          84.0659195,
          21.8537268
        ]
      },
      "properties": {
        "status": "dead",
        "confidence": 1.0,
        "proj_x": 196735.6594,
        "proj_y": 2419528.8744
      }
    },
    {
      "type": "Feature",
      "geometry": {
        "type": "Point",
        "coordinates": [
          84.0660139,
          21.8536288
        ]
      },
      "properties": {
        "status": "dead",
        "confidence": 0.997,
        "proj_x": 196745.2123,
        "proj_y": 2419517.832
      }
    },
    {
      "type": "Feature",
      "geometry": {
        "type": "Point",
        "coordinates": [
          84.0653726,
          21.8536614
        ]
      },
      "properties": {
        "status": "dead",
        "confidence": 1.0,
        "proj_x": 196678.9579,
        "proj_y": 2419522.7112
      }
    },
    {
      "type": "Feature",
      "geometry": {
        "type": "Point",
        "coordinates": [
          84.0659607,
          21.8538738
        ]
      },
      "properties": {
        "status": "no_sapling",
        "confidence": 0.8152,
        "proj_x": 196740.2304,
        "proj_y": 2419545.0785
      }
    },
    {
      "type": "Feature",
      "geometry": {
        "type": "Point",
        "coordinates": [
          84.0655015,
          21.853965
        ]
      },
      "properties": {
        "status": "dead",
        "confidence": 1.0,
        "proj_x": 196692.9278,
        "proj_y": 2419556.0952
      }
    },
    {
      "type": "Feature",
      "geometry": {
        "type": "Point",
        "coordinates": [
          84.0653859,
          21.8535937
        ]
      },
      "properties": {
        "status": "dead",
        "confidence": 0.9999,
        "proj_x": 196680.1905,
        "proj_y": 2419515.1869
      }
    },
    {
      "type": "Feature",
      "geometry": {
        "type": "Point",
        "coordinates": [
          84.0654505,
          21.8537532
        ]
      },
      "properties": {
        "status": "dead",
        "confidence": 1.0,
        "proj_x": 196687.2012,
        "proj_y": 2419532.7264
      }
    },
    {
      "type": "Feature",
      "geometry": {
        "type": "Point",
        "coordinates": [
          84.0656726,
          21.8534544
        ]
      },
      "properties": {
        "status": "dead",
        "confidence": 0.9854,
        "proj_x": 196709.5428,
        "proj_y": 2419499.1883
      }
    },
    {
      "type": "Feature",
      "geometry": {
        "type": "Point",
        "coordinates": [
          84.0655929,
          21.8537585
        ]
      },
      "properties": {
        "status": "dead",
        "confidence": 1.0,
        "proj_x": 196701.9415,
        "proj_y": 2419533.0345
      }
    },
    {
      "type": "Feature",
      "geometry": {
        "type": "Point",
        "coordinates": [
          84.0656213,
          21.8535923
        ]
      },
      "properties": {
        "status": "dead",
        "confidence": 1.0,
        "proj_x": 196704.5352,
        "proj_y": 2419514.5706
      }
    },
    {
      "type": "Feature",
      "geometry": {
        "type": "Point",
        "coordinates": [
          84.0658136,
          21.8536396
        ]
      },
      "properties": {
        "status": "dead",
        "confidence": 0.9999,
        "proj_x": 196724.5142,
        "proj_y": 2419519.4241
      }
    },
    {
      "type": "Feature",
      "geometry": {
        "type": "Point",
        "coordinates": [
          84.0659588,
          21.8535532
        ]
      },
      "properties": {
        "status": "dead",
        "confidence": 1.0,
        "proj_x": 196739.3573,
        "proj_y": 2419509.563
      }
    },
    {
      "type": "Feature",
      "geometry": {
        "type": "Point",
        "coordinates": [
          84.0658226,
          21.8539237
        ]
      },
      "properties": {
        "status": "dead",
        "confidence": 1.0,
        "proj_x": 196726.055,
        "proj_y": 2419550.8821
      }
    },
    {
      "type": "Feature",
      "geometry": {
        "type": "Point",
        "coordinates": [
          84.0660051,
          21.8539508
        ]
      },
      "properties": {
        "status": "dead",
        "confidence": 0.7693,
        "proj_x": 196744.9812,
        "proj_y": 2419553.5272
      }
    },
    {
      "type": "Feature",
      "geometry": {
        "type": "Point",
        "coordinates": [
          84.0655558,
          21.8539952
        ]
      },
      "properties": {
        "status": "dead",
        "confidence": 0.9999,
        "proj_x": 196698.6031,
        "proj_y": 2419559.3309
      }
    },
    {
      "type": "Feature",
      "geometry": {
        "type": "Point",
        "coordinates": [
          84.0653807,
          21.8537536
        ]
      },
      "properties": {
        "status": "dead",
        "confidence": 1.0,
        "proj_x": 196679.9851,
        "proj_y": 2419532.9061
      }
    },
    {
      "type": "Feature",
      "geometry": {
        "type": "Point",
        "coordinates": [
          84.0654424,
          21.8538198
        ]
      },
      "properties": {
        "status": "dead",
        "confidence": 1.0,
        "proj_x": 196686.5078,
        "proj_y": 2419540.1222
      }
    },
    {
      "type": "Feature",
      "geometry": {
        "type": "Point",
        "coordinates": [
          84.0654714,
          21.8538347
        ]
      },
      "properties": {
        "status": "dead",
        "confidence": 0.9999,
        "proj_x": 196689.5381,
        "proj_y": 2419541.7144
      }
    },
    {
      "type": "Feature",
      "geometry": {
        "type": "Point",
        "coordinates": [
          84.0657766,
          21.8538809
        ]
      },
      "properties": {
        "status": "dead",
        "confidence": 0.9997,
        "proj_x": 196721.2015,
        "proj_y": 2419546.2341
      }
    },
    {
      "type": "Feature",
      "geometry": {
        "type": "Point",
        "coordinates": [
          84.0655028,
          21.8538526
        ]
      },
      "properties": {
        "status": "dead",
        "confidence": 1.0,
        "proj_x": 196692.8251,
        "proj_y": 2419543.6404
      }
    },
    {
      "type": "Feature",
      "geometry": {
        "type": "Point",
        "coordinates": [
          84.0654309,
          21.8537765
        ]
      },
      "properties": {
        "status": "dead",
        "confidence": 1.0,
        "proj_x": 196685.2238,
        "proj_y": 2419535.3457
      }
    },
    {
      "type": "Feature",
      "geometry": {
        "type": "Point",
        "coordinates": [
          84.0653994,
          21.8537479
        ]
      },
      "properties": {
        "status": "dead",
        "confidence": 0.9999,
        "proj_x": 196681.9111,
        "proj_y": 2419532.2385
      }
    },
    {
      "type": "Feature",
      "geometry": {
        "type": "Point",
        "coordinates": [
          84.0656069,
          21.8537295
        ]
      },
      "properties": {
        "status": "dead",
        "confidence": 1.0,
        "proj_x": 196703.3282,
        "proj_y": 2419529.7989
      }
    },
    {
      "type": "Feature",
      "geometry": {
        "type": "Point",
        "coordinates": [
          84.0653939,
          21.8537239
        ]
      },
      "properties": {
        "status": "dead",
        "confidence": 1.0,
        "proj_x": 196681.2948,
        "proj_y": 2419529.5934
      }
    },
    {
      "type": "Feature",
      "geometry": {
        "type": "Point",
        "coordinates": [
          84.0660556,
          21.8536029
        ]
      },
      "properties": {
        "status": "alive",
        "confidence": 0.4905,
        "proj_x": 196749.4752,
        "proj_y": 2419514.8788
      }
    },
    {
      "type": "Feature",
      "geometry": {
        "type": "Point",
        "coordinates": [
          84.0655126,
          21.8534451
        ]
      },
      "properties": {
        "status": "dead",
        "confidence": 1.0,
        "proj_x": 196692.9792,
        "proj_y": 2419498.4693
      }
    },
    {
      "type": "Feature",
      "geometry": {
        "type": "Point",
        "coordinates": [
          84.0654629,
          21.8538151
        ]
      },
      "properties": {
        "status": "dead",
        "confidence": 1.0,
        "proj_x": 196688.6136,
        "proj_y": 2419539.5573
      }
    },
    {
      "type": "Feature",
      "geometry": {
        "type": "Point",
        "coordinates": [
          84.0657188,
          21.8536087
        ]
      },
      "properties": {
        "status": "dead",
        "confidence": 1.0,
        "proj_x": 196714.6531,
        "proj_y": 2419516.1885
      }
    },
    {
      "type": "Feature",
      "geometry": {
        "type": "Point",
        "coordinates": [
          84.0654689,
          21.8536636
        ]
      },
      "properties": {
        "status": "dead",
        "confidence": 1.0,
        "proj_x": 196688.9218,
        "proj_y": 2419522.7625
      }
    },
    {
      "type": "Feature",
      "geometry": {
        "type": "Point",
        "coordinates": [
          84.0656073,
          21.853488
        ]
      },
      "properties": {
        "status": "dead",
        "confidence": 0.9997,
        "proj_x": 196702.866,
        "proj_y": 2419503.0403
      }
    },
    {
      "type": "Feature",
      "geometry": {
        "type": "Point",
        "coordinates": [
          84.0657141,
          21.8538063
        ]
      },
      "properties": {
        "status": "dead",
        "confidence": 1.0,
        "proj_x": 196714.5761,
        "proj_y": 2419538.0935
      }
    },
    {
      "type": "Feature",
      "geometry": {
        "type": "Point",
        "coordinates": [
          84.0654555,
          21.8537744
        ]
      },
      "properties": {
        "status": "dead",
        "confidence": 1.0,
        "proj_x": 196687.7662,
        "proj_y": 2419535.0633
      }
    },
    {
      "type": "Feature",
      "geometry": {
        "type": "Point",
        "coordinates": [
          84.065873,
          21.8533681
        ]
      },
      "properties": {
        "status": "dead",
        "confidence": 0.9502,
        "proj_x": 196730.0868,
        "proj_y": 2419489.2245
      }
    },
    {
      "type": "Feature",
      "geometry": {
        "type": "Point",
        "coordinates": [
          84.0658481,
          21.8536868
        ]
      },
      "properties": {
        "status": "dead",
        "confidence": 1.0,
        "proj_x": 196728.1865,
        "proj_y": 2419524.5858
      }
    },
    {
      "type": "Feature",
      "geometry": {
        "type": "Point",
        "coordinates": [
          84.0660098,
          21.8534525
        ]
      },
      "properties": {
        "status": "dead",
        "confidence": 0.9991,
        "proj_x": 196744.4162,
        "proj_y": 2419498.3152
      }
    },
    {
      "type": "Feature",
      "geometry": {
        "type": "Point",
        "coordinates": [
          84.0653733,
          21.8536431
        ]
      },
      "properties": {
        "status": "dead",
        "confidence": 1.0,
        "proj_x": 196678.9836,
        "proj_y": 2419520.6825
      }
    },
    {
      "type": "Feature",
      "geometry": {
        "type": "Point",
        "coordinates": [
          84.0656908,
          21.8535952
        ]
      },
      "properties": {
        "status": "dead",
        "confidence": 1.0,
        "proj_x": 196711.7256,
        "proj_y": 2419514.7504
      }
    },
    {
      "type": "Feature",
      "geometry": {
        "type": "Point",
        "coordinates": [
          84.0653881,
          21.8537905
        ]
      },
      "properties": {
        "status": "dead",
        "confidence": 1.0,
        "proj_x": 196680.8325,
        "proj_y": 2419536.9893
      }
    },
    {
      "type": "Feature",
      "geometry": {
        "type": "Point",
        "coordinates": [
          84.0655811,
          21.8537156
        ]
      },
      "properties": {
        "status": "dead",
        "confidence": 1.0,
        "proj_x": 196700.6318,
        "proj_y": 2419528.3094
      }
    },
    {
      "type": "Feature",
      "geometry": {
        "type": "Point",
        "coordinates": [
          84.0654956,
          21.8538272
        ]
      },
      "properties": {
        "status": "dead",
        "confidence": 1.0,
        "proj_x": 196692.029,
        "proj_y": 2419540.8413
      }
    },
    {
      "type": "Feature",
      "geometry": {
        "type": "Point",
        "coordinates": [
          84.0656504,
          21.8537006
        ]
      },
      "properties": {
        "status": "dead",
        "confidence": 1.0,
        "proj_x": 196707.7709,
        "proj_y": 2419526.5118
      }
    },
    {
      "type": "Feature",
      "geometry": {
        "type": "Point",
        "coordinates": [
          84.0654821,
          21.8538567
        ]
      },
      "properties": {
        "status": "dead",
        "confidence": 1.0,
        "proj_x": 196690.6937,
        "proj_y": 2419544.1283
      }
    },
    {
      "type": "Feature",
      "geometry": {
        "type": "Point",
        "coordinates": [
          84.0655642,
          21.8536562
        ]
      },
      "properties": {
        "status": "dead",
        "confidence": 1.0,
        "proj_x": 196698.7572,
        "proj_y": 2419521.761
      }
    },
    {
      "type": "Feature",
      "geometry": {
        "type": "Point",
        "coordinates": [
          84.0657796,
          21.8539913
        ]
      },
      "properties": {
        "status": "dead",
        "confidence": 1.0,
        "proj_x": 196721.7408,
        "proj_y": 2419558.4577
      }
    },
    {
      "type": "Feature",
      "geometry": {
        "type": "Point",
        "coordinates": [
          84.0655057,
          21.8537852
        ]
      },
      "properties": {
        "status": "dead",
        "confidence": 1.0,
        "proj_x": 196692.9792,
        "proj_y": 2419536.1675
      }
    },
    {
      "type": "Feature",
      "geometry": {
        "type": "Point",
        "coordinates": [
          84.0654075,
          21.8536082
        ]
      },
      "properties": {
        "status": "dead",
        "confidence": 1.0,
        "proj_x": 196682.4504,
        "proj_y": 2419516.7534
      }
    },
    {
      "type": "Feature",
      "geometry": {
        "type": "Point",
        "coordinates": [
          84.0657562,
          21.8537352
        ]
      },
      "properties": {
        "status": "dead",
        "confidence": 1.0,
        "proj_x": 196718.7876,
        "proj_y": 2419530.1327
      }
    },
    {
      "type": "Feature",
      "geometry": {
        "type": "Point",
        "coordinates": [
          84.0653918,
          21.8533674
        ]
      },
      "properties": {
        "status": "dead",
        "confidence": 1.0,
        "proj_x": 196680.319,
        "proj_y": 2419490.0976
      }
    },
    {
      "type": "Feature",
      "geometry": {
        "type": "Point",
        "coordinates": [
          84.0654935,
          21.853725
        ]
      },
      "properties": {
        "status": "dead",
        "confidence": 1.0,
        "proj_x": 196691.5925,
        "proj_y": 2419529.5164
      }
    },
    {
      "type": "Feature",
      "geometry": {
        "type": "Point",
        "coordinates": [
          84.0654903,
          21.8539523
        ]
      },
      "properties": {
        "status": "dead",
        "confidence": 1.0,
        "proj_x": 196691.7466,
        "proj_y": 2419554.7085
      }
    },
    {
      "type": "Feature",
      "geometry": {
        "type": "Point",
        "coordinates": [
          84.0639927,
          21.8527725
        ]
      },
      "properties": {
        "status": "dead",
        "confidence": 1.0,
        "proj_x": 196534.3538,
        "proj_y": 2419426.9505
      }
    },
    {
      "type": "Feature",
      "geometry": {
        "type": "Point",
        "coordinates": [
          84.0640144,
          21.8527791
        ]
      },
      "properties": {
        "status": "dead",
        "confidence": 1.0,
        "proj_x": 196536.6137,
        "proj_y": 2419427.6438
      }
    },
    {
      "type": "Feature",
      "geometry": {
        "type": "Point",
        "coordinates": [
          84.0641965,
          21.8530876
        ]
      },
      "properties": {
        "status": "dead",
        "confidence": 1.0,
        "proj_x": 196556.1048,
        "proj_y": 2419461.4644
      }
    },
    {
      "type": "Feature",
      "geometry": {
        "type": "Point",
        "coordinates": [
          84.0642354,
          21.8526447
        ]
      },
      "properties": {
        "status": "dead",
        "confidence": 0.9999,
        "proj_x": 196559.1864,
        "proj_y": 2419412.3129
      }
    },
    {
      "type": "Feature",
      "geometry": {
        "type": "Point",
        "coordinates": [
          84.0645303,
          21.8528282
        ]
      },
      "properties": {
        "status": "dead",
        "confidence": 1.0,
        "proj_x": 196590.0794,
        "proj_y": 2419432.0608
      }
    },
    {
      "type": "Feature",
      "geometry": {
        "type": "Point",
        "coordinates": [
          84.064529,
          21.8526742
        ]
      },
      "properties": {
        "status": "dead",
        "confidence": 1.0,
        "proj_x": 196589.6172,
        "proj_y": 2419415.0093
      }
    },
    {
      "type": "Feature",
      "geometry": {
        "type": "Point",
        "coordinates": [
          84.0640789,
          21.852647
        ]
      },
      "properties": {
        "status": "dead",
        "confidence": 0.9999,
        "proj_x": 196543.008,
        "proj_y": 2419412.8778
      }
    },
    {
      "type": "Feature",
      "geometry": {
        "type": "Point",
        "coordinates": [
          84.0640369,
          21.8526724
        ]
      },
      "properties": {
        "status": "dead",
        "confidence": 1.0,
        "proj_x": 196538.7194,
        "proj_y": 2419415.7797
      }
    },
    {
      "type": "Feature",
      "geometry": {
        "type": "Point",
        "coordinates": [
          84.0641218,
          21.852737
        ]
      },
      "properties": {
        "status": "dead",
        "confidence": 1.0,
        "proj_x": 196547.6304,
        "proj_y": 2419422.7646
      }
    },
    {
      "type": "Feature",
      "geometry": {
        "type": "Point",
        "coordinates": [
          84.0641431,
          21.8530776
        ]
      },
      "properties": {
        "status": "dead",
        "confidence": 0.9825,
        "proj_x": 196550.5579,
        "proj_y": 2419460.4629
      }
    },
    {
      "type": "Feature",
      "geometry": {
        "type": "Point",
        "coordinates": [
          84.0645702,
          21.8527941
        ]
      },
      "properties": {
        "status": "dead",
        "confidence": 1.0,
        "proj_x": 196594.1369,
        "proj_y": 2419428.2088
      }
    },
    {
      "type": "Feature",
      "geometry": {
        "type": "Point",
        "coordinates": [
          84.0639424,
          21.8530676
        ]
      },
      "properties": {
        "status": "dead",
        "confidence": 1.0,
        "proj_x": 196529.7828,
        "proj_y": 2419459.7438
      }
    },
    {
      "type": "Feature",
      "geometry": {
        "type": "Point",
        "coordinates": [
          84.0639029,
          21.8532412
        ]
      },
      "properties": {
        "status": "dead",
        "confidence": 0.9996,
        "proj_x": 196526.0592,
        "proj_y": 2419479.0552
      }
    },
    {
      "type": "Feature",
      "geometry": {
        "type": "Point",
        "coordinates": [
          84.0641068,
          21.853029
        ]
      },
      "properties": {
        "status": "dead",
        "confidence": 1.0,
        "proj_x": 196546.7059,
        "proj_y": 2419455.1471
      }
    },
    {
      "type": "Feature",
      "geometry": {
        "type": "Point",
        "coordinates": [
          84.0643661,
          21.8532703
        ]
      },
      "properties": {
        "status": "dead",
        "confidence": 1.0,
        "proj_x": 196574.0294,
        "proj_y": 2419481.3664
      }
    },
    {
      "type": "Feature",
      "geometry": {
        "type": "Point",
        "coordinates": [
          84.06462,
          21.8531302
        ]
      },
      "properties": {
        "status": "dead",
        "confidence": 1.0,
        "proj_x": 196599.9919,
        "proj_y": 2419465.3421
      }
    },
    {
      "type": "Feature",
      "geometry": {
        "type": "Point",
        "coordinates": [
          84.0645599,
          21.8526905
        ]
      },
      "properties": {
        "status": "dead",
        "confidence": 1.0,
        "proj_x": 196592.8529,
        "proj_y": 2419416.7555
      }
    },
    {
      "type": "Feature",
      "geometry": {
        "type": "Point",
        "coordinates": [
          84.064577,
          21.8532643
        ]
      },
      "properties": {
        "status": "dead",
        "confidence": 0.9993,
        "proj_x": 196595.8318,
        "proj_y": 2419480.2878
      }
    },
    {
      "type": "Feature",
      "geometry": {
        "type": "Point",
        "coordinates": [
          84.064562,
          21.8529914
        ]
      },
      "properties": {
        "status": "dead",
        "confidence": 0.9996,
        "proj_x": 196593.7003,
        "proj_y": 2419450.0881
      }
    },
    {
      "type": "Feature",
      "geometry": {
        "type": "Point",
        "coordinates": [
          84.0642295,
          21.8528219
        ]
      },
      "properties": {
        "status": "dead",
        "confidence": 1.0,
        "proj_x": 196558.9553,
        "proj_y": 2419431.9581
      }
    },
    {
      "type": "Feature",
      "geometry": {
        "type": "Point",
        "coordinates": [
          84.0644977,
          21.8533079
        ]
      },
      "properties": {
        "status": "dead",
        "confidence": 0.9999,
        "proj_x": 196587.7169,
        "proj_y": 2419485.2697
      }
    },
    {
      "type": "Feature",
      "geometry": {
        "type": "Point",
        "coordinates": [
          84.0645928,
          21.8531988
        ]
      },
      "properties": {
        "status": "dead",
        "confidence": 1.0,
        "proj_x": 196597.3212,
        "proj_y": 2419472.9947
      }
    },
    {
      "type": "Feature",
      "geometry": {
        "type": "Point",
        "coordinates": [
          84.0644193,
          21.8527467
        ]
      },
      "properties": {
        "status": "dead",
        "confidence": 0.9999,
        "proj_x": 196578.4207,
        "proj_y": 2419423.2525
      }
    },
    {
      "type": "Feature",
      "geometry": {
        "type": "Point",
        "coordinates": [
          84.0646262,
          21.8532413
        ]
      },
      "properties": {
        "status": "dead",
        "confidence": 0.9999,
        "proj_x": 196600.865,
        "proj_y": 2419477.6428
      }
    },
    {
      "type": "Feature",
      "geometry": {
        "type": "Point",
        "coordinates": [
          84.0639121,
          21.8530925
        ]
      },
      "properties": {
        "status": "dead",
        "confidence": 0.9998,
        "proj_x": 196526.7012,
        "proj_y": 2419462.5686
      }
    },
    {
      "type": "Feature",
      "geometry": {
        "type": "Point",
        "coordinates": [
          84.0642994,
          21.8530118
        ]
      },
      "properties": {
        "status": "dead",
        "confidence": 1.0,
        "proj_x": 196566.5822,
        "proj_y": 2419452.8616
      }
    },
    {
      "type": "Feature",
      "geometry": {
        "type": "Point",
        "coordinates": [
          84.064455,
          21.8531838
        ]
      },
      "properties": {
        "status": "dead",
        "confidence": 1.0,
        "proj_x": 196583.0431,
        "proj_y": 2419471.608
      }
    },
    {
      "type": "Feature",
      "geometry": {
        "type": "Point",
        "coordinates": [
          84.064254,
          21.8530708
        ]
      },
      "properties": {
        "status": "dead",
        "confidence": 0.9999,
        "proj_x": 196562.0112,
        "proj_y": 2419459.487
      }
    },
    {
      "type": "Feature",
      "geometry": {
        "type": "Point",
        "coordinates": [
          84.0646116,
          21.852761
        ]
      },
      "properties": {
        "status": "dead",
        "confidence": 1.0,
        "proj_x": 196598.3484,
        "proj_y": 2419424.4595
      }
    },
    {
      "type": "Feature",
      "geometry": {
        "type": "Point",
        "coordinates": [
          84.0645574,
          21.8530354
        ]
      },
      "properties": {
        "status": "dead",
        "confidence": 1.0,
        "proj_x": 196593.3151,
        "proj_y": 2419454.9673
      }
    },
    {
      "type": "Feature",
      "geometry": {
        "type": "Point",
        "coordinates": [
          84.0639177,
          21.8532567
        ]
      },
      "properties": {
        "status": "dead",
        "confidence": 0.9995,
        "proj_x": 196527.6257,
        "proj_y": 2419480.7501
      }
    },
    {
      "type": "Feature",
      "geometry": {
        "type": "Point",
        "coordinates": [
          84.0646056,
          21.8531879
        ]
      },
      "properties": {
        "status": "dead",
        "confidence": 1.0,
        "proj_x": 196598.6309,
        "proj_y": 2419471.7621
      }
    },
    {
      "type": "Feature",
      "geometry": {
        "type": "Point",
        "coordinates": [
          84.0641739,
          21.8526285
        ]
      },
      "properties": {
        "status": "dead",
        "confidence": 1.0,
        "proj_x": 196552.7921,
        "proj_y": 2419410.6437
      }
    },
    {
      "type": "Feature",
      "geometry": {
        "type": "Point",
        "coordinates": [
          84.063893,
          21.8531436
        ]
      },
      "properties": {
        "status": "dead",
        "confidence": 0.9999,
        "proj_x": 196524.8265,
        "proj_y": 2419468.2696
      }
    },
    {
      "type": "Feature",
      "geometry": {
        "type": "Point",
        "coordinates": [
          84.0639283,
          21.8530522
        ]
      },
      "properties": {
        "status": "dead",
        "confidence": 1.0,
        "proj_x": 196528.2933,
        "proj_y": 2419458.0746
      }
    },
    {
      "type": "Feature",
      "geometry": {
        "type": "Point",
        "coordinates": [
          84.0636451,
          21.8530861
        ]
      },
      "properties": {
        "status": "dead",
        "confidence": 0.9999,
        "proj_x": 196499.0695,
        "proj_y": 2419462.3889
      }
    },
    {
      "type": "Feature",
      "geometry": {
        "type": "Point",
        "coordinates": [
          84.063726,
          21.8533052
        ]
      },
      "properties": {
        "status": "dead",
        "confidence": 0.9999,
        "proj_x": 196507.9034,
        "proj_y": 2419486.5024
      }
    },
    {
      "type": "Feature",
      "geometry": {
        "type": "Point",
        "coordinates": [
          84.0638234,
          21.8526596
        ]
      },
      "properties": {
        "status": "dead",
        "confidence": 1.0,
        "proj_x": 196516.6089,
        "proj_y": 2419414.7781
      }
    },
    {
      "type": "Feature",
      "geometry": {
        "type": "Point",
        "coordinates": [
          84.0638501,
          21.8529702
        ]
      },
      "properties": {
        "status": "dead",
        "confidence": 1.0,
        "proj_x": 196520.0244,
        "proj_y": 2419449.138
      }
    },
    {
      "type": "Feature",
      "geometry": {
        "type": "Point",
        "coordinates": [
          84.0636084,
          21.8531562
        ]
      },
      "properties": {
        "status": "dead",
        "confidence": 0.492,
        "proj_x": 196495.423,
        "proj_y": 2419470.2213
      }
    },
    {
      "type": "Feature",
      "geometry": {
        "type": "Point",
        "coordinates": [
          84.063683,
          21.8527623
        ]
      },
      "properties": {
        "status": "dead",
        "confidence": 1.0,
        "proj_x": 196502.3052,
        "proj_y": 2419426.4369
      }
    },
    {
      "type": "Feature",
      "geometry": {
        "type": "Point",
        "coordinates": [
          84.0636177,
          21.8532597
        ]
      },
      "properties": {
        "status": "dead",
        "confidence": 0.9999,
        "proj_x": 196496.6042,
        "proj_y": 2419481.6745
      }
    },
    {
      "type": "Feature",
      "geometry": {
        "type": "Point",
        "coordinates": [
          84.0637495,
          21.8529561
        ]
      },
      "properties": {
        "status": "dead",
        "confidence": 0.9937,
        "proj_x": 196509.5983,
        "proj_y": 2419447.7769
      }
    },
    {
      "type": "Feature",
      "geometry": {
        "type": "Point",
        "coordinates": [
          84.0638053,
          21.8530732
        ]
      },
      "properties": {
        "status": "dead",
        "confidence": 1.0,
        "proj_x": 196515.6074,
        "proj_y": 2419460.6426
      }
    },
    {
      "type": "Feature",
      "geometry": {
        "type": "Point",
        "coordinates": [
          84.0638122,
          21.8527087
        ]
      },
      "properties": {
        "status": "dead",
        "confidence": 1.0,
        "proj_x": 196515.5561,
        "proj_y": 2419420.248
      }
    },
    {
      "type": "Feature",
      "geometry": {
        "type": "Point",
        "coordinates": [
          84.0638423,
          21.8529515
        ]
      },
      "properties": {
        "status": "dead",
        "confidence": 0.9999,
        "proj_x": 196519.1769,
        "proj_y": 2419447.0836
      }
    },
    {
      "type": "Feature",
      "geometry": {
        "type": "Point",
        "coordinates": [
          84.0636558,
          21.8526851
        ]
      },
      "properties": {
        "status": "dead",
        "confidence": 0.9999,
        "proj_x": 196499.3263,
        "proj_y": 2419417.9368
      }
    },
    {
      "type": "Feature",
      "geometry": {
        "type": "Point",
        "coordinates": [
          84.063679,
          21.8531382
        ]
      },
      "properties": {
        "status": "dead",
        "confidence": 1.0,
        "proj_x": 196502.6904,
        "proj_y": 2419468.0898
      }
    },
    {
      "type": "Feature",
      "geometry": {
        "type": "Point",
        "coordinates": [
          84.0637732,
          21.8529431
        ]
      },
      "properties": {
        "status": "dead",
        "confidence": 1.0,
        "proj_x": 196512.0122,
        "proj_y": 2419446.2875
      }
    },
    {
      "type": "Feature",
      "geometry": {
        "type": "Point",
        "coordinates": [
          84.063671,
          21.8532519
        ]
      },
      "properties": {
        "status": "dead",
        "confidence": 0.9996,
        "proj_x": 196502.0997,
        "proj_y": 2419480.6987
      }
    },
    {
      "type": "Feature",
      "geometry": {
        "type": "Point",
        "coordinates": [
          84.0637545,
          21.8529312
        ]
      },
      "properties": {
        "status": "dead",
        "confidence": 1.0,
        "proj_x": 196510.0605,
        "proj_y": 2419445.0035
      }
    },
    {
      "type": "Feature",
      "geometry": {
        "type": "Point",
        "coordinates": [
          84.0636785,
          21.8526442
        ]
      },
      "properties": {
        "status": "dead",
        "confidence": 1.0,
        "proj_x": 196501.5862,
        "proj_y": 2419413.3657
      }
    },
    {
      "type": "Feature",
      "geometry": {
        "type": "Point",
        "coordinates": [
          84.0637268,
          21.8528542
        ]
      },
      "properties": {
        "status": "dead",
        "confidence": 1.0,
        "proj_x": 196507.0303,
        "proj_y": 2419436.5291
      }
    },
    {
      "type": "Feature",
      "geometry": {
        "type": "Point",
        "coordinates": [
          84.0652507,
          21.8529961
        ]
      },
      "properties": {
        "status": "dead",
        "confidence": 1.0,
        "proj_x": 196664.9366,
        "proj_y": 2419449.2407
      }
    },
    {
      "type": "Feature",
      "geometry": {
        "type": "Point",
        "coordinates": [
          84.0652619,
          21.8531759
        ]
      },
      "properties": {
        "status": "dead",
        "confidence": 1.0,
        "proj_x": 196666.4774,
        "proj_y": 2419469.1427
      }
    },
    {
      "type": "Feature",
      "geometry": {
        "type": "Point",
        "coordinates": [
          84.0649919,
          21.8528774
        ]
      },
      "properties": {
        "status": "dead",
        "confidence": 0.9999,
        "proj_x": 196637.9213,
        "proj_y": 2419436.6061
      }
    },
    {
      "type": "Feature",
      "geometry": {
        "type": "Point",
        "coordinates": [
          84.0651209,
          21.8531263
        ]
      },
      "properties": {
        "status": "dead",
        "confidence": 1.0,
        "proj_x": 196651.7885,
        "proj_y": 2419463.9297
      }
    },
    {
      "type": "Feature",
      "geometry": {
        "type": "Point",
        "coordinates": [
          84.0652382,
          21.8528881
        ]
      },
      "properties": {
        "status": "dead",
        "confidence": 1.0,
        "proj_x": 196663.4215,
        "proj_y": 2419437.2995
      }
    },
    {
      "type": "Feature",
      "geometry": {
        "type": "Point",
        "coordinates": [
          84.065196,
          21.8526833
        ]
      },
      "properties": {
        "status": "dead",
        "confidence": 1.0,
        "proj_x": 196658.6193,
        "proj_y": 2419414.7011
      }
    },
    {
      "type": "Feature",
      "geometry": {
        "type": "Point",
        "coordinates": [
          84.0648521,
          21.8530103
        ]
      },
      "properties": {
        "status": "dead",
        "confidence": 1.0,
        "proj_x": 196623.7459,
        "proj_y": 2419451.6033
      }
    },
    {
      "type": "Feature",
      "geometry": {
        "type": "Point",
        "coordinates": [
          84.0651692,
          21.852729
        ]
      },
      "properties": {
        "status": "dead",
        "confidence": 1.0,
        "proj_x": 196655.9486,
        "proj_y": 2419419.8114
      }
    },
    {
      "type": "Feature",
      "geometry": {
        "type": "Point",
        "coordinates": [
          84.064703,
          21.8530876
        ]
      },
      "properties": {
        "status": "dead",
        "confidence": 1.0,
        "proj_x": 196608.492,
        "proj_y": 2419460.4629
      }
    },
    {
      "type": "Feature",
      "geometry": {
        "type": "Point",
        "coordinates": [
          84.064996,
          21.8529183
        ]
      },
      "properties": {
        "status": "dead",
        "confidence": 0.9993,
        "proj_x": 196638.4349,
        "proj_y": 2419441.1258
      }
    },
    {
      "type": "Feature",
      "geometry": {
        "type": "Point",
        "coordinates": [
          84.0650198,
          21.8531164
        ]
      },
      "properties": {
        "status": "dead",
        "confidence": 1.0,
        "proj_x": 196641.311,
        "proj_y": 2419463.0309
      }
    },
    {
      "type": "Feature",
      "geometry": {
        "type": "Point",
        "coordinates": [
          84.0651797,
          21.8533084
        ]
      },
      "properties": {
        "status": "dead",
        "confidence": 0.9969,
        "proj_x": 196658.2598,
        "proj_y": 2419483.9857
      }
    },
    {
      "type": "Feature",
      "geometry": {
        "type": "Point",
        "coordinates": [
          84.0647467,
          21.85331
        ]
      },
      "properties": {
        "status": "dead",
        "confidence": 0.9988,
        "proj_x": 196613.4739,
        "proj_y": 2419485.0129
      }
    },
    {
      "type": "Feature",
      "geometry": {
        "type": "Point",
        "coordinates": [
          84.0652918,
          21.8529634
        ]
      },
      "properties": {
        "status": "dead",
        "confidence": 1.0,
        "proj_x": 196669.1225,
        "proj_y": 2419445.5428
      }
    },
    {
      "type": "Feature",
      "geometry": {
        "type": "Point",
        "coordinates": [
          84.0651192,
          21.8531945
        ]
      },
      "properties": {
        "status": "dead",
        "confidence": 1.0,
        "proj_x": 196651.7628,
        "proj_y": 2419471.4796
      }
    },
    {
      "type": "Feature",
      "geometry": {
        "type": "Point",
        "coordinates": [
          84.0649223,
          21.8533175
        ]
      },
      "properties": {
        "status": "dead",
        "confidence": 1.0,
        "proj_x": 196631.6554,
        "proj_y": 2419485.5009
      }
    },
    {
      "type": "Feature",
      "geometry": {
        "type": "Point",
        "coordinates": [
          84.0649019,
          21.8531961
        ]
      },
      "properties": {
        "status": "dead",
        "confidence": 1.0,
        "proj_x": 196629.2928,
        "proj_y": 2419472.0959
      }
    },
    {
      "type": "Feature",
      "geometry": {
        "type": "Point",
        "coordinates": [
          84.0652536,
          21.8529264
        ]
      },
      "properties": {
        "status": "dead",
        "confidence": 1.0,
        "proj_x": 196665.0907,
        "proj_y": 2419441.511
      }
    },
    {
      "type": "Feature",
      "geometry": {
        "type": "Point",
        "coordinates": [
          84.0650472,
          21.8531225
        ]
      },
      "properties": {
        "status": "dead",
        "confidence": 1.0,
        "proj_x": 196644.1615,
        "proj_y": 2419463.6472
      }
    },
    {
      "type": "Feature",
      "geometry": {
        "type": "Point",
        "coordinates": [
          84.0651845,
          21.8532213
        ]
      },
      "properties": {
        "status": "dead",
        "confidence": 1.0,
        "proj_x": 196658.568,
        "proj_y": 2419474.3301
      }
    },
    {
      "type": "Feature",
      "geometry": {
        "type": "Point",
        "coordinates": [
          84.0652416,
          21.8532961
        ]
      },
      "properties": {
        "status": "dead",
        "confidence": 1.0,
        "proj_x": 196664.6285,
        "proj_y": 2419482.4963
      }
    },
    {
      "type": "Feature",
      "geometry": {
        "type": "Point",
        "coordinates": [
          84.0650084,
          21.8528587
        ]
      },
      "properties": {
        "status": "dead",
        "confidence": 1.0,
        "proj_x": 196639.5905,
        "proj_y": 2419434.5004
      }
    },
    {
      "type": "Feature",
      "geometry": {
        "type": "Point",
        "coordinates": [
          84.0646568,
          21.8531897
        ]
      },
      "properties": {
        "status": "dead",
        "confidence": 1.0,
        "proj_x": 196603.9209,
        "proj_y": 2419471.8648
      }
    },
    {
      "type": "Feature",
      "geometry": {
        "type": "Point",
        "coordinates": [
          84.0648122,
          21.8528853
        ]
      },
      "properties": {
        "status": "dead",
        "confidence": 1.0,
        "proj_x": 196619.3546,
        "proj_y": 2419437.8388
      }
    },
    {
      "type": "Feature",
      "geometry": {
        "type": "Point",
        "coordinates": [
          84.0651116,
          21.8529621
        ]
      },
      "properties": {
        "status": "dead",
        "confidence": 1.0,
        "proj_x": 196650.4788,
        "proj_y": 2419445.7482
      }
    },
    {
      "type": "Feature",
      "geometry": {
        "type": "Point",
        "coordinates": [
          84.0646473,
          21.8529837
        ]
      },
      "properties": {
        "status": "dead",
        "confidence": 1.0,
        "proj_x": 196602.5085,
        "proj_y": 2419449.0609
      }
    },
    {
      "type": "Feature",
      "geometry": {
        "type": "Point",
        "coordinates": [
          84.0653388,
          21.8528855
        ]
      },
      "properties": {
        "status": "dead",
        "confidence": 1.0,
        "proj_x": 196673.8219,
        "proj_y": 2419436.8116
      }
    },
    {
      "type": "Feature",
      "geometry": {
        "type": "Point",
        "coordinates": [
          84.0649445,
          21.8532166
        ]
      },
      "properties": {
        "status": "dead",
        "confidence": 1.0,
        "proj_x": 196633.7354,
        "proj_y": 2419474.2787
      }
    },
    {
      "type": "Feature",
      "geometry": {
        "type": "Point",
        "coordinates": [
          84.0652866,
          21.8528773
        ]
      },
      "properties": {
        "status": "dead",
        "confidence": 1.0,
        "proj_x": 196668.4034,
        "proj_y": 2419436.0155
      }
    },
    {
      "type": "Feature",
      "geometry": {
        "type": "Point",
        "coordinates": [
          84.0647457,
          21.8527398
        ]
      },
      "properties": {
        "status": "dead",
        "confidence": 1.0,
        "proj_x": 196612.1642,
        "proj_y": 2419421.8401
      }
    },
    {
      "type": "Feature",
      "geometry": {
        "type": "Point",
        "coordinates": [
          84.0650724,
          21.8531146
        ]
      },
      "properties": {
        "status": "dead",
        "confidence": 1.0,
        "proj_x": 196646.7552,
        "proj_y": 2419462.7227
      }
    },
    {
      "type": "Feature",
      "geometry": {
        "type": "Point",
        "coordinates": [
          84.0647926,
          21.8531875
        ]
      },
      "properties": {
        "status": "dead",
        "confidence": 1.0,
        "proj_x": 196617.9679,
        "proj_y": 2419471.3512
      }
    },
    {
      "type": "Feature",
      "geometry": {
        "type": "Point",
        "coordinates": [
          84.0649795,
          21.853048
        ]
      },
      "properties": {
        "status": "dead",
        "confidence": 0.9999,
        "proj_x": 196636.9968,
        "proj_y": 2419455.5323
      }
    },
    {
      "type": "Feature",
      "geometry": {
        "type": "Point",
        "coordinates": [
          84.0653168,
          21.8528579
        ]
      },
      "properties": {
        "status": "dead",
        "confidence": 1.0,
        "proj_x": 196671.485,
        "proj_y": 2419433.807
      }
    },
    {
      "type": "Feature",
      "geometry": {
        "type": "Point",
        "coordinates": [
          84.0647448,
          21.8531231
        ]
      },
      "properties": {
        "status": "dead",
        "confidence": 1.0,
        "proj_x": 196612.8833,
        "proj_y": 2419464.3149
      }
    },
    {
      "type": "Feature",
      "geometry": {
        "type": "Point",
        "coordinates": [
          84.0650209,
          21.8532787
        ]
      },
      "properties": {
        "status": "dead",
        "confidence": 1.0,
        "proj_x": 196641.7733,
        "proj_y": 2419481.0069
      }
    },
    {
      "type": "Feature",
      "geometry": {
        "type": "Point",
        "coordinates": [
          84.0648639,
          21.8531276
        ]
      },
      "properties": {
        "status": "dead",
        "confidence": 1.0,
        "proj_x": 196625.2097,
        "proj_y": 2419464.5717
      }
    },
    {
      "type": "Feature",
      "geometry": {
        "type": "Point",
        "coordinates": [
          84.0647973,
          21.8531278
        ]
      },
      "properties": {
        "status": "dead",
        "confidence": 1.0,
        "proj_x": 196618.3274,
        "proj_y": 2419464.7257
      }
    },
    {
      "type": "Feature",
      "geometry": {
        "type": "Point",
        "coordinates": [
          84.0647024,
          21.8532524
        ]
      },
      "properties": {
        "status": "dead",
        "confidence": 1.0,
        "proj_x": 196608.7745,
        "proj_y": 2419478.7213
      }
    },
    {
      "type": "Feature",
      "geometry": {
        "type": "Point",
        "coordinates": [
          84.0652632,
          21.8529038
        ]
      },
      "properties": {
        "status": "dead",
        "confidence": 1.0,
        "proj_x": 196666.0409,
        "proj_y": 2419438.9944
      }
    },
    {
      "type": "Feature",
      "geometry": {
        "type": "Point",
        "coordinates": [
          84.0649609,
          21.8532637
        ]
      },
      "properties": {
        "status": "dead",
        "confidence": 1.0,
        "proj_x": 196635.533,
        "proj_y": 2419479.4661
      }
    },
    {
      "type": "Feature",
      "geometry": {
        "type": "Point",
        "coordinates": [
          84.0647527,
          21.8528342
        ]
      },
      "properties": {
        "status": "dead",
        "confidence": 1.0,
        "proj_x": 196613.0887,
        "proj_y": 2419432.2919
      }
    },
    {
      "type": "Feature",
      "geometry": {
        "type": "Point",
        "coordinates": [
          84.0659532,
          21.8531504
        ]
      },
      "properties": {
        "status": "dead",
        "confidence": 1.0,
        "proj_x": 196737.9192,
        "proj_y": 2419464.9569
      }
    },
    {
      "type": "Feature",
      "geometry": {
        "type": "Point",
        "coordinates": [
          84.0656455,
          21.8532986
        ]
      },
      "properties": {
        "status": "dead",
        "confidence": 1.0,
        "proj_x": 196706.4098,
        "proj_y": 2419481.9827
      }
    },
    {
      "type": "Feature",
      "geometry": {
        "type": "Point",
        "coordinates": [
          84.0660935,
          21.8529886
        ]
      },
      "properties": {
        "status": "dead",
        "confidence": 0.4943,
        "proj_x": 196752.0946,
        "proj_y": 2419446.7497
      }
    },
    {
      "type": "Feature",
      "geometry": {
        "type": "Point",
        "coordinates": [
          84.0658794,
          21.8531767
        ]
      },
      "properties": {
        "status": "dead",
        "confidence": 0.9991,
        "proj_x": 196730.3436,
        "proj_y": 2419468.0128
      }
    },
    {
      "type": "Feature",
      "geometry": {
        "type": "Point",
        "coordinates": [
          84.0660294,
          21.8527376
        ]
      },
      "properties": {
        "status": "dead",
        "confidence": 1.0,
        "proj_x": 196744.9298,
        "proj_y": 2419419.0667
      }
    },
    {
      "type": "Feature",
      "geometry": {
        "type": "Point",
        "coordinates": [
          84.0659786,
          21.852987
        ]
      },
      "properties": {
        "status": "dead",
        "confidence": 0.4943,
        "proj_x": 196740.2047,
        "proj_y": 2419446.8011
      }
    },
    {
      "type": "Feature",
      "geometry": {
        "type": "Point",
        "coordinates": [
          84.0660701,
          21.8528943
        ]
      },
      "properties": {
        "status": "dead",
        "confidence": 0.4943,
        "proj_x": 196749.4752,
        "proj_y": 2419436.3493
      }
    },
    {
      "type": "Feature",
      "geometry": {
        "type": "Point",
        "coordinates": [
          84.0659415,
          21.8529298
        ]
      },
      "properties": {
        "status": "dead",
        "confidence": 0.4943,
        "proj_x": 196736.25,
        "proj_y": 2419440.5352
      }
    },
    {
      "type": "Feature",
      "geometry": {
        "type": "Point",
        "coordinates": [
          84.0659966,
          21.8527268
        ]
      },
      "properties": {
        "status": "dead",
        "confidence": 1.0,
        "proj_x": 196741.5144,
        "proj_y": 2419417.9368
      }
    },
    {
      "type": "Feature",
      "geometry": {
        "type": "Point",
        "coordinates": [
          84.0656187,
          21.8528594
        ]
      },
      "properties": {
        "status": "dead",
        "confidence": 0.9999,
        "proj_x": 196702.7119,
        "proj_y": 2419433.3705
      }
    },
    {
      "type": "Feature",
      "geometry": {
        "type": "Point",
        "coordinates": [
          84.066058,
          21.85271
        ]
      },
      "properties": {
        "status": "dead",
        "confidence": 1.0,
        "proj_x": 196747.8317,
        "proj_y": 2419415.9594
      }
    },
    {
      "type": "Feature",
      "geometry": {
        "type": "Point",
        "coordinates": [
          84.0658297,
          21.8530819
        ]
      },
      "properties": {
        "status": "dead",
        "confidence": 0.9997,
        "proj_x": 196725.0022,
        "proj_y": 2419457.6124
      }
    },
    {
      "type": "Feature",
      "geometry": {
        "type": "Point",
        "coordinates": [
          84.0660033,
          21.8526873
        ]
      },
      "properties": {
        "status": "dead",
        "confidence": 1.0,
        "proj_x": 196742.1307,
        "proj_y": 2419413.5455
      }
    },
    {
      "type": "Feature",
      "geometry": {
        "type": "Point",
        "coordinates": [
          84.0657122,
          21.8532428
        ]
      },
      "properties": {
        "status": "dead",
        "confidence": 1.0,
        "proj_x": 196713.1894,
        "proj_y": 2419475.6654
      }
    },
    {
      "type": "Feature",
      "geometry": {
        "type": "Point",
        "coordinates": [
          84.0657823,
          21.852691
        ]
      },
      "properties": {
        "status": "dead",
        "confidence": 1.0,
        "proj_x": 196719.2755,
        "proj_y": 2419414.3929
      }
    },
    {
      "type": "Feature",
      "geometry": {
        "type": "Point",
        "coordinates": [
          84.0658043,
          21.8530094
        ]
      },
      "properties": {
        "status": "dead",
        "confidence": 0.4943,
        "proj_x": 196722.2287,
        "proj_y": 2419449.6259
      }
    },
    {
      "type": "Feature",
      "geometry": {
        "type": "Point",
        "coordinates": [
          84.0658345,
          21.8531629
        ]
      },
      "properties": {
        "status": "dead",
        "confidence": 0.9978,
        "proj_x": 196725.6698,
        "proj_y": 2419466.5747
      }
    },
    {
      "type": "Feature",
      "geometry": {
        "type": "Point",
        "coordinates": [
          84.0660595,
          21.8528552
        ]
      },
      "properties": {
        "status": "dead",
        "confidence": 0.4943,
        "proj_x": 196748.2939,
        "proj_y": 2419432.0351
      }
    },
    {
      "type": "Feature",
      "geometry": {
        "type": "Point",
        "coordinates": [
          84.0660101,
          21.8529401
        ]
      },
      "properties": {
        "status": "dead",
        "confidence": 0.4943,
        "proj_x": 196743.3633,
        "proj_y": 2419441.5367
      }
    },
    {
      "type": "Feature",
      "geometry": {
        "type": "Point",
        "coordinates": [
          84.0654415,
          21.8528935
        ]
      },
      "properties": {
        "status": "dead",
        "confidence": 1.0,
        "proj_x": 196684.4534,
        "proj_y": 2419437.5049
      }
    },
    {
      "type": "Feature",
      "geometry": {
        "type": "Point",
        "coordinates": [
          84.0658379,
          21.8532026
        ]
      },
      "properties": {
        "status": "dead",
        "confidence": 0.9994,
        "proj_x": 196726.1064,
        "proj_y": 2419470.966
      }
    },
    {
      "type": "Feature",
      "geometry": {
        "type": "Point",
        "coordinates": [
          84.0658578,
          21.8528602
        ]
      },
      "properties": {
        "status": "dead",
        "confidence": 1.0,
        "proj_x": 196727.4417,
        "proj_y": 2419432.9853
      }
    },
    {
      "type": "Feature",
      "geometry": {
        "type": "Point",
        "coordinates": [
          84.0654354,
          21.8532627
        ]
      },
      "properties": {
        "status": "dead",
        "confidence": 1.0,
        "proj_x": 196684.6075,
        "proj_y": 2419478.4132
      }
    },
    {
      "type": "Feature",
      "geometry": {
        "type": "Point",
        "coordinates": [
          84.0660517,
          21.8530073
        ]
      },
      "properties": {
        "status": "dead",
        "confidence": 0.4943,
        "proj_x": 196747.806,
        "proj_y": 2419448.9069
      }
    },
    {
      "type": "Feature",
      "geometry": {
        "type": "Point",
        "coordinates": [
          84.0658684,
          21.8528145
        ]
      },
      "properties": {
        "status": "dead",
        "confidence": 1.0,
        "proj_x": 196728.4433,
        "proj_y": 2419427.9006
      }
    },
    {
      "type": "Feature",
      "geometry": {
        "type": "Point",
        "coordinates": [
          84.0656309,
          21.8530863
        ]
      },
      "properties": {
        "status": "dead",
        "confidence": 0.9998,
        "proj_x": 196704.4581,
        "proj_y": 2419458.4855
      }
    },
    {
      "type": "Feature",
      "geometry": {
        "type": "Point",
        "coordinates": [
          84.0655716,
          21.8531708
        ]
      },
      "properties": {
        "status": "dead",
        "confidence": 0.9999,
        "proj_x": 196698.5004,
        "proj_y": 2419467.9614
      }
    },
    {
      "type": "Feature",
      "geometry": {
        "type": "Point",
        "coordinates": [
          84.0656919,
          21.8532026
        ]
      },
      "properties": {
        "status": "dead",
        "confidence": 1.0,
        "proj_x": 196711.0065,
        "proj_y": 2419471.2485
      }
    },
    {
      "type": "Feature",
      "geometry": {
        "type": "Point",
        "coordinates": [
          84.0657413,
          21.8529705
        ]
      },
      "properties": {
        "status": "dead",
        "confidence": 0.9986,
        "proj_x": 196715.629,
        "proj_y": 2419445.4401
      }
    },
    {
      "type": "Feature",
      "geometry": {
        "type": "Point",
        "coordinates": [
          84.0657473,
          21.8529548
        ]
      },
      "properties": {
        "status": "dead",
        "confidence": 0.9639,
        "proj_x": 196716.2196,
        "proj_y": 2419443.6938
      }
    },
    {
      "type": "Feature",
      "geometry": {
        "type": "Point",
        "coordinates": [
          84.0660188,
          21.8530146
        ]
      },
      "properties": {
        "status": "dead",
        "confidence": 0.4943,
        "proj_x": 196744.4162,
        "proj_y": 2419449.78
      }
    },
    {
      "type": "Feature",
      "geometry": {
        "type": "Point",
        "coordinates": [
          84.065544,
          21.8530171
        ]
      },
      "properties": {
        "status": "dead",
        "confidence": 0.9993,
        "proj_x": 196695.3161,
        "proj_y": 2419450.9869
      }
    },
    {
      "type": "Feature",
      "geometry": {
        "type": "Point",
        "coordinates": [
          84.0658994,
          21.8529019
        ]
      },
      "properties": {
        "status": "dead",
        "confidence": 0.8591,
        "proj_x": 196731.833,
        "proj_y": 2419437.5306
      }
    },
    {
      "type": "Feature",
      "geometry": {
        "type": "Point",
        "coordinates": [
          84.0659266,
          21.8532487
        ]
      },
      "properties": {
        "status": "dead",
        "confidence": 0.9579,
        "proj_x": 196735.3769,
        "proj_y": 2419475.8965
      }
    },
    {
      "type": "Feature",
      "geometry": {
        "type": "Point",
        "coordinates": [
          84.0654576,
          21.8527849
        ]
      },
      "properties": {
        "status": "dead",
        "confidence": 1.0,
        "proj_x": 196685.8915,
        "proj_y": 2419425.4353
      }
    },
    {
      "type": "Feature",
      "geometry": {
        "type": "Point",
        "coordinates": [
          84.0657061,
          21.8527624
        ]
      },
      "properties": {
        "status": "dead",
        "confidence": 0.9991,
        "proj_x": 196711.5458,
        "proj_y": 2419422.4565
      }
    },
    {
      "type": "Feature",
      "geometry": {
        "type": "Point",
        "coordinates": [
          84.06587,
          21.8530514
        ]
      },
      "properties": {
        "status": "dead",
        "confidence": 0.9998,
        "proj_x": 196729.111,
        "proj_y": 2419454.1456
      }
    },
    {
      "type": "Feature",
      "geometry": {
        "type": "Point",
        "coordinates": [
          84.0659042,
          21.8528635
        ]
      },
      "properties": {
        "status": "dead",
        "confidence": 1.0,
        "proj_x": 196732.2439,
        "proj_y": 2419433.2677
      }
    },
    {
      "type": "Feature",
      "geometry": {
        "type": "Point",
        "coordinates": [
          84.0655658,
          21.852785
        ]
      },
      "properties": {
        "status": "dead",
        "confidence": 1.0,
        "proj_x": 196697.088,
        "proj_y": 2419425.2299
      }
    },
    {
      "type": "Feature",
      "geometry": {
        "type": "Point",
        "coordinates": [
          84.0658813,
          21.8528629
        ]
      },
      "properties": {
        "status": "dead",
        "confidence": 1.0,
        "proj_x": 196729.8814,
        "proj_y": 2419433.2421
      }
    },
    {
      "type": "Feature",
      "geometry": {
        "type": "Point",
        "coordinates": [
          84.0657341,
          21.8533222
        ]
      },
      "properties": {
        "status": "dead",
        "confidence": 1.0,
        "proj_x": 196715.629,
        "proj_y": 2419484.4223
      }
    },
    {
      "type": "Feature",
      "geometry": {
        "type": "Point",
        "coordinates": [
          84.0658512,
          21.853049
        ]
      },
      "properties": {
        "status": "dead",
        "confidence": 0.9998,
        "proj_x": 196727.1593,
        "proj_y": 2419453.9145
      }
    },
    {
      "type": "Feature",
      "geometry": {
        "type": "Point",
        "coordinates": [
          84.0657774,
          21.8529169
        ]
      },
      "properties": {
        "status": "dead",
        "confidence": 0.9959,
        "proj_x": 196719.2498,
        "proj_y": 2419439.4309
      }
    },
    {
      "type": "Feature",
      "geometry": {
        "type": "Point",
        "coordinates": [
          84.0655856,
          21.8527042
        ]
      },
      "properties": {
        "status": "dead",
        "confidence": 0.9995,
        "proj_x": 196698.9626,
        "proj_y": 2419416.2419
      }
    },
    {
      "type": "Feature",
      "geometry": {
        "type": "Point",
        "coordinates": [
          84.0655686,
          21.8527614
        ]
      },
      "properties": {
        "status": "dead",
        "confidence": 1.0,
        "proj_x": 196697.3191,
        "proj_y": 2419422.6105
      }
    },
    {
      "type": "Feature",
      "geometry": {
        "type": "Point",
        "coordinates": [
          84.065631,
          21.8530251
        ]
      },
      "properties": {
        "status": "dead",
        "confidence": 1.0,
        "proj_x": 196704.3298,
        "proj_y": 2419451.706
      }
    },
    {
      "type": "Feature",
      "geometry": {
        "type": "Point",
        "coordinates": [
          84.0657101,
          21.8529085
        ]
      },
      "properties": {
        "status": "dead",
        "confidence": 1.0,
        "proj_x": 196712.2649,
        "proj_y": 2419438.6349
      }
    },
    {
      "type": "Feature",
      "geometry": {
        "type": "Point",
        "coordinates": [
          84.066002,
          21.852828
        ]
      },
      "properties": {
        "status": "dead",
        "confidence": 0.9913,
        "proj_x": 196742.2848,
        "proj_y": 2419429.1333
      }
    },
    {
      "type": "Feature",
      "geometry": {
        "type": "Point",
        "coordinates": [
          84.0659606,
          21.8532354
        ]
      },
      "properties": {
        "status": "dead",
        "confidence": 0.9998,
        "proj_x": 196738.8693,
        "proj_y": 2419474.3557
      }
    },
    {
      "type": "Feature",
      "geometry": {
        "type": "Point",
        "coordinates": [
          84.0657588,
          21.8533401
        ]
      },
      "properties": {
        "status": "dead",
        "confidence": 1.0,
        "proj_x": 196718.2226,
        "proj_y": 2419486.3483
      }
    },
    {
      "type": "Feature",
      "geometry": {
        "type": "Point",
        "coordinates": [
          84.0659865,
          21.8532922
        ]
      },
      "properties": {
        "status": "dead",
        "confidence": 0.9885,
        "proj_x": 196741.6685,
        "proj_y": 2419480.596
      }
    },
    {
      "type": "Feature",
      "geometry": {
        "type": "Point",
        "coordinates": [
          84.0658415,
          21.8533172
        ]
      },
      "properties": {
        "status": "dead",
        "confidence": 1.0,
        "proj_x": 196726.7227,
        "proj_y": 2419483.6519
      }
    },
    {
      "type": "Feature",
      "geometry": {
        "type": "Point",
        "coordinates": [
          84.0666549,
          21.8533808
        ]
      },
      "properties": {
        "status": "dead",
        "confidence": 0.4943,
        "proj_x": 196810.9788,
        "proj_y": 2419489.0961
      }
    },
    {
      "type": "Feature",
      "geometry": {
        "type": "Point",
        "coordinates": [
          84.0662158,
          21.8538836
        ]
      },
      "properties": {
        "status": "dead",
        "confidence": 0.9999,
        "proj_x": 196766.6294,
        "proj_y": 2419545.6691
      }
    },
    {
      "type": "Feature",
      "geometry": {
        "type": "Point",
        "coordinates": [
          84.0662837,
          21.8536955
        ]
      },
      "properties": {
        "status": "dead",
        "confidence": 0.4943,
        "proj_x": 196773.2549,
        "proj_y": 2419524.6885
      }
    },
    {
      "type": "Feature",
      "geometry": {
        "type": "Point",
        "coordinates": [
          84.066766,
          21.8539333
        ]
      },
      "properties": {
        "status": "dead",
        "confidence": 0.4943,
        "proj_x": 196823.639,
        "proj_y": 2419550.0861
      }
    },
    {
      "type": "Feature",
      "geometry": {
        "type": "Point",
        "coordinates": [
          84.0662988,
          21.8535859
        ]
      },
      "properties": {
        "status": "dead",
        "confidence": 0.4943,
        "proj_x": 196774.5902,
        "proj_y": 2419512.5162
      }
    },
    {
      "type": "Feature",
      "geometry": {
        "type": "Point",
        "coordinates": [
          84.0662994,
          21.8535099
        ]
      },
      "properties": {
        "status": "dead",
        "confidence": 0.4943,
        "proj_x": 196774.4875,
        "proj_y": 2419504.0932
      }
    },
    {
      "type": "Feature",
      "geometry": {
        "type": "Point",
        "coordinates": [
          84.066259,
          21.853505
        ]
      },
      "properties": {
        "status": "dead",
        "confidence": 0.4943,
        "proj_x": 196770.3017,
        "proj_y": 2419503.6309
      }
    },
    {
      "type": "Feature",
      "geometry": {
        "type": "Point",
        "coordinates": [
          84.0662625,
          21.8535996
        ]
      },
      "properties": {
        "status": "dead",
        "confidence": 0.4943,
        "proj_x": 196770.8666,
        "proj_y": 2419514.1084
      }
    },
    {
      "type": "Feature",
      "geometry": {
        "type": "Point",
        "coordinates": [
          84.0661751,
          21.854015
        ]
      },
      "properties": {
        "status": "dead",
        "confidence": 0.9806,
        "proj_x": 196762.7004,
        "proj_y": 2419560.3067
      }
    },
    {
      "type": "Feature",
      "geometry": {
        "type": "Point",
        "coordinates": [
          84.0664557,
          21.8534192
        ]
      },
      "properties": {
        "status": "dead",
        "confidence": 0.4943,
        "proj_x": 196790.4605,
        "proj_y": 2419493.7441
      }
    },
    {
      "type": "Feature",
      "geometry": {
        "type": "Point",
        "coordinates": [
          84.0664412,
          21.8538241
        ]
      },
      "properties": {
        "status": "dead",
        "confidence": 0.4943,
        "proj_x": 196789.8185,
        "proj_y": 2419538.6328
      }
    },
    {
      "type": "Feature",
      "geometry": {
        "type": "Point",
        "coordinates": [
          84.0667766,
          21.853389
        ]
      },
      "properties": {
        "status": "dead",
        "confidence": 0.4943,
        "proj_x": 196823.5877,
        "proj_y": 2419489.7637
      }
    },
    {
      "type": "Feature",
      "geometry": {
        "type": "Point",
        "coordinates": [
          84.0668499,
          21.8540298
        ]
      },
      "properties": {
        "status": "dead",
        "confidence": 0.4943,
        "proj_x": 196832.5243,
        "proj_y": 2419560.6149
      }
    },
    {
      "type": "Feature",
      "geometry": {
        "type": "Point",
        "coordinates": [
          84.0661476,
          21.853831
        ]
      },
      "properties": {
        "status": "dead",
        "confidence": 0.9999,
        "proj_x": 196759.4647,
        "proj_y": 2419539.9681
      }
    },
    {
      "type": "Feature",
      "geometry": {
        "type": "Point",
        "coordinates": [
          84.0668417,
          21.8539919
        ]
      },
      "properties": {
        "status": "dead",
        "confidence": 0.4943,
        "proj_x": 196831.5998,
        "proj_y": 2419556.429
      }
    },
    {
      "type": "Feature",
      "geometry": {
        "type": "Point",
        "coordinates": [
          84.0661525,
          21.8537488
        ]
      },
      "properties": {
        "status": "dead",
        "confidence": 0.4943,
        "proj_x": 196759.7986,
        "proj_y": 2419530.8517
      }
    },
    {
      "type": "Feature",
      "geometry": {
        "type": "Point",
        "coordinates": [
          84.066494,
          21.8535356
        ]
      },
      "properties": {
        "status": "dead",
        "confidence": 0.4943,
        "proj_x": 196794.672,
        "proj_y": 2419506.5585
      }
    },
    {
      "type": "Feature",
      "geometry": {
        "type": "Point",
        "coordinates": [
          84.0667303,
          21.8540499
        ]
      },
      "properties": {
        "status": "dead",
        "confidence": 0.4943,
        "proj_x": 196820.1979,
        "proj_y": 2419563.0801
      }
    },
    {
      "type": "Feature",
      "geometry": {
        "type": "Point",
        "coordinates": [
          84.0665393,
          21.8540289
        ]
      },
      "properties": {
        "status": "dead",
        "confidence": 0.4943,
        "proj_x": 196800.3986,
        "proj_y": 2419561.1285
      }
    },
    {
      "type": "Feature",
      "geometry": {
        "type": "Point",
        "coordinates": [
          84.0664755,
          21.8536398
        ]
      },
      "properties": {
        "status": "dead",
        "confidence": 0.4943,
        "proj_x": 196792.9771,
        "proj_y": 2419518.1401
      }
    },
    {
      "type": "Feature",
      "geometry": {
        "type": "Point",
        "coordinates": [
          84.066314,
          21.8536309
        ]
      },
      "properties": {
        "status": "dead",
        "confidence": 0.4943,
        "proj_x": 196776.2594,
        "proj_y": 2419517.4725
      }
    },
    {
      "type": "Feature",
      "geometry": {
        "type": "Point",
        "coordinates": [
          84.0666576,
          21.8534395
        ]
      },
      "properties": {
        "status": "dead",
        "confidence": 0.4943,
        "proj_x": 196811.3897,
        "proj_y": 2419495.5931
      }
    },
    {
      "type": "Feature",
      "geometry": {
        "type": "Point",
        "coordinates": [
          84.066308,
          21.8533552
        ]
      },
      "properties": {
        "status": "dead",
        "confidence": 0.4943,
        "proj_x": 196775.0525,
        "proj_y": 2419486.9389
      }
    },
    {
      "type": "Feature",
      "geometry": {
        "type": "Point",
        "coordinates": [
          84.0663336,
          21.8536706
        ]
      },
      "properties": {
        "status": "dead",
        "confidence": 0.4943,
        "proj_x": 196778.3652,
        "proj_y": 2419521.8381
      }
    },
    {
      "type": "Feature",
      "geometry": {
        "type": "Point",
        "coordinates": [
          84.0665177,
          21.8534449
        ]
      },
      "properties": {
        "status": "dead",
        "confidence": 0.4943,
        "proj_x": 196796.9318,
        "proj_y": 2419496.4662
      }
    },
    {
      "type": "Feature",
      "geometry": {
        "type": "Point",
        "coordinates": [
          84.0666457,
          21.8536929
        ]
      },
      "properties": {
        "status": "dead",
        "confidence": 0.4943,
        "proj_x": 196810.6963,
        "proj_y": 2419523.687
      }
    },
    {
      "type": "Feature",
      "geometry": {
        "type": "Point",
        "coordinates": [
          84.0665687,
          21.8535381
        ]
      },
      "properties": {
        "status": "dead",
        "confidence": 0.4943,
        "proj_x": 196802.4017,
        "proj_y": 2419506.6869
      }
    },
    {
      "type": "Feature",
      "geometry": {
        "type": "Point",
        "coordinates": [
          84.0662496,
          21.8538796
        ]
      },
      "properties": {
        "status": "dead",
        "confidence": 0.4943,
        "proj_x": 196770.1219,
        "proj_y": 2419545.1555
      }
    },
    {
      "type": "Feature",
      "geometry": {
        "type": "Point",
        "coordinates": [
          84.066296,
          21.8534709
        ]
      },
      "properties": {
        "status": "dead",
        "confidence": 0.4943,
        "proj_x": 196774.051,
        "proj_y": 2419499.7789
      }
    },
    {
      "type": "Feature",
      "geometry": {
        "type": "Point",
        "coordinates": [
          84.0667473,
          21.8540456
        ]
      },
      "properties": {
        "status": "dead",
        "confidence": 0.4943,
        "proj_x": 196821.9441,
        "proj_y": 2419562.5665
      }
    },
    {
      "type": "Feature",
      "geometry": {
        "type": "Point",
        "coordinates": [
          84.066833,
          21.8534598
        ]
      },
      "properties": {
        "status": "dead",
        "confidence": 0.4943,
        "proj_x": 196829.5711,
        "proj_y": 2419497.4934
      }
    },
    {
      "type": "Feature",
      "geometry": {
        "type": "Point",
        "coordinates": [
          84.0662119,
          21.8538646
        ]
      },
      "properties": {
        "status": "dead",
        "confidence": 0.9998,
        "proj_x": 196766.1929,
        "proj_y": 2419543.5633
      }
    },
    {
      "type": "Feature",
      "geometry": {
        "type": "Point",
        "coordinates": [
          84.0669994,
          21.8528622
        ]
      },
      "properties": {
        "status": "dead",
        "confidence": 0.4943,
        "proj_x": 196845.5184,
        "proj_y": 2419430.9565
      }
    },
    {
      "type": "Feature",
      "geometry": {
        "type": "Point",
        "coordinates": [
          84.0674672,
          21.8532727
        ]
      },
      "properties": {
        "status": "dead",
        "confidence": 0.4943,
        "proj_x": 196894.7726,
        "proj_y": 2419475.5113
      }
    },
    {
      "type": "Feature",
      "geometry": {
        "type": "Point",
        "coordinates": [
          84.0671187,
          21.8530738
        ]
      },
      "properties": {
        "status": "dead",
        "confidence": 0.4943,
        "proj_x": 196858.307,
        "proj_y": 2419454.1713
      }
    },
    {
      "type": "Feature",
      "geometry": {
        "type": "Point",
        "coordinates": [
          84.0671844,
          21.8527387
        ]
      },
      "properties": {
        "status": "dead",
        "confidence": 0.4943,
        "proj_x": 196864.3932,
        "proj_y": 2419416.9096
      }
    },
    {
      "type": "Feature",
      "geometry": {
        "type": "Point",
        "coordinates": [
          84.0674189,
          21.8528947
        ]
      },
      "properties": {
        "status": "dead",
        "confidence": 0.4943,
        "proj_x": 196888.969,
        "proj_y": 2419433.73
      }
    },
    {
      "type": "Feature",
      "geometry": {
        "type": "Point",
        "coordinates": [
          84.0670428,
          21.8532911
        ]
      },
      "properties": {
        "status": "dead",
        "confidence": 0.4943,
        "proj_x": 196850.9112,
        "proj_y": 2419478.3875
      }
    },
    {
      "type": "Feature",
      "geometry": {
        "type": "Point",
        "coordinates": [
          84.0672291,
          21.8530814
        ]
      },
      "properties": {
        "status": "dead",
        "confidence": 0.4943,
        "proj_x": 196869.7346,
        "proj_y": 2419454.7876
      }
    },
    {
      "type": "Feature",
      "geometry": {
        "type": "Point",
        "coordinates": [
          84.0669331,
          21.8533378
        ]
      },
      "properties": {
        "status": "dead",
        "confidence": 0.4943,
        "proj_x": 196839.6634,
        "proj_y": 2419483.7803
      }
    },
    {
      "type": "Feature",
      "geometry": {
        "type": "Point",
        "coordinates": [
          84.0669223,
          21.8530982
        ]
      },
      "properties": {
        "status": "dead",
        "confidence": 0.4943,
        "proj_x": 196838.0455,
        "proj_y": 2419457.2529
      }
    },
    {
      "type": "Feature",
      "geometry": {
        "type": "Point",
        "coordinates": [
          84.0673116,
          21.8533445
        ]
      },
      "properties": {
        "status": "dead",
        "confidence": 0.4943,
        "proj_x": 196878.8253,
        "proj_y": 2419483.7803
      }
    },
    {
      "type": "Feature",
      "geometry": {
        "type": "Point",
        "coordinates": [
          84.0675453,
          21.8532435
        ]
      },
      "properties": {
        "status": "dead",
        "confidence": 0.4943,
        "proj_x": 196902.7848,
        "proj_y": 2419472.1216
      }
    },
    {
      "type": "Feature",
      "geometry": {
        "type": "Point",
        "coordinates": [
          84.0671503,
          21.8527668
        ]
      },
      "properties": {
        "status": "dead",
        "confidence": 0.4943,
        "proj_x": 196860.9264,
        "proj_y": 2419420.0939
      }
    },
    {
      "type": "Feature",
      "geometry": {
        "type": "Point",
        "coordinates": [
          84.067461,
          21.8528746
        ]
      },
      "properties": {
        "status": "dead",
        "confidence": 0.4943,
        "proj_x": 196893.2832,
        "proj_y": 2419431.4188
      }
    },
    {
      "type": "Feature",
      "geometry": {
        "type": "Point",
        "coordinates": [
          84.0676036,
          21.8531622
        ]
      },
      "properties": {
        "status": "dead",
        "confidence": 0.4943,
        "proj_x": 196908.6398,
        "proj_y": 2419463.0052
      }
    },
    {
      "type": "Feature",
      "geometry": {
        "type": "Point",
        "coordinates": [
          84.066968,
          21.8530118
        ]
      },
      "properties": {
        "status": "dead",
        "confidence": 0.4943,
        "proj_x": 196842.5909,
        "proj_y": 2419447.5972
      }
    },
    {
      "type": "Feature",
      "geometry": {
        "type": "Point",
        "coordinates": [
          84.0674599,
          21.8533511
        ]
      },
      "properties": {
        "status": "dead",
        "confidence": 0.4943,
        "proj_x": 196894.182,
        "proj_y": 2419484.2169
      }
    },
    {
      "type": "Feature",
      "geometry": {
        "type": "Point",
        "coordinates": [
          84.0675127,
          21.8531274
        ]
      },
      "properties": {
        "status": "dead",
        "confidence": 0.4943,
        "proj_x": 196899.1639,
        "proj_y": 2419459.3329
      }
    },
    {
      "type": "Feature",
      "geometry": {
        "type": "Point",
        "coordinates": [
          84.0674588,
          21.852725
        ]
      },
      "properties": {
        "status": "dead",
        "confidence": 0.4943,
        "proj_x": 196892.7439,
        "proj_y": 2419414.8552
      }
    },
    {
      "type": "Feature",
      "geometry": {
        "type": "Point",
        "coordinates": [
          84.0670502,
          21.8531491
        ]
      },
      "properties": {
        "status": "dead",
        "confidence": 0.4943,
        "proj_x": 196851.3734,
        "proj_y": 2419462.6457
      }
    },
    {
      "type": "Feature",
      "geometry": {
        "type": "Point",
        "coordinates": [
          84.067082,
          21.853197
        ]
      },
      "properties": {
        "status": "dead",
        "confidence": 0.4943,
        "proj_x": 196854.7632,
        "proj_y": 2419467.8844
      }
    },
    {
      "type": "Feature",
      "geometry": {
        "type": "Point",
        "coordinates": [
          84.0675669,
          21.8532179
        ]
      },
      "properties": {
        "status": "dead",
        "confidence": 0.4943,
        "proj_x": 196904.9676,
        "proj_y": 2419469.2454
      }
    },
    {
      "type": "Feature",
      "geometry": {
        "type": "Point",
        "coordinates": [
          84.0668706,
          21.8531974
        ]
      },
      "properties": {
        "status": "dead",
        "confidence": 0.4943,
        "proj_x": 196832.9095,
        "proj_y": 2419468.3466
      }
    },
    {
      "type": "Feature",
      "geometry": {
        "type": "Point",
        "coordinates": [
          84.0669726,
          21.8532407
        ]
      },
      "properties": {
        "status": "dead",
        "confidence": 0.4943,
        "proj_x": 196843.541,
        "proj_y": 2419472.9433
      }
    },
    {
      "type": "Feature",
      "geometry": {
        "type": "Point",
        "coordinates": [
          84.0670306,
          21.8532072
        ]
      },
      "properties": {
        "status": "dead",
        "confidence": 0.4943,
        "proj_x": 196849.4731,
        "proj_y": 2419469.117
      }
    },
    {
      "type": "Feature",
      "geometry": {
        "type": "Point",
        "coordinates": [
          84.0673191,
          21.8528187
        ]
      },
      "properties": {
        "status": "dead",
        "confidence": 0.4943,
        "proj_x": 196878.4915,
        "proj_y": 2419425.5124
      }
    },
    {
      "type": "Feature",
      "geometry": {
        "type": "Point",
        "coordinates": [
          84.0675464,
          21.8531765
        ]
      },
      "properties": {
        "status": "dead",
        "confidence": 0.4943,
        "proj_x": 196902.7591,
        "proj_y": 2419464.7001
      }
    },
    {
      "type": "Feature",
      "geometry": {
        "type": "Point",
        "coordinates": [
          84.0675644,
          21.8533676
        ]
      },
      "properties": {
        "status": "dead",
        "confidence": 0.4943,
        "proj_x": 196905.0189,
        "proj_y": 2419485.8347
      }
    },
    {
      "type": "Feature",
      "geometry": {
        "type": "Point",
        "coordinates": [
          84.0670677,
          21.8526893
        ]
      },
      "properties": {
        "status": "dead",
        "confidence": 0.4943,
        "proj_x": 196852.2209,
        "proj_y": 2419411.6709
      }
    },
    {
      "type": "Feature",
      "geometry": {
        "type": "Point",
        "coordinates": [
          84.0669622,
          21.8530435
        ]
      },
      "properties": {
        "status": "dead",
        "confidence": 0.4943,
        "proj_x": 196842.0516,
        "proj_y": 2419451.1153
      }
    },
    {
      "type": "Feature",
      "geometry": {
        "type": "Point",
        "coordinates": [
          84.0670307,
          21.853226
        ]
      },
      "properties": {
        "status": "dead",
        "confidence": 0.4943,
        "proj_x": 196849.5245,
        "proj_y": 2419471.1971
      }
    },
    {
      "type": "Feature",
      "geometry": {
        "type": "Point",
        "coordinates": [
          84.0671189,
          21.8533448
        ]
      },
      "properties": {
        "status": "dead",
        "confidence": 0.4943,
        "proj_x": 196858.8977,
        "proj_y": 2419484.1912
      }
    },
    {
      "type": "Feature",
      "geometry": {
        "type": "Point",
        "coordinates": [
          84.0671352,
          21.8528535
        ]
      },
      "properties": {
        "status": "dead",
        "confidence": 0.4943,
        "proj_x": 196859.5397,
        "proj_y": 2419429.7239
      }
    },
    {
      "type": "Feature",
      "geometry": {
        "type": "Point",
        "coordinates": [
          84.0672134,
          21.8533611
        ]
      },
      "properties": {
        "status": "dead",
        "confidence": 0.4943,
        "proj_x": 196868.7074,
        "proj_y": 2419485.809
      }
    },
    {
      "type": "Feature",
      "geometry": {
        "type": "Point",
        "coordinates": [
          84.0673017,
          21.8528571
        ]
      },
      "properties": {
        "status": "dead",
        "confidence": 0.4943,
        "proj_x": 196876.771,
        "proj_y": 2419429.8009
      }
    },
    {
      "type": "Feature",
      "geometry": {
        "type": "Point",
        "coordinates": [
          84.0673553,
          21.853356
        ]
      },
      "properties": {
        "status": "dead",
        "confidence": 0.4943,
        "proj_x": 196883.3707,
        "proj_y": 2419484.9616
      }
    },
    {
      "type": "Feature",
      "geometry": {
        "type": "Point",
        "coordinates": [
          84.0675505,
          21.8530152
        ]
      },
      "properties": {
        "status": "dead",
        "confidence": 0.4943,
        "proj_x": 196902.8362,
        "proj_y": 2419446.8268
      }
    },
    {
      "type": "Feature",
      "geometry": {
        "type": "Point",
        "coordinates": [
          84.0675591,
          21.8533237
        ]
      },
      "properties": {
        "status": "dead",
        "confidence": 0.4943,
        "proj_x": 196904.377,
        "proj_y": 2419480.9812
      }
    },
    {
      "type": "Feature",
      "geometry": {
        "type": "Point",
        "coordinates": [
          84.0675913,
          21.8533275
        ]
      },
      "properties": {
        "status": "dead",
        "confidence": 0.4943,
        "proj_x": 196907.7154,
        "proj_y": 2419481.3407
      }
    },
    {
      "type": "Feature",
      "geometry": {
        "type": "Point",
        "coordinates": [
          84.0669944,
          21.853083
        ]
      },
      "properties": {
        "status": "dead",
        "confidence": 0.4943,
        "proj_x": 196845.467,
        "proj_y": 2419455.4296
      }
    },
    {
      "type": "Feature",
      "geometry": {
        "type": "Point",
        "coordinates": [
          84.0674129,
          21.8526871
        ]
      },
      "properties": {
        "status": "dead",
        "confidence": 0.8451,
        "proj_x": 196887.9161,
        "proj_y": 2419410.7464
      }
    },
    {
      "type": "Feature",
      "geometry": {
        "type": "Point",
        "coordinates": [
          84.0669015,
          21.8529856
        ]
      },
      "properties": {
        "status": "dead",
        "confidence": 0.4943,
        "proj_x": 196835.6573,
        "proj_y": 2419444.8237
      }
    },
    {
      "type": "Feature",
      "geometry": {
        "type": "Point",
        "coordinates": [
          84.0669799,
          21.8530489
        ]
      },
      "properties": {
        "status": "dead",
        "confidence": 0.4943,
        "proj_x": 196843.9005,
        "proj_y": 2419451.6803
      }
    },
    {
      "type": "Feature",
      "geometry": {
        "type": "Point",
        "coordinates": [
          84.0671906,
          21.8532362
        ]
      },
      "properties": {
        "status": "dead",
        "confidence": 0.4943,
        "proj_x": 196866.0881,
        "proj_y": 2419472.0189
      }
    },
    {
      "type": "Feature",
      "geometry": {
        "type": "Point",
        "coordinates": [
          84.0671948,
          21.8526705
        ]
      },
      "properties": {
        "status": "dead",
        "confidence": 0.9565,
        "proj_x": 196865.3177,
        "proj_y": 2419409.334
      }
    },
    {
      "type": "Feature",
      "geometry": {
        "type": "Point",
        "coordinates": [
          84.0668942,
          21.8528853
        ]
      },
      "properties": {
        "status": "dead",
        "confidence": 0.4943,
        "proj_x": 196834.6814,
        "proj_y": 2419433.73
      }
    },
    {
      "type": "Feature",
      "geometry": {
        "type": "Point",
        "coordinates": [
          84.0671258,
          21.853213
        ]
      },
      "properties": {
        "status": "dead",
        "confidence": 0.4943,
        "proj_x": 196859.3342,
        "proj_y": 2419469.5793
      }
    },
    {
      "type": "Feature",
      "geometry": {
        "type": "Point",
        "coordinates": [
          84.0669202,
          21.8527998
        ]
      },
      "properties": {
        "status": "dead",
        "confidence": 0.4943,
        "proj_x": 196837.1981,
        "proj_y": 2419424.2027
      }
    },
    {
      "type": "Feature",
      "geometry": {
        "type": "Point",
        "coordinates": [
          84.0673752,
          21.8527117
        ]
      },
      "properties": {
        "status": "dead",
        "confidence": 0.4943,
        "proj_x": 196884.0641,
        "proj_y": 2419413.5455
      }
    },
    {
      "type": "Feature",
      "geometry": {
        "type": "Point",
        "coordinates": [
          84.0674865,
          21.8529024
        ]
      },
      "properties": {
        "status": "dead",
        "confidence": 0.4943,
        "proj_x": 196895.9796,
        "proj_y": 2419434.449
      }
    },
    {
      "type": "Feature",
      "geometry": {
        "type": "Point",
        "coordinates": [
          84.0669467,
          21.8528786
        ]
      },
      "properties": {
        "status": "dead",
        "confidence": 0.4943,
        "proj_x": 196840.0999,
        "proj_y": 2419432.8825
      }
    },
    {
      "type": "Feature",
      "geometry": {
        "type": "Point",
        "coordinates": [
          84.0671177,
          21.8528685
        ]
      },
      "properties": {
        "status": "dead",
        "confidence": 0.4943,
        "proj_x": 196857.7677,
        "proj_y": 2419431.4188
      }
    },
    {
      "type": "Feature",
      "geometry": {
        "type": "Point",
        "coordinates": [
          84.0673837,
          21.8526966
        ]
      },
      "properties": {
        "status": "dead",
        "confidence": 0.4943,
        "proj_x": 196884.9115,
        "proj_y": 2419411.8506
      }
    },
    {
      "type": "Feature",
      "geometry": {
        "type": "Point",
        "coordinates": [
          84.0673454,
          21.8526857
        ]
      },
      "properties": {
        "status": "dead",
        "confidence": 0.4943,
        "proj_x": 196880.9311,
        "proj_y": 2419410.7207
      }
    },
    {
      "type": "Feature",
      "geometry": {
        "type": "Point",
        "coordinates": [
          84.0675324,
          21.8533635
        ]
      },
      "properties": {
        "status": "dead",
        "confidence": 0.4943,
        "proj_x": 196901.7062,
        "proj_y": 2419485.4495
      }
    },
    {
      "type": "Feature",
      "geometry": {
        "type": "Point",
        "coordinates": [
          84.0670998,
          21.8527967
        ]
      },
      "properties": {
        "status": "dead",
        "confidence": 0.4943,
        "proj_x": 196855.7647,
        "proj_y": 2419423.5093
      }
    },
    {
      "type": "Feature",
      "geometry": {
        "type": "Point",
        "coordinates": [
          84.0674751,
          21.8528278
        ]
      },
      "properties": {
        "status": "dead",
        "confidence": 0.4943,
        "proj_x": 196894.6442,
        "proj_y": 2419426.2057
      }
    },
    {
      "type": "Feature",
      "geometry": {
        "type": "Point",
        "coordinates": [
          84.0674771,
          21.8527898
        ]
      },
      "properties": {
        "status": "dead",
        "confidence": 0.4943,
        "proj_x": 196894.7726,
        "proj_y": 2419421.9942
      }
    },
    {
      "type": "Feature",
      "geometry": {
        "type": "Point",
        "coordinates": [
          84.0675209,
          21.8531872
        ]
      },
      "properties": {
        "status": "dead",
        "confidence": 0.4943,
        "proj_x": 196900.1398,
        "proj_y": 2419465.9327
      }
    },
    {
      "type": "Feature",
      "geometry": {
        "type": "Point",
        "coordinates": [
          84.0671981,
          21.8531281
        ]
      },
      "properties": {
        "status": "dead",
        "confidence": 0.4943,
        "proj_x": 196866.6273,
        "proj_y": 2419460.0263
      }
    },
    {
      "type": "Feature",
      "geometry": {
        "type": "Point",
        "coordinates": [
          84.0673585,
          21.8527265
        ]
      },
      "properties": {
        "status": "dead",
        "confidence": 0.4943,
        "proj_x": 196882.3692,
        "proj_y": 2419415.2147
      }
    },
    {
      "type": "Feature",
      "geometry": {
        "type": "Point",
        "coordinates": [
          84.0672256,
          21.8531316
        ]
      },
      "properties": {
        "status": "dead",
        "confidence": 0.4943,
        "proj_x": 196869.4778,
        "proj_y": 2419460.3601
      }
    },
    {
      "type": "Feature",
      "geometry": {
        "type": "Point",
        "coordinates": [
          84.0670419,
          21.8528103
        ]
      },
      "properties": {
        "status": "dead",
        "confidence": 0.4943,
        "proj_x": 196849.8069,
        "proj_y": 2419425.1272
      }
    },
    {
      "type": "Feature",
      "geometry": {
        "type": "Point",
        "coordinates": [
          84.0669483,
          21.8530279
        ]
      },
      "properties": {
        "status": "dead",
        "confidence": 0.4943,
        "proj_x": 196840.5878,
        "proj_y": 2419449.4205
      }
    },
    {
      "type": "Feature",
      "geometry": {
        "type": "Point",
        "coordinates": [
          84.0670114,
          21.8533104
        ]
      },
      "properties": {
        "status": "dead",
        "confidence": 0.4943,
        "proj_x": 196847.7012,
        "proj_y": 2419480.596
      }
    },
    {
      "type": "Feature",
      "geometry": {
        "type": "Point",
        "coordinates": [
          84.0674125,
          21.8528406
        ]
      },
      "properties": {
        "status": "dead",
        "confidence": 0.4943,
        "proj_x": 196888.1986,
        "proj_y": 2419427.7465
      }
    },
    {
      "type": "Feature",
      "geometry": {
        "type": "Point",
        "coordinates": [
          84.0671529,
          21.8530557
        ]
      },
      "properties": {
        "status": "dead",
        "confidence": 0.4943,
        "proj_x": 196861.7995,
        "proj_y": 2419452.0912
      }
    },
    {
      "type": "Feature",
      "geometry": {
        "type": "Point",
        "coordinates": [
          84.0674973,
          21.8528448
        ]
      },
      "properties": {
        "status": "dead",
        "confidence": 0.4943,
        "proj_x": 196896.9811,
        "proj_y": 2419428.0547
      }
    },
    {
      "type": "Feature",
      "geometry": {
        "type": "Point",
        "coordinates": [
          84.067599,
          21.8529871
        ]
      },
      "properties": {
        "status": "dead",
        "confidence": 0.4943,
        "proj_x": 196907.7924,
        "proj_y": 2419443.6168
      }
    },
    {
      "type": "Feature",
      "geometry": {
        "type": "Point",
        "coordinates": [
          84.0674286,
          21.8530117
        ]
      },
      "properties": {
        "status": "dead",
        "confidence": 0.4943,
        "proj_x": 196890.2273,
        "proj_y": 2419446.6727
      }
    },
    {
      "type": "Feature",
      "geometry": {
        "type": "Point",
        "coordinates": [
          84.0674381,
          21.8533359
        ]
      },
      "properties": {
        "status": "dead",
        "confidence": 0.4943,
        "proj_x": 196891.8965,
        "proj_y": 2419482.5733
      }
    },
    {
      "type": "Feature",
      "geometry": {
        "type": "Point",
        "coordinates": [
          84.0672082,
          21.8530842
        ]
      },
      "properties": {
        "status": "dead",
        "confidence": 0.4943,
        "proj_x": 196867.5775,
        "proj_y": 2419455.1471
      }
    },
    {
      "type": "Feature",
      "geometry": {
        "type": "Point",
        "coordinates": [
          84.0669589,
          21.8526946
        ]
      },
      "properties": {
        "status": "dead",
        "confidence": 0.4943,
        "proj_x": 196840.973,
        "proj_y": 2419412.4669
      }
    },
    {
      "type": "Feature",
      "geometry": {
        "type": "Point",
        "coordinates": [
          84.0671685,
          21.8530905
        ]
      },
      "properties": {
        "status": "dead",
        "confidence": 0.4943,
        "proj_x": 196863.4944,
        "proj_y": 2419455.9175
      }
    },
    {
      "type": "Feature",
      "geometry": {
        "type": "Point",
        "coordinates": [
          84.0668843,
          21.8527727
        ]
      },
      "properties": {
        "status": "dead",
        "confidence": 0.4943,
        "proj_x": 196833.4231,
        "proj_y": 2419421.2752
      }
    },
    {
      "type": "Feature",
      "geometry": {
        "type": "Point",
        "coordinates": [
          84.0674636,
          21.8533679
        ]
      },
      "properties": {
        "status": "dead",
        "confidence": 0.4943,
        "proj_x": 196894.5929,
        "proj_y": 2419486.0658
      }
    },
    {
      "type": "Feature",
      "geometry": {
        "type": "Point",
        "coordinates": [
          84.0674441,
          21.8529329
        ]
      },
      "properties": {
        "status": "dead",
        "confidence": 0.4943,
        "proj_x": 196891.6653,
        "proj_y": 2419437.9158
      }
    },
    {
      "type": "Feature",
      "geometry": {
        "type": "Point",
        "coordinates": [
          84.0672178,
          21.8527235
        ]
      },
      "properties": {
        "status": "dead",
        "confidence": 0.4943,
        "proj_x": 196867.8086,
        "proj_y": 2419415.1633
      }
    },
    {
      "type": "Feature",
      "geometry": {
        "type": "Point",
        "coordinates": [
          84.0671663,
          21.8529822
        ]
      },
      "properties": {
        "status": "dead",
        "confidence": 0.4943,
        "proj_x": 196863.0322,
        "proj_y": 2419443.9249
      }
    },
    {
      "type": "Feature",
      "geometry": {
        "type": "Point",
        "coordinates": [
          84.0670395,
          21.8529035
        ]
      },
      "properties": {
        "status": "dead",
        "confidence": 0.4943,
        "proj_x": 196849.7556,
        "proj_y": 2419435.4505
      }
    },
    {
      "type": "Feature",
      "geometry": {
        "type": "Point",
        "coordinates": [
          84.0669196,
          21.8531206
        ]
      },
      "properties": {
        "status": "dead",
        "confidence": 0.4943,
        "proj_x": 196837.8144,
        "proj_y": 2419459.7438
      }
    },
    {
      "type": "Feature",
      "geometry": {
        "type": "Point",
        "coordinates": [
          84.0675756,
          21.8528537
        ]
      },
      "properties": {
        "status": "dead",
        "confidence": 0.4943,
        "proj_x": 196905.096,
        "proj_y": 2419428.8765
      }
    },
    {
      "type": "Feature",
      "geometry": {
        "type": "Point",
        "coordinates": [
          84.0670826,
          21.8529853
        ]
      },
      "properties": {
        "status": "dead",
        "confidence": 0.4943,
        "proj_x": 196854.378,
        "proj_y": 2419444.4385
      }
    },
    {
      "type": "Feature",
      "geometry": {
        "type": "Point",
        "coordinates": [
          84.0668944,
          21.8527521
        ]
      },
      "properties": {
        "status": "dead",
        "confidence": 0.4943,
        "proj_x": 196834.4246,
        "proj_y": 2419418.964
      }
    },
    {
      "type": "Feature",
      "geometry": {
        "type": "Point",
        "coordinates": [
          84.0665591,
          21.8528316
        ]
      },
      "properties": {
        "status": "dead",
        "confidence": 0.4943,
        "proj_x": 196799.9107,
        "proj_y": 2419428.4399
      }
    },
    {
      "type": "Feature",
      "geometry": {
        "type": "Point",
        "coordinates": [
          84.0663444,
          21.8526929
        ]
      },
      "properties": {
        "status": "dead",
        "confidence": 0.4943,
        "proj_x": 196777.415,
        "proj_y": 2419413.4941
      }
    },
    {
      "type": "Feature",
      "geometry": {
        "type": "Point",
        "coordinates": [
          84.0663073,
          21.8529787
        ]
      },
      "properties": {
        "status": "dead",
        "confidence": 0.4943,
        "proj_x": 196774.1793,
        "proj_y": 2419445.2346
      }
    },
    {
      "type": "Feature",
      "geometry": {
        "type": "Point",
        "coordinates": [
          84.0664555,
          21.852713
        ]
      },
      "properties": {
        "status": "dead",
        "confidence": 0.4943,
        "proj_x": 196788.9453,
        "proj_y": 2419415.4972
      }
    },
    {
      "type": "Feature",
      "geometry": {
        "type": "Point",
        "coordinates": [
          84.06662,
          21.8528276
        ]
      },
      "properties": {
        "status": "dead",
        "confidence": 0.4943,
        "proj_x": 196806.2023,
        "proj_y": 2419427.8749
      }
    },
    {
      "type": "Feature",
      "geometry": {
        "type": "Point",
        "coordinates": [
          84.0667675,
          21.8531309
        ]
      },
      "properties": {
        "status": "dead",
        "confidence": 0.4943,
        "proj_x": 196822.0982,
        "proj_y": 2419461.1819
      }
    },
    {
      "type": "Feature",
      "geometry": {
        "type": "Point",
        "coordinates": [
          84.0662365,
          21.8528426
        ]
      },
      "properties": {
        "status": "dead",
        "confidence": 0.4943,
        "proj_x": 196766.5781,
        "proj_y": 2419430.2889
      }
    },
    {
      "type": "Feature",
      "geometry": {
        "type": "Point",
        "coordinates": [
          84.0667812,
          21.8528013
        ]
      },
      "properties": {
        "status": "dead",
        "confidence": 0.4943,
        "proj_x": 196822.8173,
        "proj_y": 2419424.6393
      }
    },
    {
      "type": "Feature",
      "geometry": {
        "type": "Point",
        "coordinates": [
          84.0662383,
          21.8532172
        ]
      },
      "properties": {
        "status": "dead",
        "confidence": 0.4943,
        "proj_x": 196767.5539,
        "proj_y": 2419471.7877
      }
    },
    {
      "type": "Feature",
      "geometry": {
        "type": "Point",
        "coordinates": [
          84.0664282,
          21.8528179
        ]
      },
      "properties": {
        "status": "dead",
        "confidence": 0.4943,
        "proj_x": 196786.3517,
        "proj_y": 2419427.1816
      }
    },
    {
      "type": "Feature",
      "geometry": {
        "type": "Point",
        "coordinates": [
          84.0664628,
          21.8531456
        ]
      },
      "properties": {
        "status": "dead",
        "confidence": 0.4943,
        "proj_x": 196790.6145,
        "proj_y": 2419463.4161
      }
    },
    {
      "type": "Feature",
      "geometry": {
        "type": "Point",
        "coordinates": [
          84.0667339,
          21.8529258
        ]
      },
      "properties": {
        "status": "dead",
        "confidence": 0.4943,
        "proj_x": 196818.1949,
        "proj_y": 2419438.5321
      }
    },
    {
      "type": "Feature",
      "geometry": {
        "type": "Point",
        "coordinates": [
          84.0662378,
          21.8531845
        ]
      },
      "properties": {
        "status": "dead",
        "confidence": 0.4943,
        "proj_x": 196767.4255,
        "proj_y": 2419468.1669
      }
    },
    {
      "type": "Feature",
      "geometry": {
        "type": "Point",
        "coordinates": [
          84.0664507,
          21.8527411
        ]
      },
      "properties": {
        "status": "dead",
        "confidence": 0.4943,
        "proj_x": 196788.5088,
        "proj_y": 2419418.6301
      }
    },
    {
      "type": "Feature",
      "geometry": {
        "type": "Point",
        "coordinates": [
          84.0666732,
          21.8529706
        ]
      },
      "properties": {
        "status": "dead",
        "confidence": 0.4943,
        "proj_x": 196812.006,
        "proj_y": 2419443.6168
      }
    },
    {
      "type": "Feature",
      "geometry": {
        "type": "Point",
        "coordinates": [
          84.0664705,
          21.8527315
        ]
      },
      "properties": {
        "status": "dead",
        "confidence": 0.4943,
        "proj_x": 196790.5375,
        "proj_y": 2419417.5259
      }
    },
    {
      "type": "Feature",
      "geometry": {
        "type": "Point",
        "coordinates": [
          84.0665137,
          21.8531442
        ]
      },
      "properties": {
        "status": "dead",
        "confidence": 0.4943,
        "proj_x": 196795.879,
        "proj_y": 2419463.1593
      }
    },
    {
      "type": "Feature",
      "geometry": {
        "type": "Point",
        "coordinates": [
          84.0662349,
          21.8526576
        ]
      },
      "properties": {
        "status": "dead",
        "confidence": 0.999,
        "proj_x": 196766.0131,
        "proj_y": 2419409.7962
      }
    },
    {
      "type": "Feature",
      "geometry": {
        "type": "Point",
        "coordinates": [
          84.0662521,
          21.8532014
        ]
      },
      "properties": {
        "status": "dead",
        "confidence": 0.4943,
        "proj_x": 196768.9406,
        "proj_y": 2419470.0158
      }
    },
    {
      "type": "Feature",
      "geometry": {
        "type": "Point",
        "coordinates": [
          84.0662696,
          21.852903
        ]
      },
      "properties": {
        "status": "dead",
        "confidence": 0.4943,
        "proj_x": 196770.1219,
        "proj_y": 2419436.9143
      }
    },
    {
      "type": "Feature",
      "geometry": {
        "type": "Point",
        "coordinates": [
          84.0665748,
          21.8532405
        ]
      },
      "properties": {
        "status": "dead",
        "confidence": 0.4943,
        "proj_x": 196802.4017,
        "proj_y": 2419473.7137
      }
    },
    {
      "type": "Feature",
      "geometry": {
        "type": "Point",
        "coordinates": [
          84.066595,
          21.8529706
        ]
      },
      "properties": {
        "status": "dead",
        "confidence": 0.4943,
        "proj_x": 196803.9168,
        "proj_y": 2419443.7709
      }
    },
    {
      "type": "Feature",
      "geometry": {
        "type": "Point",
        "coordinates": [
          84.0666313,
          21.8527332
        ]
      },
      "properties": {
        "status": "dead",
        "confidence": 0.8703,
        "proj_x": 196807.1781,
        "proj_y": 2419417.3975
      }
    },
    {
      "type": "Feature",
      "geometry": {
        "type": "Point",
        "coordinates": [
          84.0667475,
          21.852955
        ]
      },
      "properties": {
        "status": "dead",
        "confidence": 0.4943,
        "proj_x": 196819.6586,
        "proj_y": 2419441.7421
      }
    },
    {
      "type": "Feature",
      "geometry": {
        "type": "Point",
        "coordinates": [
          84.0667894,
          21.8527261
        ]
      },
      "properties": {
        "status": "dead",
        "confidence": 0.9994,
        "proj_x": 196823.5106,
        "proj_y": 2419416.2933
      }
    },
    {
      "type": "Feature",
      "geometry": {
        "type": "Point",
        "coordinates": [
          84.0668035,
          21.8529336
        ]
      },
      "properties": {
        "status": "dead",
        "confidence": 0.4943,
        "proj_x": 196825.4109,
        "proj_y": 2419439.2512
      }
    },
    {
      "type": "Feature",
      "geometry": {
        "type": "Point",
        "coordinates": [
          84.0661884,
          21.8529773
        ]
      },
      "properties": {
        "status": "dead",
        "confidence": 0.4943,
        "proj_x": 196761.8786,
        "proj_y": 2419445.3117
      }
    },
    {
      "type": "Feature",
      "geometry": {
        "type": "Point",
        "coordinates": [
          84.0662801,
          21.853045
        ]
      },
      "properties": {
        "status": "dead",
        "confidence": 0.4943,
        "proj_x": 196771.5086,
        "proj_y": 2419452.6305
      }
    },
    {
      "type": "Feature",
      "geometry": {
        "type": "Point",
        "coordinates": [
          84.0666238,
          21.8526909
        ]
      },
      "properties": {
        "status": "dead",
        "confidence": 0.7886,
        "proj_x": 196806.305,
        "proj_y": 2419412.7237
      }
    },
    {
      "type": "Feature",
      "geometry": {
        "type": "Point",
        "coordinates": [
          84.066736,
          21.8531043
        ]
      },
      "properties": {
        "status": "dead",
        "confidence": 0.4943,
        "proj_x": 196818.7855,
        "proj_y": 2419458.3057
      }
    },
    {
      "type": "Feature",
      "geometry": {
        "type": "Point",
        "coordinates": [
          84.0668487,
          21.852776
        ]
      },
      "properties": {
        "status": "dead",
        "confidence": 0.5672,
        "proj_x": 196829.7509,
        "proj_y": 2419421.7117
      }
    },
    {
      "type": "Feature",
      "geometry": {
        "type": "Point",
        "coordinates": [
          84.0666695,
          21.8532344
        ]
      },
      "properties": {
        "status": "dead",
        "confidence": 0.4943,
        "proj_x": 196812.1858,
        "proj_y": 2419472.8406
      }
    },
    {
      "type": "Feature",
      "geometry": {
        "type": "Point",
        "coordinates": [
          84.0668028,
          21.8527641
        ]
      },
      "properties": {
        "status": "dead",
        "confidence": 0.4943,
        "proj_x": 196824.9744,
        "proj_y": 2419420.4791
      }
    },
    {
      "type": "Feature",
      "geometry": {
        "type": "Point",
        "coordinates": [
          84.0665287,
          21.8529101
        ]
      },
      "properties": {
        "status": "dead",
        "confidence": 0.4943,
        "proj_x": 196796.9318,
        "proj_y": 2419437.1968
      }
    },
    {
      "type": "Feature",
      "geometry": {
        "type": "Point",
        "coordinates": [
          84.0667756,
          21.8532212
        ]
      },
      "properties": {
        "status": "dead",
        "confidence": 0.4943,
        "proj_x": 196823.1254,
        "proj_y": 2419471.1714
      }
    },
    {
      "type": "Feature",
      "geometry": {
        "type": "Point",
        "coordinates": [
          84.0667976,
          21.8533073
        ]
      },
      "properties": {
        "status": "dead",
        "confidence": 0.4943,
        "proj_x": 196825.5907,
        "proj_y": 2419480.673
      }
    },
    {
      "type": "Feature",
      "geometry": {
        "type": "Point",
        "coordinates": [
          84.0668643,
          21.8530682
        ]
      },
      "properties": {
        "status": "dead",
        "confidence": 0.4943,
        "proj_x": 196831.985,
        "proj_y": 2419454.0429
      }
    },
    {
      "type": "Feature",
      "geometry": {
        "type": "Point",
        "coordinates": [
          84.0665238,
          21.8531829
        ]
      },
      "properties": {
        "status": "dead",
        "confidence": 0.4943,
        "proj_x": 196797.0089,
        "proj_y": 2419467.4221
      }
    },
    {
      "type": "Feature",
      "geometry": {
        "type": "Point",
        "coordinates": [
          84.0663652,
          21.8529281
        ]
      },
      "properties": {
        "status": "dead",
        "confidence": 0.4943,
        "proj_x": 196780.0601,
        "proj_y": 2419439.508
      }
    },
    {
      "type": "Feature",
      "geometry": {
        "type": "Point",
        "coordinates": [
          84.0667002,
          21.8527162
        ]
      },
      "properties": {
        "status": "dead",
        "confidence": 0.9967,
        "proj_x": 196814.2658,
        "proj_y": 2419415.3688
      }
    },
    {
      "type": "Feature",
      "geometry": {
        "type": "Point",
        "coordinates": [
          84.0665401,
          21.8532487
        ]
      },
      "properties": {
        "status": "dead",
        "confidence": 0.4943,
        "proj_x": 196798.8322,
        "proj_y": 2419474.6896
      }
    },
    {
      "type": "Feature",
      "geometry": {
        "type": "Point",
        "coordinates": [
          84.0662761,
          21.8528778
        ]
      },
      "properties": {
        "status": "dead",
        "confidence": 0.4943,
        "proj_x": 196770.7382,
        "proj_y": 2419434.1152
      }
    },
    {
      "type": "Feature",
      "geometry": {
        "type": "Point",
        "coordinates": [
          84.0667537,
          21.8533564
        ]
      },
      "properties": {
        "status": "dead",
        "confidence": 0.4943,
        "proj_x": 196821.1481,
        "proj_y": 2419486.1942
      }
    },
    {
      "type": "Feature",
      "geometry": {
        "type": "Point",
        "coordinates": [
          84.0665685,
          21.853135
        ]
      },
      "properties": {
        "status": "dead",
        "confidence": 0.4943,
        "proj_x": 196801.5286,
        "proj_y": 2419462.0293
      }
    },
    {
      "type": "Feature",
      "geometry": {
        "type": "Point",
        "coordinates": [
          84.066745,
          21.853063
        ]
      },
      "properties": {
        "status": "dead",
        "confidence": 0.4943,
        "proj_x": 196819.6329,
        "proj_y": 2419453.709
      }
    },
    {
      "type": "Feature",
      "geometry": {
        "type": "Point",
        "coordinates": [
          84.0665737,
          21.852821
        ]
      },
      "properties": {
        "status": "dead",
        "confidence": 0.4943,
        "proj_x": 196801.4002,
        "proj_y": 2419427.2329
      }
    },
    {
      "type": "Feature",
      "geometry": {
        "type": "Point",
        "coordinates": [
          84.0664539,
          21.8528513
        ]
      },
      "properties": {
        "status": "dead",
        "confidence": 0.4943,
        "proj_x": 196789.0738,
        "proj_y": 2419430.8281
      }
    },
    {
      "type": "Feature",
      "geometry": {
        "type": "Point",
        "coordinates": [
          84.0662686,
          21.8526586
        ]
      },
      "properties": {
        "status": "dead",
        "confidence": 0.4943,
        "proj_x": 196769.5056,
        "proj_y": 2419409.8476
      }
    },
    {
      "type": "Feature",
      "geometry": {
        "type": "Point",
        "coordinates": [
          84.0666873,
          21.8531037
        ]
      },
      "properties": {
        "status": "dead",
        "confidence": 0.4943,
        "proj_x": 196813.7522,
        "proj_y": 2419458.3314
      }
    },
    {
      "type": "Feature",
      "geometry": {
        "type": "Point",
        "coordinates": [
          84.0664162,
          21.8530166
        ]
      },
      "properties": {
        "status": "dead",
        "confidence": 0.4943,
        "proj_x": 196785.5299,
        "proj_y": 2419449.215
      }
    },
    {
      "type": "Feature",
      "geometry": {
        "type": "Point",
        "coordinates": [
          84.0665942,
          21.8526779
        ]
      },
      "properties": {
        "status": "dead",
        "confidence": 0.9969,
        "proj_x": 196803.2234,
        "proj_y": 2419411.337
      }
    },
    {
      "type": "Feature",
      "geometry": {
        "type": "Point",
        "coordinates": [
          84.0666229,
          21.8528793
        ]
      },
      "properties": {
        "status": "dead",
        "confidence": 0.4943,
        "proj_x": 196806.6132,
        "proj_y": 2419433.6016
      }
    },
    {
      "type": "Feature",
      "geometry": {
        "type": "Point",
        "coordinates": [
          84.0665879,
          21.8527823
        ]
      },
      "properties": {
        "status": "dead",
        "confidence": 0.4943,
        "proj_x": 196802.7869,
        "proj_y": 2419422.9187
      }
    },
    {
      "type": "Feature",
      "geometry": {
        "type": "Point",
        "coordinates": [
          84.0662204,
          21.8530627
        ]
      },
      "properties": {
        "status": "dead",
        "confidence": 0.4943,
        "proj_x": 196765.3711,
        "proj_y": 2419454.7105
      }
    },
    {
      "type": "Feature",
      "geometry": {
        "type": "Point",
        "coordinates": [
          84.0664605,
          21.8533435
        ]
      },
      "properties": {
        "status": "dead",
        "confidence": 0.4943,
        "proj_x": 196790.7943,
        "proj_y": 2419485.3468
      }
    },
    {
      "type": "Feature",
      "geometry": {
        "type": "Point",
        "coordinates": [
          84.0666434,
          21.8531393
        ]
      },
      "properties": {
        "status": "dead",
        "confidence": 0.4943,
        "proj_x": 196809.2839,
        "proj_y": 2419462.3632
      }
    },
    {
      "type": "Feature",
      "geometry": {
        "type": "Point",
        "coordinates": [
          84.066719,
          21.853035
        ]
      },
      "properties": {
        "status": "dead",
        "confidence": 0.4943,
        "proj_x": 196816.8852,
        "proj_y": 2419450.6531
      }
    },
    {
      "type": "Feature",
      "geometry": {
        "type": "Point",
        "coordinates": [
          84.0668642,
          21.8532459
        ]
      },
      "properties": {
        "status": "dead",
        "confidence": 0.4943,
        "proj_x": 196832.3446,
        "proj_y": 2419473.7394
      }
    },
    {
      "type": "Feature",
      "geometry": {
        "type": "Point",
        "coordinates": [
          84.0667679,
          21.8529285
        ]
      },
      "properties": {
        "status": "dead",
        "confidence": 0.4943,
        "proj_x": 196821.713,
        "proj_y": 2419438.7633
      }
    },
    {
      "type": "Feature",
      "geometry": {
        "type": "Point",
        "coordinates": [
          84.0665632,
          21.8527024
        ]
      },
      "properties": {
        "status": "dead",
        "confidence": 1.0,
        "proj_x": 196800.0648,
        "proj_y": 2419414.1105
      }
    },
    {
      "type": "Feature",
      "geometry": {
        "type": "Point",
        "coordinates": [
          84.0666639,
          21.8532788
        ]
      },
      "properties": {
        "status": "dead",
        "confidence": 0.4943,
        "proj_x": 196811.6978,
        "proj_y": 2419477.7712
      }
    },
    {
      "type": "Feature",
      "geometry": {
        "type": "Point",
        "coordinates": [
          84.0666378,
          21.8532044
        ]
      },
      "properties": {
        "status": "dead",
        "confidence": 0.4943,
        "proj_x": 196808.8473,
        "proj_y": 2419469.5793
      }
    },
    {
      "type": "Feature",
      "geometry": {
        "type": "Point",
        "coordinates": [
          84.0666631,
          21.8528548
        ]
      },
      "properties": {
        "status": "dead",
        "confidence": 0.4943,
        "proj_x": 196810.722,
        "proj_y": 2419430.8025
      }
    },
    {
      "type": "Feature",
      "geometry": {
        "type": "Point",
        "coordinates": [
          84.0662864,
          21.8533189
        ]
      },
      "properties": {
        "status": "dead",
        "confidence": 0.4943,
        "proj_x": 196772.7413,
        "proj_y": 2419482.9585
      }
    },
    {
      "type": "Feature",
      "geometry": {
        "type": "Point",
        "coordinates": [
          84.0663424,
          21.8527316
        ]
      },
      "properties": {
        "status": "dead",
        "confidence": 0.4943,
        "proj_x": 196777.2866,
        "proj_y": 2419417.7827
      }
    },
    {
      "type": "Feature",
      "geometry": {
        "type": "Point",
        "coordinates": [
          84.0666021,
          21.8529228
        ]
      },
      "properties": {
        "status": "dead",
        "confidence": 0.4943,
        "proj_x": 196804.5588,
        "proj_y": 2419438.4551
      }
    },
    {
      "type": "Feature",
      "geometry": {
        "type": "Point",
        "coordinates": [
          84.0664818,
          21.8531972
        ]
      },
      "properties": {
        "status": "dead",
        "confidence": 0.4943,
        "proj_x": 196792.6946,
        "proj_y": 2419469.0913
      }
    },
    {
      "type": "Feature",
      "geometry": {
        "type": "Point",
        "coordinates": [
          84.0663606,
          21.8527004
        ]
      },
      "properties": {
        "status": "dead",
        "confidence": 0.4943,
        "proj_x": 196779.1099,
        "proj_y": 2419414.2902
      }
    },
    {
      "type": "Feature",
      "geometry": {
        "type": "Point",
        "coordinates": [
          84.0667584,
          21.8533328
        ]
      },
      "properties": {
        "status": "dead",
        "confidence": 0.4943,
        "proj_x": 196821.5846,
        "proj_y": 2419483.5749
      }
    },
    {
      "type": "Feature",
      "geometry": {
        "type": "Point",
        "coordinates": [
          84.0661325,
          21.8531585
        ]
      },
      "properties": {
        "status": "dead",
        "confidence": 0.4943,
        "proj_x": 196756.4858,
        "proj_y": 2419465.4961
      }
    },
    {
      "type": "Feature",
      "geometry": {
        "type": "Point",
        "coordinates": [
          84.0646124,
          21.8524428
        ]
      },
      "properties": {
        "status": "dead",
        "confidence": 1.0,
        "proj_x": 196597.7577,
        "proj_y": 2419389.2009
      }
    },
    {
      "type": "Feature",
      "geometry": {
        "type": "Point",
        "coordinates": [
          84.0646159,
          21.8522477
        ]
      },
      "properties": {
        "status": "dead",
        "confidence": 1.0,
        "proj_x": 196597.7064,
        "proj_y": 2419367.5783
      }
    },
    {
      "type": "Feature",
      "geometry": {
        "type": "Point",
        "coordinates": [
          84.0640269,
          21.8524108
        ]
      },
      "properties": {
        "status": "dead",
        "confidence": 1.0,
        "proj_x": 196537.1273,
        "proj_y": 2419386.8126
      }
    },
    {
      "type": "Feature",
      "geometry": {
        "type": "Point",
        "coordinates": [
          84.0642706,
          21.8520888
        ]
      },
      "properties": {
        "status": "dead",
        "confidence": 0.9997,
        "proj_x": 196561.6517,
        "proj_y": 2419350.6552
      }
    },
    {
      "type": "Feature",
      "geometry": {
        "type": "Point",
        "coordinates": [
          84.0642237,
          21.8525592
        ]
      },
      "properties": {
        "status": "dead",
        "confidence": 1.0,
        "proj_x": 196557.7997,
        "proj_y": 2419402.8626
      }
    },
    {
      "type": "Feature",
      "geometry": {
        "type": "Point",
        "coordinates": [
          84.0645604,
          21.8525246
        ]
      },
      "properties": {
        "status": "dead",
        "confidence": 1.0,
        "proj_x": 196592.5447,
        "proj_y": 2419398.3686
      }
    },
    {
      "type": "Feature",
      "geometry": {
        "type": "Point",
        "coordinates": [
          84.0645916,
          21.8524042
        ]
      },
      "properties": {
        "status": "dead",
        "confidence": 1.0,
        "proj_x": 196595.5236,
        "proj_y": 2419384.9637
      }
    },
    {
      "type": "Feature",
      "geometry": {
        "type": "Point",
        "coordinates": [
          84.0641382,
          21.8524647
        ]
      },
      "properties": {
        "status": "dead",
        "confidence": 1.0,
        "proj_x": 196548.7603,
        "proj_y": 2419392.5649
      }
    },
    {
      "type": "Feature",
      "geometry": {
        "type": "Point",
        "coordinates": [
          84.0645341,
          21.8522775
        ]
      },
      "properties": {
        "status": "dead",
        "confidence": 1.0,
        "proj_x": 196589.309,
        "proj_y": 2419371.0451
      }
    },
    {
      "type": "Feature",
      "geometry": {
        "type": "Point",
        "coordinates": [
          84.0641326,
          21.852412
        ]
      },
      "properties": {
        "status": "dead",
        "confidence": 0.9999,
        "proj_x": 196548.067,
        "proj_y": 2419386.7356
      }
    },
    {
      "type": "Feature",
      "geometry": {
        "type": "Point",
        "coordinates": [
          84.0644288,
          21.8524757
        ]
      },
      "properties": {
        "status": "dead",
        "confidence": 1.0,
        "proj_x": 196578.8316,
        "proj_y": 2419393.2069
      }
    },
    {
      "type": "Feature",
      "geometry": {
        "type": "Point",
        "coordinates": [
          84.0646052,
          21.8523724
        ]
      },
      "properties": {
        "status": "dead",
        "confidence": 1.0,
        "proj_x": 196596.8589,
        "proj_y": 2419381.4198
      }
    },
    {
      "type": "Feature",
      "geometry": {
        "type": "Point",
        "coordinates": [
          84.0640119,
          21.8521713
        ]
      },
      "properties": {
        "status": "dead",
        "confidence": 1.0,
        "proj_x": 196535.0729,
        "proj_y": 2419360.3109
      }
    },
    {
      "type": "Feature",
      "geometry": {
        "type": "Point",
        "coordinates": [
          84.0641499,
          21.852406
        ]
      },
      "properties": {
        "status": "dead",
        "confidence": 1.0,
        "proj_x": 196549.8389,
        "proj_y": 2419386.0422
      }
    },
    {
      "type": "Feature",
      "geometry": {
        "type": "Point",
        "coordinates": [
          84.0642814,
          21.8526142
        ]
      },
      "properties": {
        "status": "dead",
        "confidence": 1.0,
        "proj_x": 196563.8858,
        "proj_y": 2419408.8461
      }
    },
    {
      "type": "Feature",
      "geometry": {
        "type": "Point",
        "coordinates": [
          84.064032,
          21.8519394
        ]
      },
      "properties": {
        "status": "dead",
        "confidence": 0.9192,
        "proj_x": 196536.665,
        "proj_y": 2419334.5795
      }
    },
    {
      "type": "Feature",
      "geometry": {
        "type": "Point",
        "coordinates": [
          84.0640967,
          21.8520581
        ]
      },
      "properties": {
        "status": "dead",
        "confidence": 1.0,
        "proj_x": 196543.5986,
        "proj_y": 2419347.5993
      }
    },
    {
      "type": "Feature",
      "geometry": {
        "type": "Point",
        "coordinates": [
          84.0644193,
          21.8521596
        ]
      },
      "properties": {
        "status": "dead",
        "confidence": 1.0,
        "proj_x": 196577.1881,
        "proj_y": 2419358.2051
      }
    },
    {
      "type": "Feature",
      "geometry": {
        "type": "Point",
        "coordinates": [
          84.0642777,
          21.8525789
        ]
      },
      "properties": {
        "status": "dead",
        "confidence": 1.0,
        "proj_x": 196563.4236,
        "proj_y": 2419404.9427
      }
    },
    {
      "type": "Feature",
      "geometry": {
        "type": "Point",
        "coordinates": [
          84.0643717,
          21.8525942
        ]
      },
      "properties": {
        "status": "dead",
        "confidence": 1.0,
        "proj_x": 196573.182,
        "proj_y": 2419406.4578
      }
    },
    {
      "type": "Feature",
      "geometry": {
        "type": "Point",
        "coordinates": [
          84.0643448,
          21.8520885
        ]
      },
      "properties": {
        "status": "dead",
        "confidence": 1.0,
        "proj_x": 196569.33,
        "proj_y": 2419350.4754
      }
    },
    {
      "type": "Feature",
      "geometry": {
        "type": "Point",
        "coordinates": [
          84.0644419,
          21.8526212
        ]
      },
      "properties": {
        "status": "dead",
        "confidence": 1.0,
        "proj_x": 196580.5008,
        "proj_y": 2419409.3083
      }
    },
    {
      "type": "Feature",
      "geometry": {
        "type": "Point",
        "coordinates": [
          84.0639608,
          21.8525232
        ]
      },
      "properties": {
        "status": "dead",
        "confidence": 1.0,
        "proj_x": 196530.5275,
        "proj_y": 2419399.3958
      }
    },
    {
      "type": "Feature",
      "geometry": {
        "type": "Point",
        "coordinates": [
          84.0646294,
          21.8521587
        ]
      },
      "properties": {
        "status": "dead",
        "confidence": 0.9999,
        "proj_x": 196598.9134,
        "proj_y": 2419357.6915
      }
    },
    {
      "type": "Feature",
      "geometry": {
        "type": "Point",
        "coordinates": [
          84.064036,
          21.8521822
        ]
      },
      "properties": {
        "status": "dead",
        "confidence": 1.0,
        "proj_x": 196537.5895,
        "proj_y": 2419361.4665
      }
    },
    {
      "type": "Feature",
      "geometry": {
        "type": "Point",
        "coordinates": [
          84.0646383,
          21.852137
        ]
      },
      "properties": {
        "status": "dead",
        "confidence": 1.0,
        "proj_x": 196599.7865,
        "proj_y": 2419355.2776
      }
    },
    {
      "type": "Feature",
      "geometry": {
        "type": "Point",
        "coordinates": [
          84.0645481,
          21.8525404
        ]
      },
      "properties": {
        "status": "dead",
        "confidence": 1.0,
        "proj_x": 196591.3121,
        "proj_y": 2419400.1405
      }
    },
    {
      "type": "Feature",
      "geometry": {
        "type": "Point",
        "coordinates": [
          84.0643589,
          21.852505
        ]
      },
      "properties": {
        "status": "dead",
        "confidence": 1.0,
        "proj_x": 196571.6669,
        "proj_y": 2419396.5967
      }
    },
    {
      "type": "Feature",
      "geometry": {
        "type": "Point",
        "coordinates": [
          84.0641445,
          21.8526097
        ]
      },
      "properties": {
        "status": "dead",
        "confidence": 1.0,
        "proj_x": 196549.7105,
        "proj_y": 2419408.6149
      }
    },
    {
      "type": "Feature",
      "geometry": {
        "type": "Point",
        "coordinates": [
          84.0641584,
          21.8523895
        ]
      },
      "properties": {
        "status": "dead",
        "confidence": 1.0,
        "proj_x": 196550.6863,
        "proj_y": 2419384.1933
      }
    },
    {
      "type": "Feature",
      "geometry": {
        "type": "Point",
        "coordinates": [
          84.0644521,
          21.8524497
        ]
      },
      "properties": {
        "status": "dead",
        "confidence": 1.0,
        "proj_x": 196581.1941,
        "proj_y": 2419390.2794
      }
    },
    {
      "type": "Feature",
      "geometry": {
        "type": "Point",
        "coordinates": [
          84.0645034,
          21.8522885
        ]
      },
      "properties": {
        "status": "dead",
        "confidence": 1.0,
        "proj_x": 196586.1504,
        "proj_y": 2419372.3291
      }
    },
    {
      "type": "Feature",
      "geometry": {
        "type": "Point",
        "coordinates": [
          84.0643256,
          21.8521282
        ]
      },
      "properties": {
        "status": "dead",
        "confidence": 1.0,
        "proj_x": 196567.4297,
        "proj_y": 2419354.9181
      }
    },
    {
      "type": "Feature",
      "geometry": {
        "type": "Point",
        "coordinates": [
          84.0645759,
          21.8522516
        ]
      },
      "properties": {
        "status": "dead",
        "confidence": 0.9997,
        "proj_x": 196593.5719,
        "proj_y": 2419368.0919
      }
    },
    {
      "type": "Feature",
      "geometry": {
        "type": "Point",
        "coordinates": [
          84.0638135,
          21.8518806
        ]
      },
      "properties": {
        "status": "dead",
        "confidence": 1.0,
        "proj_x": 196513.9382,
        "proj_y": 2419328.4933
      }
    },
    {
      "type": "Feature",
      "geometry": {
        "type": "Point",
        "coordinates": [
          84.0638614,
          21.8518191
        ]
      },
      "properties": {
        "status": "dead",
        "confidence": 1.0,
        "proj_x": 196518.7661,
        "proj_y": 2419321.5854
      }
    },
    {
      "type": "Feature",
      "geometry": {
        "type": "Point",
        "coordinates": [
          84.0638936,
          21.851414
        ]
      },
      "properties": {
        "status": "dead",
        "confidence": 0.4943,
        "proj_x": 196521.2314,
        "proj_y": 2419276.6454
      }
    },
    {
      "type": "Feature",
      "geometry": {
        "type": "Point",
        "coordinates": [
          84.0639223,
          21.8513904
        ]
      },
      "properties": {
        "status": "dead",
        "confidence": 0.4943,
        "proj_x": 196524.1589,
        "proj_y": 2419273.9747
      }
    },
    {
      "type": "Feature",
      "geometry": {
        "type": "Point",
        "coordinates": [
          84.0638488,
          21.8517081
        ]
      },
      "properties": {
        "status": "dead",
        "confidence": 0.4943,
        "proj_x": 196517.2253,
        "proj_y": 2419309.3104
      }
    },
    {
      "type": "Feature",
      "geometry": {
        "type": "Point",
        "coordinates": [
          84.0638238,
          21.8517792
        ]
      },
      "properties": {
        "status": "dead",
        "confidence": 0.4943,
        "proj_x": 196514.7857,
        "proj_y": 2419317.2455
      }
    },
    {
      "type": "Feature",
      "geometry": {
        "type": "Point",
        "coordinates": [
          84.0636908,
          21.8517864
        ]
      },
      "properties": {
        "status": "dead",
        "confidence": 0.4943,
        "proj_x": 196501.0469,
        "proj_y": 2419318.2984
      }
    },
    {
      "type": "Feature",
      "geometry": {
        "type": "Point",
        "coordinates": [
          84.0638043,
          21.8517819
        ]
      },
      "properties": {
        "status": "dead",
        "confidence": 0.4943,
        "proj_x": 196512.7826,
        "proj_y": 2419317.5793
      }
    },
    {
      "type": "Feature",
      "geometry": {
        "type": "Point",
        "coordinates": [
          84.0637874,
          21.8517737
        ]
      },
      "properties": {
        "status": "dead",
        "confidence": 0.4943,
        "proj_x": 196511.0107,
        "proj_y": 2419316.7062
      }
    },
    {
      "type": "Feature",
      "geometry": {
        "type": "Point",
        "coordinates": [
          84.0660969,
          21.8525911
        ]
      },
      "properties": {
        "status": "dead",
        "confidence": 1.0,
        "proj_x": 196751.6066,
        "proj_y": 2419402.7085
      }
    },
    {
      "type": "Feature",
      "geometry": {
        "type": "Point",
        "coordinates": [
          84.0655633,
          21.8524375
        ]
      },
      "properties": {
        "status": "dead",
        "confidence": 1.0,
        "proj_x": 196696.0865,
        "proj_y": 2419386.7356
      }
    },
    {
      "type": "Feature",
      "geometry": {
        "type": "Point",
        "coordinates": [
          84.0657615,
          21.8523854
        ]
      },
      "properties": {
        "status": "dead",
        "confidence": 1.0,
        "proj_x": 196716.4764,
        "proj_y": 2419380.5724
      }
    },
    {
      "type": "Feature",
      "geometry": {
        "type": "Point",
        "coordinates": [
          84.0657844,
          21.852516
        ]
      },
      "properties": {
        "status": "dead",
        "confidence": 0.9995,
        "proj_x": 196719.1214,
        "proj_y": 2419395.0045
      }
    },
    {
      "type": "Feature",
      "geometry": {
        "type": "Point",
        "coordinates": [
          84.0658256,
          21.8521737
        ]
      },
      "properties": {
        "status": "dead",
        "confidence": 1.0,
        "proj_x": 196722.6653,
        "proj_y": 2419356.9981
      }
    },
    {
      "type": "Feature",
      "geometry": {
        "type": "Point",
        "coordinates": [
          84.0657602,
          21.8525705
        ]
      },
      "properties": {
        "status": "dead",
        "confidence": 1.0,
        "proj_x": 196716.7332,
        "proj_y": 2419401.0907
      }
    },
    {
      "type": "Feature",
      "geometry": {
        "type": "Point",
        "coordinates": [
          84.0659252,
          21.8521498
        ]
      },
      "properties": {
        "status": "dead",
        "confidence": 1.0,
        "proj_x": 196732.9116,
        "proj_y": 2419354.1477
      }
    },
    {
      "type": "Feature",
      "geometry": {
        "type": "Point",
        "coordinates": [
          84.0655562,
          21.8525653
        ]
      },
      "properties": {
        "status": "dead",
        "confidence": 0.9993,
        "proj_x": 196695.6242,
        "proj_y": 2419400.9109
      }
    },
    {
      "type": "Feature",
      "geometry": {
        "type": "Point",
        "coordinates": [
          84.0656779,
          21.8520262
        ]
      },
      "properties": {
        "status": "dead",
        "confidence": 1.0,
        "proj_x": 196707.0775,
        "proj_y": 2419340.9481
      }
    },
    {
      "type": "Feature",
      "geometry": {
        "type": "Point",
        "coordinates": [
          84.0659172,
          21.8521742
        ]
      },
      "properties": {
        "status": "dead",
        "confidence": 1.0,
        "proj_x": 196732.1412,
        "proj_y": 2419356.8697
      }
    },
    {
      "type": "Feature",
      "geometry": {
        "type": "Point",
        "coordinates": [
          84.0657386,
          21.8521548
        ]
      },
      "properties": {
        "status": "dead",
        "confidence": 1.0,
        "proj_x": 196713.6259,
        "proj_y": 2419355.0721
      }
    },
    {
      "type": "Feature",
      "geometry": {
        "type": "Point",
        "coordinates": [
          84.06574,
          21.8522457
        ]
      },
      "properties": {
        "status": "dead",
        "confidence": 1.0,
        "proj_x": 196713.9598,
        "proj_y": 2419365.1387
      }
    },
    {
      "type": "Feature",
      "geometry": {
        "type": "Point",
        "coordinates": [
          84.0657122,
          21.8519547
        ]
      },
      "properties": {
        "status": "dead",
        "confidence": 1.0,
        "proj_x": 196710.4673,
        "proj_y": 2419332.9617
      }
    },
    {
      "type": "Feature",
      "geometry": {
        "type": "Point",
        "coordinates": [
          84.0658322,
          21.8521296
        ]
      },
      "properties": {
        "status": "dead",
        "confidence": 0.9999,
        "proj_x": 196723.2559,
        "proj_y": 2419352.0933
      }
    },
    {
      "type": "Feature",
      "geometry": {
        "type": "Point",
        "coordinates": [
          84.0657492,
          21.8522227
        ]
      },
      "properties": {
        "status": "dead",
        "confidence": 1.0,
        "proj_x": 196714.8586,
        "proj_y": 2419362.5707
      }
    },
    {
      "type": "Feature",
      "geometry": {
        "type": "Point",
        "coordinates": [
          84.0658411,
          21.8522208
        ]
      },
      "properties": {
        "status": "dead",
        "confidence": 0.9955,
        "proj_x": 196724.3601,
        "proj_y": 2419362.1855
      }
    },
    {
      "type": "Feature",
      "geometry": {
        "type": "Point",
        "coordinates": [
          84.0660259,
          21.8525695
        ]
      },
      "properties": {
        "status": "dead",
        "confidence": 1.0,
        "proj_x": 196744.2108,
        "proj_y": 2419400.4487
      }
    },
    {
      "type": "Feature",
      "geometry": {
        "type": "Point",
        "coordinates": [
          84.0656727,
          21.8523669
        ]
      },
      "properties": {
        "status": "dead",
        "confidence": 1.0,
        "proj_x": 196707.2573,
        "proj_y": 2419378.6977
      }
    },
    {
      "type": "Feature",
      "geometry": {
        "type": "Point",
        "coordinates": [
          84.0655766,
          21.8526375
        ]
      },
      "properties": {
        "status": "dead",
        "confidence": 1.0,
        "proj_x": 196697.8841,
        "proj_y": 2419408.8717
      }
    },
    {
      "type": "Feature",
      "geometry": {
        "type": "Point",
        "coordinates": [
          84.0657326,
          21.8522898
        ]
      },
      "properties": {
        "status": "dead",
        "confidence": 1.0,
        "proj_x": 196713.2921,
        "proj_y": 2419370.0436
      }
    },
    {
      "type": "Feature",
      "geometry": {
        "type": "Point",
        "coordinates": [
          84.0657332,
          21.852408
        ]
      },
      "properties": {
        "status": "dead",
        "confidence": 1.0,
        "proj_x": 196713.6002,
        "proj_y": 2419383.1404
      }
    },
    {
      "type": "Feature",
      "geometry": {
        "type": "Point",
        "coordinates": [
          84.0657679,
          21.8522292
        ]
      },
      "properties": {
        "status": "dead",
        "confidence": 1.0,
        "proj_x": 196716.8102,
        "proj_y": 2419363.2641
      }
    },
    {
      "type": "Feature",
      "geometry": {
        "type": "Point",
        "coordinates": [
          84.0654235,
          21.852399
        ]
      },
      "properties": {
        "status": "dead",
        "confidence": 1.0,
        "proj_x": 196681.5516,
        "proj_y": 2419382.7552
      }
    },
    {
      "type": "Feature",
      "geometry": {
        "type": "Point",
        "coordinates": [
          84.0655109,
          21.8524708
        ]
      },
      "properties": {
        "status": "dead",
        "confidence": 1.0,
        "proj_x": 196690.745,
        "proj_y": 2419390.5362
      }
    },
    {
      "type": "Feature",
      "geometry": {
        "type": "Point",
        "coordinates": [
          84.0654432,
          21.8519938
        ]
      },
      "properties": {
        "status": "dead",
        "confidence": 1.0,
        "proj_x": 196682.7329,
        "proj_y": 2419337.8152
      }
    },
    {
      "type": "Feature",
      "geometry": {
        "type": "Point",
        "coordinates": [
          84.0657026,
          21.8525797
        ]
      },
      "properties": {
        "status": "dead",
        "confidence": 1.0,
        "proj_x": 196710.8011,
        "proj_y": 2419402.2206
      }
    },
    {
      "type": "Feature",
      "geometry": {
        "type": "Point",
        "coordinates": [
          84.0660874,
          21.8523548
        ]
      },
      "properties": {
        "status": "dead",
        "confidence": 1.0,
        "proj_x": 196750.1172,
        "proj_y": 2419376.5406
      }
    },
    {
      "type": "Feature",
      "geometry": {
        "type": "Point",
        "coordinates": [
          84.0658471,
          21.8520079
        ]
      },
      "properties": {
        "status": "dead",
        "confidence": 1.0,
        "proj_x": 196724.5399,
        "proj_y": 2419338.5856
      }
    },
    {
      "type": "Feature",
      "geometry": {
        "type": "Point",
        "coordinates": [
          84.0657276,
          21.8521984
        ]
      },
      "properties": {
        "status": "dead",
        "confidence": 1.0,
        "proj_x": 196712.573,
        "proj_y": 2419359.9257
      }
    },
    {
      "type": "Feature",
      "geometry": {
        "type": "Point",
        "coordinates": [
          84.0659859,
          21.8520931
        ]
      },
      "properties": {
        "status": "dead",
        "confidence": 0.9999,
        "proj_x": 196739.0748,
        "proj_y": 2419347.7533
      }
    },
    {
      "type": "Feature",
      "geometry": {
        "type": "Point",
        "coordinates": [
          84.0658749,
          21.852532
        ]
      },
      "properties": {
        "status": "dead",
        "confidence": 1.0,
        "proj_x": 196728.5203,
        "proj_y": 2419396.5967
      }
    },
    {
      "type": "Feature",
      "geometry": {
        "type": "Point",
        "coordinates": [
          84.065599,
          21.8521247
        ]
      },
      "properties": {
        "status": "dead",
        "confidence": 1.0,
        "proj_x": 196699.1167,
        "proj_y": 2419352.0162
      }
    },
    {
      "type": "Feature",
      "geometry": {
        "type": "Point",
        "coordinates": [
          84.0655374,
          21.8521002
        ]
      },
      "properties": {
        "status": "dead",
        "confidence": 1.0,
        "proj_x": 196692.6967,
        "proj_y": 2419349.4225
      }
    },
    {
      "type": "Feature",
      "geometry": {
        "type": "Point",
        "coordinates": [
          84.0655523,
          21.8520868
        ]
      },
      "properties": {
        "status": "dead",
        "confidence": 1.0,
        "proj_x": 196694.2118,
        "proj_y": 2419347.9074
      }
    },
    {
      "type": "Feature",
      "geometry": {
        "type": "Point",
        "coordinates": [
          84.066067,
          21.852503
        ]
      },
      "properties": {
        "status": "dead",
        "confidence": 1.0,
        "proj_x": 196748.3196,
        "proj_y": 2419393.0015
      }
    },
    {
      "type": "Feature",
      "geometry": {
        "type": "Point",
        "coordinates": [
          84.0659863,
          21.8524647
        ]
      },
      "properties": {
        "status": "dead",
        "confidence": 1.0,
        "proj_x": 196739.8966,
        "proj_y": 2419388.9184
      }
    },
    {
      "type": "Feature",
      "geometry": {
        "type": "Point",
        "coordinates": [
          84.0658027,
          21.8523346
        ]
      },
      "properties": {
        "status": "dead",
        "confidence": 1.0,
        "proj_x": 196720.6365,
        "proj_y": 2419374.8714
      }
    },
    {
      "type": "Feature",
      "geometry": {
        "type": "Point",
        "coordinates": [
          84.0655825,
          21.8523706
        ]
      },
      "properties": {
        "status": "dead",
        "confidence": 1.0,
        "proj_x": 196697.9354,
        "proj_y": 2419379.2884
      }
    },
    {
      "type": "Feature",
      "geometry": {
        "type": "Point",
        "coordinates": [
          84.0656343,
          21.8519724
        ]
      },
      "properties": {
        "status": "dead",
        "confidence": 1.0,
        "proj_x": 196702.4551,
        "proj_y": 2419335.0674
      }
    },
    {
      "type": "Feature",
      "geometry": {
        "type": "Point",
        "coordinates": [
          84.0660381,
          21.8525314
        ]
      },
      "properties": {
        "status": "dead",
        "confidence": 1.0,
        "proj_x": 196745.3921,
        "proj_y": 2419396.2115
      }
    },
    {
      "type": "Feature",
      "geometry": {
        "type": "Point",
        "coordinates": [
          84.0657805,
          21.8522788
        ]
      },
      "properties": {
        "status": "dead",
        "confidence": 1.0,
        "proj_x": 196718.2226,
        "proj_y": 2419368.7339
      }
    },
    {
      "type": "Feature",
      "geometry": {
        "type": "Point",
        "coordinates": [
          84.0660253,
          21.8520391
        ]
      },
      "properties": {
        "status": "dead",
        "confidence": 1.0,
        "proj_x": 196743.0295,
        "proj_y": 2419341.6929
      }
    },
    {
      "type": "Feature",
      "geometry": {
        "type": "Point",
        "coordinates": [
          84.0656646,
          21.852386
        ]
      },
      "properties": {
        "status": "dead",
        "confidence": 1.0,
        "proj_x": 196706.4612,
        "proj_y": 2419380.8292
      }
    },
    {
      "type": "Feature",
      "geometry": {
        "type": "Point",
        "coordinates": [
          84.0656423,
          21.8525307
        ]
      },
      "properties": {
        "status": "dead",
        "confidence": 1.0,
        "proj_x": 196704.4581,
        "proj_y": 2419396.9049
      }
    },
    {
      "type": "Feature",
      "geometry": {
        "type": "Point",
        "coordinates": [
          84.0657653,
          21.8521367
        ]
      },
      "properties": {
        "status": "dead",
        "confidence": 1.0,
        "proj_x": 196716.348,
        "proj_y": 2419353.0177
      }
    },
    {
      "type": "Feature",
      "geometry": {
        "type": "Point",
        "coordinates": [
          84.0646965,
          21.852559
        ]
      },
      "properties": {
        "status": "dead",
        "confidence": 1.0,
        "proj_x": 196606.6944,
        "proj_y": 2419401.9125
      }
    },
    {
      "type": "Feature",
      "geometry": {
        "type": "Point",
        "coordinates": [
          84.0649465,
          21.8526073
        ]
      },
      "properties": {
        "status": "dead",
        "confidence": 1.0,
        "proj_x": 196632.6569,
        "proj_y": 2419406.766
      }
    },
    {
      "type": "Feature",
      "geometry": {
        "type": "Point",
        "coordinates": [
          84.0652535,
          21.8523459
        ]
      },
      "properties": {
        "status": "dead",
        "confidence": 1.0,
        "proj_x": 196663.8581,
        "proj_y": 2419377.2083
      }
    },
    {
      "type": "Feature",
      "geometry": {
        "type": "Point",
        "coordinates": [
          84.0651459,
          21.8523399
        ]
      },
      "properties": {
        "status": "dead",
        "confidence": 1.0,
        "proj_x": 196652.713,
        "proj_y": 2419376.7461
      }
    },
    {
      "type": "Feature",
      "geometry": {
        "type": "Point",
        "coordinates": [
          84.0649207,
          21.8524601
        ]
      },
      "properties": {
        "status": "dead",
        "confidence": 1.0,
        "proj_x": 196629.678,
        "proj_y": 2419390.5105
      }
    },
    {
      "type": "Feature",
      "geometry": {
        "type": "Point",
        "coordinates": [
          84.0650461,
          21.8523733
        ]
      },
      "properties": {
        "status": "dead",
        "confidence": 0.9982,
        "proj_x": 196642.4666,
        "proj_y": 2419380.6494
      }
    },
    {
      "type": "Feature",
      "geometry": {
        "type": "Point",
        "coordinates": [
          84.0646621,
          21.8525021
        ]
      },
      "properties": {
        "status": "dead",
        "confidence": 0.9999,
        "proj_x": 196603.0222,
        "proj_y": 2419395.6722
      }
    },
    {
      "type": "Feature",
      "geometry": {
        "type": "Point",
        "coordinates": [
          84.0653027,
          21.8522017
        ]
      },
      "properties": {
        "status": "dead",
        "confidence": 1.0,
        "proj_x": 196668.6346,
        "proj_y": 2419361.1326
      }
    },
    {
      "type": "Feature",
      "geometry": {
        "type": "Point",
        "coordinates": [
          84.0649032,
          21.8522479
        ]
      },
      "properties": {
        "status": "dead",
        "confidence": 1.0,
        "proj_x": 196627.4182,
        "proj_y": 2419367.039
      }
    },
    {
      "type": "Feature",
      "geometry": {
        "type": "Point",
        "coordinates": [
          84.0650494,
          21.8522403
        ]
      },
      "properties": {
        "status": "dead",
        "confidence": 1.0,
        "proj_x": 196642.518,
        "proj_y": 2419365.9091
      }
    },
    {
      "type": "Feature",
      "geometry": {
        "type": "Point",
        "coordinates": [
          84.0647351,
          21.852562
        ]
      },
      "properties": {
        "status": "dead",
        "confidence": 1.0,
        "proj_x": 196610.7005,
        "proj_y": 2419402.1693
      }
    },
    {
      "type": "Feature",
      "geometry": {
        "type": "Point",
        "coordinates": [
          84.064989,
          21.8523507
        ]
      },
      "properties": {
        "status": "dead",
        "confidence": 1.0,
        "proj_x": 196636.5089,
        "proj_y": 2419378.2612
      }
    },
    {
      "type": "Feature",
      "geometry": {
        "type": "Point",
        "coordinates": [
          84.065365,
          21.8525171
        ]
      },
      "properties": {
        "status": "dead",
        "confidence": 1.0,
        "proj_x": 196675.7479,
        "proj_y": 2419395.9547
      }
    },
    {
      "type": "Feature",
      "geometry": {
        "type": "Point",
        "coordinates": [
          84.0649055,
          21.8525099
        ]
      },
      "properties": {
        "status": "dead",
        "confidence": 1.0,
        "proj_x": 196628.2142,
        "proj_y": 2419396.0574
      }
    },
    {
      "type": "Feature",
      "geometry": {
        "type": "Point",
        "coordinates": [
          84.0651314,
          21.8521011
        ]
      },
      "properties": {
        "status": "dead",
        "confidence": 1.0,
        "proj_x": 196650.7099,
        "proj_y": 2419350.3213
      }
    },
    {
      "type": "Feature",
      "geometry": {
        "type": "Point",
        "coordinates": [
          84.0646568,
          21.8523247
        ]
      },
      "properties": {
        "status": "dead",
        "confidence": 1.0,
        "proj_x": 196602.0977,
        "proj_y": 2419376.027
      }
    },
    {
      "type": "Feature",
      "geometry": {
        "type": "Point",
        "coordinates": [
          84.0647814,
          21.8522782
        ]
      },
      "properties": {
        "status": "dead",
        "confidence": 1.0,
        "proj_x": 196614.8863,
        "proj_y": 2419370.6342
      }
    },
    {
      "type": "Feature",
      "geometry": {
        "type": "Point",
        "coordinates": [
          84.0647908,
          21.8523062
        ]
      },
      "properties": {
        "status": "dead",
        "confidence": 1.0,
        "proj_x": 196615.9135,
        "proj_y": 2419373.7158
      }
    },
    {
      "type": "Feature",
      "geometry": {
        "type": "Point",
        "coordinates": [
          84.0653034,
          21.8524338
        ]
      },
      "properties": {
        "status": "dead",
        "confidence": 0.9995,
        "proj_x": 196669.1995,
        "proj_y": 2419386.8383
      }
    },
    {
      "type": "Feature",
      "geometry": {
        "type": "Point",
        "coordinates": [
          84.0649527,
          21.8522662
        ]
      },
      "properties": {
        "status": "dead",
        "confidence": 1.0,
        "proj_x": 196632.5798,
        "proj_y": 2419368.965
      }
    },
    {
      "type": "Feature",
      "geometry": {
        "type": "Point",
        "coordinates": [
          84.0652446,
          21.8523817
        ]
      },
      "properties": {
        "status": "dead",
        "confidence": 1.0,
        "proj_x": 196663.0106,
        "proj_y": 2419381.1887
      }
    },
    {
      "type": "Feature",
      "geometry": {
        "type": "Point",
        "coordinates": [
          84.0653587,
          21.8519974
        ]
      },
      "properties": {
        "status": "dead",
        "confidence": 0.9999,
        "proj_x": 196674.0017,
        "proj_y": 2419338.3801
      }
    },
    {
      "type": "Feature",
      "geometry": {
        "type": "Point",
        "coordinates": [
          84.0647767,
          21.8523882
        ]
      },
      "properties": {
        "status": "dead",
        "confidence": 1.0,
        "proj_x": 196614.6295,
        "proj_y": 2419382.8322
      }
    },
    {
      "type": "Feature",
      "geometry": {
        "type": "Point",
        "coordinates": [
          84.0649422,
          21.8525377
        ]
      },
      "properties": {
        "status": "dead",
        "confidence": 0.9999,
        "proj_x": 196632.0662,
        "proj_y": 2419399.062
      }
    },
    {
      "type": "Feature",
      "geometry": {
        "type": "Point",
        "coordinates": [
          84.0652587,
          21.8523611
        ]
      },
      "properties": {
        "status": "dead",
        "confidence": 1.0,
        "proj_x": 196664.423,
        "proj_y": 2419378.8775
      }
    },
    {
      "type": "Feature",
      "geometry": {
        "type": "Point",
        "coordinates": [
          84.0651797,
          21.8520727
        ]
      },
      "properties": {
        "status": "dead",
        "confidence": 1.0,
        "proj_x": 196655.6405,
        "proj_y": 2419347.0857
      }
    },
    {
      "type": "Feature",
      "geometry": {
        "type": "Point",
        "coordinates": [
          84.0648644,
          21.8521911
        ]
      },
      "properties": {
        "status": "dead",
        "confidence": 1.0,
        "proj_x": 196623.2837,
        "proj_y": 2419360.8245
      }
    },
    {
      "type": "Feature",
      "geometry": {
        "type": "Point",
        "coordinates": [
          84.0649468,
          21.8525697
        ]
      },
      "properties": {
        "status": "dead",
        "confidence": 0.9999,
        "proj_x": 196632.6055,
        "proj_y": 2419402.6058
      }
    },
    {
      "type": "Feature",
      "geometry": {
        "type": "Point",
        "coordinates": [
          84.0649905,
          21.8521653
        ]
      },
      "properties": {
        "status": "dead",
        "confidence": 0.9999,
        "proj_x": 196636.2778,
        "proj_y": 2419357.7172
      }
    },
    {
      "type": "Feature",
      "geometry": {
        "type": "Point",
        "coordinates": [
          84.0648863,
          21.8519451
        ]
      },
      "properties": {
        "status": "dead",
        "confidence": 1.0,
        "proj_x": 196625.0299,
        "proj_y": 2419333.5266
      }
    },
    {
      "type": "Feature",
      "geometry": {
        "type": "Point",
        "coordinates": [
          84.0652964,
          21.852569
        ]
      },
      "properties": {
        "status": "dead",
        "confidence": 1.0,
        "proj_x": 196668.763,
        "proj_y": 2419401.8354
      }
    },
    {
      "type": "Feature",
      "geometry": {
        "type": "Point",
        "coordinates": [
          84.0650612,
          21.8519543
        ]
      },
      "properties": {
        "status": "dead",
        "confidence": 1.0,
        "proj_x": 196643.1343,
        "proj_y": 2419334.1943
      }
    },
    {
      "type": "Feature",
      "geometry": {
        "type": "Point",
        "coordinates": [
          84.0652632,
          21.8520207
        ]
      },
      "properties": {
        "status": "dead",
        "confidence": 1.0,
        "proj_x": 196664.1662,
        "proj_y": 2419341.1536
      }
    },
    {
      "type": "Feature",
      "geometry": {
        "type": "Point",
        "coordinates": [
          84.0648465,
          21.8522525
        ]
      },
      "properties": {
        "status": "dead",
        "confidence": 0.9996,
        "proj_x": 196621.5631,
        "proj_y": 2419367.6553
      }
    },
    {
      "type": "Feature",
      "geometry": {
        "type": "Point",
        "coordinates": [
          84.064835,
          21.8522298
        ]
      },
      "properties": {
        "status": "dead",
        "confidence": 0.9998,
        "proj_x": 196620.3305,
        "proj_y": 2419365.1644
      }
    },
    {
      "type": "Feature",
      "geometry": {
        "type": "Point",
        "coordinates": [
          84.0652864,
          21.8525976
        ]
      },
      "properties": {
        "status": "dead",
        "confidence": 1.0,
        "proj_x": 196667.7871,
        "proj_y": 2419405.0197
      }
    },
    {
      "type": "Feature",
      "geometry": {
        "type": "Point",
        "coordinates": [
          84.0647492,
          21.8522002
        ]
      },
      "properties": {
        "status": "dead",
        "confidence": 1.0,
        "proj_x": 196611.3938,
        "proj_y": 2419362.0571
      }
    },
    {
      "type": "Feature",
      "geometry": {
        "type": "Point",
        "coordinates": [
          84.0647841,
          21.8524243
        ]
      },
      "properties": {
        "status": "dead",
        "confidence": 1.0,
        "proj_x": 196615.477,
        "proj_y": 2419386.8126
      }
    },
    {
      "type": "Feature",
      "geometry": {
        "type": "Point",
        "coordinates": [
          84.0653361,
          21.8519979
        ]
      },
      "properties": {
        "status": "dead",
        "confidence": 0.9991,
        "proj_x": 196671.6648,
        "proj_y": 2419338.4829
      }
    },
    {
      "type": "Feature",
      "geometry": {
        "type": "Point",
        "coordinates": [
          84.0647382,
          21.8523528
        ]
      },
      "properties": {
        "status": "dead",
        "confidence": 1.0,
        "proj_x": 196610.5721,
        "proj_y": 2419378.9802
      }
    },
    {
      "type": "Feature",
      "geometry": {
        "type": "Point",
        "coordinates": [
          84.0650567,
          21.8525362
        ]
      },
      "properties": {
        "status": "dead",
        "confidence": 1.0,
        "proj_x": 196643.9047,
        "proj_y": 2419398.6768
      }
    },
    {
      "type": "Feature",
      "geometry": {
        "type": "Point",
        "coordinates": [
          84.065271,
          21.852582
        ]
      },
      "properties": {
        "status": "dead",
        "confidence": 0.9999,
        "proj_x": 196666.1693,
        "proj_y": 2419403.3249
      }
    },
    {
      "type": "Feature",
      "geometry": {
        "type": "Point",
        "coordinates": [
          84.0652499,
          21.8522439
        ]
      },
      "properties": {
        "status": "dead",
        "confidence": 1.0,
        "proj_x": 196663.2674,
        "proj_y": 2419365.9091
      }
    },
    {
      "type": "Feature",
      "geometry": {
        "type": "Point",
        "coordinates": [
          84.0648761,
          21.8523082
        ]
      },
      "properties": {
        "status": "dead",
        "confidence": 1.0,
        "proj_x": 196624.7474,
        "proj_y": 2419373.7672
      }
    },
    {
      "type": "Feature",
      "geometry": {
        "type": "Point",
        "coordinates": [
          84.0647702,
          21.8520972
        ]
      },
      "properties": {
        "status": "dead",
        "confidence": 0.9991,
        "proj_x": 196613.3455,
        "proj_y": 2419350.6038
      }
    },
    {
      "type": "Feature",
      "geometry": {
        "type": "Point",
        "coordinates": [
          84.0648026,
          21.8524431
        ]
      },
      "properties": {
        "status": "dead",
        "confidence": 0.9999,
        "proj_x": 196617.4286,
        "proj_y": 2419388.867
      }
    },
    {
      "type": "Feature",
      "geometry": {
        "type": "Point",
        "coordinates": [
          84.0648021,
          21.8523961
        ]
      },
      "properties": {
        "status": "dead",
        "confidence": 0.9999,
        "proj_x": 196617.2746,
        "proj_y": 2419383.654
      }
    },
    {
      "type": "Feature",
      "geometry": {
        "type": "Point",
        "coordinates": [
          84.0652717,
          21.8523929
        ]
      },
      "properties": {
        "status": "dead",
        "confidence": 1.0,
        "proj_x": 196665.8354,
        "proj_y": 2419382.37
      }
    },
    {
      "type": "Feature",
      "geometry": {
        "type": "Point",
        "coordinates": [
          84.0652662,
          21.8522013
        ]
      },
      "properties": {
        "status": "dead",
        "confidence": 1.0,
        "proj_x": 196664.8596,
        "proj_y": 2419361.1583
      }
    },
    {
      "type": "Feature",
      "geometry": {
        "type": "Point",
        "coordinates": [
          84.0648862,
          21.8522557
        ]
      },
      "properties": {
        "status": "dead",
        "confidence": 1.0,
        "proj_x": 196625.6719,
        "proj_y": 2419367.9378
      }
    },
    {
      "type": "Feature",
      "geometry": {
        "type": "Point",
        "coordinates": [
          84.0648375,
          21.8525578
        ]
      },
      "properties": {
        "status": "dead",
        "confidence": 1.0,
        "proj_x": 196621.2806,
        "proj_y": 2419401.5016
      }
    },
    {
      "type": "Feature",
      "geometry": {
        "type": "Point",
        "coordinates": [
          84.0679202,
          21.8522145
        ]
      },
      "properties": {
        "status": "dead",
        "confidence": 0.4943,
        "proj_x": 196939.3788,
        "proj_y": 2419357.3833
      }
    },
    {
      "type": "Feature",
      "geometry": {
        "type": "Point",
        "coordinates": [
          84.0676958,
          21.8523547
        ]
      },
      "properties": {
        "status": "dead",
        "confidence": 0.9999,
        "proj_x": 196916.4722,
        "proj_y": 2419373.3563
      }
    },
    {
      "type": "Feature",
      "geometry": {
        "type": "Point",
        "coordinates": [
          84.0679446,
          21.8524395
        ]
      },
      "properties": {
        "status": "dead",
        "confidence": 0.4943,
        "proj_x": 196942.3834,
        "proj_y": 2419382.2673
      }
    },
    {
      "type": "Feature",
      "geometry": {
        "type": "Point",
        "coordinates": [
          84.0677847,
          21.8525241
        ]
      },
      "properties": {
        "status": "dead",
        "confidence": 0.4943,
        "proj_x": 196926.0252,
        "proj_y": 2419391.9486
      }
    },
    {
      "type": "Feature",
      "geometry": {
        "type": "Point",
        "coordinates": [
          84.067803,
          21.8522353
        ]
      },
      "properties": {
        "status": "dead",
        "confidence": 0.9999,
        "proj_x": 196927.3092,
        "proj_y": 2419359.9257
      }
    },
    {
      "type": "Feature",
      "geometry": {
        "type": "Point",
        "coordinates": [
          84.0678431,
          21.8521083
        ]
      },
      "properties": {
        "status": "dead",
        "confidence": 0.9927,
        "proj_x": 196931.1869,
        "proj_y": 2419345.776
      }
    },
    {
      "type": "Feature",
      "geometry": {
        "type": "Point",
        "coordinates": [
          84.0678711,
          21.8526109
        ]
      },
      "properties": {
        "status": "dead",
        "confidence": 0.4943,
        "proj_x": 196935.1416,
        "proj_y": 2419401.3989
      }
    },
    {
      "type": "Feature",
      "geometry": {
        "type": "Point",
        "coordinates": [
          84.067888,
          21.8523034
        ]
      },
      "properties": {
        "status": "dead",
        "confidence": 0.4943,
        "proj_x": 196936.2458,
        "proj_y": 2419367.2958
      }
    },
    {
      "type": "Feature",
      "geometry": {
        "type": "Point",
        "coordinates": [
          84.0678995,
          21.8521926
        ]
      },
      "properties": {
        "status": "dead",
        "confidence": 0.4943,
        "proj_x": 196937.196,
        "proj_y": 2419354.9951
      }
    },
    {
      "type": "Feature",
      "geometry": {
        "type": "Point",
        "coordinates": [
          84.0680155,
          21.8523365
        ]
      },
      "properties": {
        "status": "dead",
        "confidence": 0.4943,
        "proj_x": 196949.4967,
        "proj_y": 2419370.7113
      }
    },
    {
      "type": "Feature",
      "geometry": {
        "type": "Point",
        "coordinates": [
          84.0678034,
          21.8526041
        ]
      },
      "properties": {
        "status": "dead",
        "confidence": 0.4943,
        "proj_x": 196928.1309,
        "proj_y": 2419400.7825
      }
    },
    {
      "type": "Feature",
      "geometry": {
        "type": "Point",
        "coordinates": [
          84.0676787,
          21.8523917
        ]
      },
      "properties": {
        "status": "dead",
        "confidence": 0.9902,
        "proj_x": 196914.7773,
        "proj_y": 2419377.4908
      }
    },
    {
      "type": "Feature",
      "geometry": {
        "type": "Point",
        "coordinates": [
          84.0680197,
          21.8521567
        ]
      },
      "properties": {
        "status": "dead",
        "confidence": 0.4943,
        "proj_x": 196949.5481,
        "proj_y": 2419350.7836
      }
    },
    {
      "type": "Feature",
      "geometry": {
        "type": "Point",
        "coordinates": [
          84.0677288,
          21.8521003
        ]
      },
      "properties": {
        "status": "dead",
        "confidence": 1.0,
        "proj_x": 196919.3484,
        "proj_y": 2419345.1083
      }
    },
    {
      "type": "Feature",
      "geometry": {
        "type": "Point",
        "coordinates": [
          84.0677225,
          21.8520302
        ]
      },
      "properties": {
        "status": "dead",
        "confidence": 0.9969,
        "proj_x": 196918.5523,
        "proj_y": 2419337.3529
      }
    },
    {
      "type": "Feature",
      "geometry": {
        "type": "Point",
        "coordinates": [
          84.0678018,
          21.8522835
        ]
      },
      "properties": {
        "status": "dead",
        "confidence": 0.9991,
        "proj_x": 196927.2835,
        "proj_y": 2419365.2671
      }
    },
    {
      "type": "Feature",
      "geometry": {
        "type": "Point",
        "coordinates": [
          84.0681421,
          21.8521051
        ]
      },
      "properties": {
        "status": "dead",
        "confidence": 0.4943,
        "proj_x": 196962.1056,
        "proj_y": 2419344.8258
      }
    },
    {
      "type": "Feature",
      "geometry": {
        "type": "Point",
        "coordinates": [
          84.0676385,
          21.852241
        ]
      },
      "properties": {
        "status": "dead",
        "confidence": 0.9339,
        "proj_x": 196910.309,
        "proj_y": 2419360.8758
      }
    },
    {
      "type": "Feature",
      "geometry": {
        "type": "Point",
        "coordinates": [
          84.0678052,
          21.8524317
        ]
      },
      "properties": {
        "status": "dead",
        "confidence": 0.9981,
        "proj_x": 196927.9512,
        "proj_y": 2419381.6766
      }
    },
    {
      "type": "Feature",
      "geometry": {
        "type": "Point",
        "coordinates": [
          84.0679151,
          21.8524997
        ]
      },
      "properties": {
        "status": "dead",
        "confidence": 0.4943,
        "proj_x": 196939.4558,
        "proj_y": 2419388.9954
      }
    },
    {
      "type": "Feature",
      "geometry": {
        "type": "Point",
        "coordinates": [
          84.0681186,
          21.8521867
        ]
      },
      "properties": {
        "status": "dead",
        "confidence": 0.4943,
        "proj_x": 196959.8458,
        "proj_y": 2419353.9165
      }
    },
    {
      "type": "Feature",
      "geometry": {
        "type": "Point",
        "coordinates": [
          84.0680486,
          21.8521885
        ]
      },
      "properties": {
        "status": "dead",
        "confidence": 0.4943,
        "proj_x": 196952.604,
        "proj_y": 2419354.2504
      }
    },
    {
      "type": "Feature",
      "geometry": {
        "type": "Point",
        "coordinates": [
          84.0679007,
          21.8521678
        ]
      },
      "properties": {
        "status": "dead",
        "confidence": 0.4943,
        "proj_x": 196937.273,
        "proj_y": 2419352.2473
      }
    },
    {
      "type": "Feature",
      "geometry": {
        "type": "Point",
        "coordinates": [
          84.0679206,
          21.8524108
        ]
      },
      "properties": {
        "status": "dead",
        "confidence": 0.4943,
        "proj_x": 196939.841,
        "proj_y": 2419379.1343
      }
    },
    {
      "type": "Feature",
      "geometry": {
        "type": "Point",
        "coordinates": [
          84.067906,
          21.8525649
        ]
      },
      "properties": {
        "status": "dead",
        "confidence": 0.4943,
        "proj_x": 196938.6597,
        "proj_y": 2419396.2372
      }
    },
    {
      "type": "Feature",
      "geometry": {
        "type": "Point",
        "coordinates": [
          84.0679482,
          21.85259
        ]
      },
      "properties": {
        "status": "dead",
        "confidence": 0.4943,
        "proj_x": 196943.0767,
        "proj_y": 2419398.9336
      }
    },
    {
      "type": "Feature",
      "geometry": {
        "type": "Point",
        "coordinates": [
          84.067983,
          21.8522603
        ]
      },
      "properties": {
        "status": "dead",
        "confidence": 0.4943,
        "proj_x": 196945.9785,
        "proj_y": 2419362.3396
      }
    },
    {
      "type": "Feature",
      "geometry": {
        "type": "Point",
        "coordinates": [
          84.067807,
          21.8524058
        ]
      },
      "properties": {
        "status": "dead",
        "confidence": 0.9989,
        "proj_x": 196928.0796,
        "proj_y": 2419378.8005
      }
    },
    {
      "type": "Feature",
      "geometry": {
        "type": "Point",
        "coordinates": [
          84.0679374,
          21.8523441
        ]
      },
      "properties": {
        "status": "dead",
        "confidence": 0.4943,
        "proj_x": 196941.4332,
        "proj_y": 2419371.7128
      }
    },
    {
      "type": "Feature",
      "geometry": {
        "type": "Point",
        "coordinates": [
          84.0678933,
          21.8521169
        ]
      },
      "properties": {
        "status": "dead",
        "confidence": 0.4943,
        "proj_x": 196936.3999,
        "proj_y": 2419346.6234
      }
    },
    {
      "type": "Feature",
      "geometry": {
        "type": "Point",
        "coordinates": [
          84.0678529,
          21.8522956
        ]
      },
      "properties": {
        "status": "dead",
        "confidence": 0.9271,
        "proj_x": 196932.5993,
        "proj_y": 2419366.4997
      }
    },
    {
      "type": "Feature",
      "geometry": {
        "type": "Point",
        "coordinates": [
          84.0678128,
          21.8523899
        ]
      },
      "properties": {
        "status": "dead",
        "confidence": 0.9981,
        "proj_x": 196928.6445,
        "proj_y": 2419377.0285
      }
    },
    {
      "type": "Feature",
      "geometry": {
        "type": "Point",
        "coordinates": [
          84.067886,
          21.8526705
        ]
      },
      "properties": {
        "status": "dead",
        "confidence": 0.4943,
        "proj_x": 196936.8108,
        "proj_y": 2419407.9729
      }
    },
    {
      "type": "Feature",
      "geometry": {
        "type": "Point",
        "coordinates": [
          84.0679956,
          21.8523639
        ]
      },
      "properties": {
        "status": "dead",
        "confidence": 0.4943,
        "proj_x": 196947.4937,
        "proj_y": 2419373.7929
      }
    },
    {
      "type": "Feature",
      "geometry": {
        "type": "Point",
        "coordinates": [
          84.0677674,
          21.852132
        ]
      },
      "properties": {
        "status": "dead",
        "confidence": 1.0,
        "proj_x": 196923.4058,
        "proj_y": 2419348.5494
      }
    },
    {
      "type": "Feature",
      "geometry": {
        "type": "Point",
        "coordinates": [
          84.0679827,
          21.8526303
        ]
      },
      "properties": {
        "status": "dead",
        "confidence": 0.4943,
        "proj_x": 196946.7233,
        "proj_y": 2419403.3249
      }
    },
    {
      "type": "Feature",
      "geometry": {
        "type": "Point",
        "coordinates": [
          84.0680793,
          21.8521033
        ]
      },
      "properties": {
        "status": "dead",
        "confidence": 0.4943,
        "proj_x": 196955.6086,
        "proj_y": 2419344.7488
      }
    },
    {
      "type": "Feature",
      "geometry": {
        "type": "Point",
        "coordinates": [
          84.068134,
          21.8521365
        ]
      },
      "properties": {
        "status": "dead",
        "confidence": 0.4943,
        "proj_x": 196961.3352,
        "proj_y": 2419348.3183
      }
    },
    {
      "type": "Feature",
      "geometry": {
        "type": "Point",
        "coordinates": [
          84.0679731,
          21.8522099
        ]
      },
      "properties": {
        "status": "dead",
        "confidence": 0.4943,
        "proj_x": 196944.8486,
        "proj_y": 2419356.767
      }
    },
    {
      "type": "Feature",
      "geometry": {
        "type": "Point",
        "coordinates": [
          84.0678761,
          21.8522088
        ]
      },
      "properties": {
        "status": "dead",
        "confidence": 0.4943,
        "proj_x": 196934.8078,
        "proj_y": 2419356.8441
      }
    },
    {
      "type": "Feature",
      "geometry": {
        "type": "Point",
        "coordinates": [
          84.0679218,
          21.8522444
        ]
      },
      "properties": {
        "status": "dead",
        "confidence": 0.4943,
        "proj_x": 196939.6099,
        "proj_y": 2419360.6961
      }
    },
    {
      "type": "Feature",
      "geometry": {
        "type": "Point",
        "coordinates": [
          84.0678792,
          21.8521637
        ]
      },
      "properties": {
        "status": "dead",
        "confidence": 0.4943,
        "proj_x": 196935.0389,
        "proj_y": 2419351.8365
      }
    },
    {
      "type": "Feature",
      "geometry": {
        "type": "Point",
        "coordinates": [
          84.0678349,
          21.8523402
        ]
      },
      "properties": {
        "status": "dead",
        "confidence": 0.9978,
        "proj_x": 196930.8274,
        "proj_y": 2419371.4817
      }
    },
    {
      "type": "Feature",
      "geometry": {
        "type": "Point",
        "coordinates": [
          84.0677992,
          21.8521407
        ]
      },
      "properties": {
        "status": "dead",
        "confidence": 0.9937,
        "proj_x": 196926.7185,
        "proj_y": 2419349.4482
      }
    },
    {
      "type": "Feature",
      "geometry": {
        "type": "Point",
        "coordinates": [
          84.0679428,
          21.8521127
        ]
      },
      "properties": {
        "status": "dead",
        "confidence": 0.4943,
        "proj_x": 196941.5102,
        "proj_y": 2419346.0585
      }
    },
    {
      "type": "Feature",
      "geometry": {
        "type": "Point",
        "coordinates": [
          84.0679854,
          21.8525928
        ]
      },
      "properties": {
        "status": "dead",
        "confidence": 0.4943,
        "proj_x": 196946.9287,
        "proj_y": 2419399.1647
      }
    },
    {
      "type": "Feature",
      "geometry": {
        "type": "Point",
        "coordinates": [
          84.0680378,
          21.8521417
        ]
      },
      "properties": {
        "status": "dead",
        "confidence": 0.4943,
        "proj_x": 196951.397,
        "proj_y": 2419349.0887
      }
    },
    {
      "type": "Feature",
      "geometry": {
        "type": "Point",
        "coordinates": [
          84.068029,
          21.8523924
        ]
      },
      "properties": {
        "status": "dead",
        "confidence": 0.4943,
        "proj_x": 196951.0118,
        "proj_y": 2419376.8745
      }
    },
    {
      "type": "Feature",
      "geometry": {
        "type": "Point",
        "coordinates": [
          84.0680065,
          21.8522921
        ]
      },
      "properties": {
        "status": "dead",
        "confidence": 0.4943,
        "proj_x": 196948.4695,
        "proj_y": 2419365.8064
      }
    },
    {
      "type": "Feature",
      "geometry": {
        "type": "Point",
        "coordinates": [
          84.0677573,
          21.8523446
        ]
      },
      "properties": {
        "status": "alive",
        "confidence": 0.6646,
        "proj_x": 196922.8152,
        "proj_y": 2419372.1237
      }
    },
    {
      "type": "Feature",
      "geometry": {
        "type": "Point",
        "coordinates": [
          84.0677491,
          21.8520188
        ]
      },
      "properties": {
        "status": "dead",
        "confidence": 0.9998,
        "proj_x": 196921.2744,
        "proj_y": 2419336.0433
      }
    },
    {
      "type": "Feature",
      "geometry": {
        "type": "Point",
        "coordinates": [
          84.0678741,
          21.8522334
        ]
      },
      "properties": {
        "status": "dead",
        "confidence": 0.4943,
        "proj_x": 196934.6537,
        "proj_y": 2419359.5661
      }
    },
    {
      "type": "Feature",
      "geometry": {
        "type": "Point",
        "coordinates": [
          84.0679127,
          21.8526779
        ]
      },
      "properties": {
        "status": "dead",
        "confidence": 0.4943,
        "proj_x": 196939.5842,
        "proj_y": 2419408.7433
      }
    },
    {
      "type": "Feature",
      "geometry": {
        "type": "Point",
        "coordinates": [
          84.0679971,
          21.8522787
        ]
      },
      "properties": {
        "status": "dead",
        "confidence": 0.4943,
        "proj_x": 196947.468,
        "proj_y": 2419364.3426
      }
    },
    {
      "type": "Feature",
      "geometry": {
        "type": "Point",
        "coordinates": [
          84.0677447,
          21.8521265
        ]
      },
      "properties": {
        "status": "dead",
        "confidence": 0.9995,
        "proj_x": 196921.0433,
        "proj_y": 2419347.9845
      }
    },
    {
      "type": "Feature",
      "geometry": {
        "type": "Point",
        "coordinates": [
          84.0679208,
          21.8519999
        ]
      },
      "properties": {
        "status": "dead",
        "confidence": 0.4943,
        "proj_x": 196938.9936,
        "proj_y": 2419333.6037
      }
    },
    {
      "type": "Feature",
      "geometry": {
        "type": "Point",
        "coordinates": [
          84.0680135,
          21.852043
        ]
      },
      "properties": {
        "status": "dead",
        "confidence": 0.4943,
        "proj_x": 196948.675,
        "proj_y": 2419338.2004
      }
    },
    {
      "type": "Feature",
      "geometry": {
        "type": "Point",
        "coordinates": [
          84.0680919,
          21.8520242
        ]
      },
      "properties": {
        "status": "dead",
        "confidence": 0.4943,
        "proj_x": 196956.7385,
        "proj_y": 2419335.9662
      }
    },
    {
      "type": "Feature",
      "geometry": {
        "type": "Point",
        "coordinates": [
          84.0676578,
          21.8521954
        ]
      },
      "properties": {
        "status": "dead",
        "confidence": 0.993,
        "proj_x": 196912.2093,
        "proj_y": 2419355.7912
      }
    },
    {
      "type": "Feature",
      "geometry": {
        "type": "Point",
        "coordinates": [
          84.0677615,
          21.8520332
        ]
      },
      "properties": {
        "status": "dead",
        "confidence": 0.9996,
        "proj_x": 196922.5841,
        "proj_y": 2419337.6097
      }
    },
    {
      "type": "Feature",
      "geometry": {
        "type": "Point",
        "coordinates": [
          84.0677574,
          21.8520602
        ]
      },
      "properties": {
        "status": "dead",
        "confidence": 0.9995,
        "proj_x": 196922.2246,
        "proj_y": 2419340.6143
      }
    },
    {
      "type": "Feature",
      "geometry": {
        "type": "Point",
        "coordinates": [
          84.0678856,
          21.8526306
        ]
      },
      "properties": {
        "status": "dead",
        "confidence": 0.4943,
        "proj_x": 196936.6824,
        "proj_y": 2419403.556
      }
    },
    {
      "type": "Feature",
      "geometry": {
        "type": "Point",
        "coordinates": [
          84.0678852,
          21.8525388
        ]
      },
      "properties": {
        "status": "dead",
        "confidence": 0.4943,
        "proj_x": 196936.4513,
        "proj_y": 2419393.3867
      }
    },
    {
      "type": "Feature",
      "geometry": {
        "type": "Point",
        "coordinates": [
          84.0679263,
          21.8525192
        ]
      },
      "properties": {
        "status": "dead",
        "confidence": 0.4943,
        "proj_x": 196940.6628,
        "proj_y": 2419391.1269
      }
    },
    {
      "type": "Feature",
      "geometry": {
        "type": "Point",
        "coordinates": [
          84.0679904,
          21.8523483
        ]
      },
      "properties": {
        "status": "dead",
        "confidence": 0.4943,
        "proj_x": 196946.9287,
        "proj_y": 2419372.0723
      }
    },
    {
      "type": "Feature",
      "geometry": {
        "type": "Point",
        "coordinates": [
          84.0678451,
          21.8526531
        ]
      },
      "properties": {
        "status": "dead",
        "confidence": 0.4943,
        "proj_x": 196932.5479,
        "proj_y": 2419406.124
      }
    },
    {
      "type": "Feature",
      "geometry": {
        "type": "Point",
        "coordinates": [
          84.0681326,
          21.8520245
        ]
      },
      "properties": {
        "status": "dead",
        "confidence": 0.4943,
        "proj_x": 196960.95,
        "proj_y": 2419335.9149
      }
    },
    {
      "type": "Feature",
      "geometry": {
        "type": "Point",
        "coordinates": [
          84.0679902,
          21.852213
        ]
      },
      "properties": {
        "status": "dead",
        "confidence": 0.4943,
        "proj_x": 196946.6205,
        "proj_y": 2419357.0752
      }
    },
    {
      "type": "Feature",
      "geometry": {
        "type": "Point",
        "coordinates": [
          84.0678794,
          21.8525218
        ]
      },
      "properties": {
        "status": "dead",
        "confidence": 0.4943,
        "proj_x": 196935.8093,
        "proj_y": 2419391.5121
      }
    },
    {
      "type": "Feature",
      "geometry": {
        "type": "Point",
        "coordinates": [
          84.0681341,
          21.852196
        ]
      },
      "properties": {
        "status": "dead",
        "confidence": 0.4943,
        "proj_x": 196961.4636,
        "proj_y": 2419354.9181
      }
    },
    {
      "type": "Feature",
      "geometry": {
        "type": "Point",
        "coordinates": [
          84.0681038,
          21.8523146
        ]
      },
      "properties": {
        "status": "dead",
        "confidence": 0.4943,
        "proj_x": 196958.5874,
        "proj_y": 2419368.1176
      }
    },
    {
      "type": "Feature",
      "geometry": {
        "type": "Point",
        "coordinates": [
          84.0679968,
          21.8523885
        ]
      },
      "properties": {
        "status": "dead",
        "confidence": 0.4943,
        "proj_x": 196947.6734,
        "proj_y": 2419376.5149
      }
    },
    {
      "type": "Feature",
      "geometry": {
        "type": "Point",
        "coordinates": [
          84.0643519,
          21.8509542
        ]
      },
      "properties": {
        "status": "dead",
        "confidence": 0.4943,
        "proj_x": 196567.6608,
        "proj_y": 2419224.7975
      }
    },
    {
      "type": "Feature",
      "geometry": {
        "type": "Point",
        "coordinates": [
          84.0643852,
          21.8510257
        ]
      },
      "properties": {
        "status": "dead",
        "confidence": 0.4943,
        "proj_x": 196571.256,
        "proj_y": 2419232.6556
      }
    },
    {
      "type": "Feature",
      "geometry": {
        "type": "Point",
        "coordinates": [
          84.0643102,
          21.8510872
        ]
      },
      "properties": {
        "status": "dead",
        "confidence": 0.4943,
        "proj_x": 196563.629,
        "proj_y": 2419239.6149
      }
    },
    {
      "type": "Feature",
      "geometry": {
        "type": "Point",
        "coordinates": [
          84.0642737,
          21.8512187
        ]
      },
      "properties": {
        "status": "dead",
        "confidence": 0.4943,
        "proj_x": 196560.1365,
        "proj_y": 2419254.2525
      }
    },
    {
      "type": "Feature",
      "geometry": {
        "type": "Point",
        "coordinates": [
          84.0644858,
          21.85113
        ]
      },
      "properties": {
        "status": "dead",
        "confidence": 0.4943,
        "proj_x": 196581.8875,
        "proj_y": 2419244.0061
      }
    },
    {
      "type": "Feature",
      "geometry": {
        "type": "Point",
        "coordinates": [
          84.0644562,
          21.8511239
        ]
      },
      "properties": {
        "status": "dead",
        "confidence": 0.4943,
        "proj_x": 196578.8059,
        "proj_y": 2419243.3898
      }
    },
    {
      "type": "Feature",
      "geometry": {
        "type": "Point",
        "coordinates": [
          84.0642949,
          21.8512128
        ]
      },
      "properties": {
        "status": "dead",
        "confidence": 0.4943,
        "proj_x": 196562.3194,
        "proj_y": 2419253.5591
      }
    },
    {
      "type": "Feature",
      "geometry": {
        "type": "Point",
        "coordinates": [
          84.0644113,
          21.8511071
        ]
      },
      "properties": {
        "status": "dead",
        "confidence": 0.4943,
        "proj_x": 196574.1321,
        "proj_y": 2419241.6179
      }
    },
    {
      "type": "Feature",
      "geometry": {
        "type": "Point",
        "coordinates": [
          84.0644619,
          21.8511829
        ]
      },
      "properties": {
        "status": "dead",
        "confidence": 0.4943,
        "proj_x": 196579.5249,
        "proj_y": 2419249.9125
      }
    },
    {
      "type": "Feature",
      "geometry": {
        "type": "Point",
        "coordinates": [
          84.064279,
          21.8510435
        ]
      },
      "properties": {
        "status": "dead",
        "confidence": 0.4943,
        "proj_x": 196560.3163,
        "proj_y": 2419234.8384
      }
    },
    {
      "type": "Feature",
      "geometry": {
        "type": "Point",
        "coordinates": [
          84.0644719,
          21.8512275
        ]
      },
      "properties": {
        "status": "dead",
        "confidence": 0.4943,
        "proj_x": 196580.6549,
        "proj_y": 2419254.8431
      }
    },
    {
      "type": "Feature",
      "geometry": {
        "type": "Point",
        "coordinates": [
          84.0643118,
          21.8510564
        ]
      },
      "properties": {
        "status": "dead",
        "confidence": 0.4943,
        "proj_x": 196563.7318,
        "proj_y": 2419236.1994
      }
    },
    {
      "type": "Feature",
      "geometry": {
        "type": "Point",
        "coordinates": [
          84.0667078,
          21.8523076
        ]
      },
      "properties": {
        "status": "dead",
        "confidence": 1.0,
        "proj_x": 196814.1888,
        "proj_y": 2419370.0949
      }
    },
    {
      "type": "Feature",
      "geometry": {
        "type": "Point",
        "coordinates": [
          84.0667828,
          21.8519791
        ]
      },
      "properties": {
        "status": "dead",
        "confidence": 1.0,
        "proj_x": 196821.2508,
        "proj_y": 2419333.5523
      }
    },
    {
      "type": "Feature",
      "geometry": {
        "type": "Point",
        "coordinates": [
          84.0668684,
          21.8525437
        ]
      },
      "properties": {
        "status": "dead",
        "confidence": 1.0,
        "proj_x": 196831.2917,
        "proj_y": 2419395.929
      }
    },
    {
      "type": "Feature",
      "geometry": {
        "type": "Point",
        "coordinates": [
          84.0667439,
          21.8525343
        ]
      },
      "properties": {
        "status": "dead",
        "confidence": 1.0,
        "proj_x": 196818.4003,
        "proj_y": 2419395.1329
      }
    },
    {
      "type": "Feature",
      "geometry": {
        "type": "Point",
        "coordinates": [
          84.0663075,
          21.8525759
        ]
      },
      "properties": {
        "status": "dead",
        "confidence": 0.9998,
        "proj_x": 196773.3576,
        "proj_y": 2419400.6028
      }
    },
    {
      "type": "Feature",
      "geometry": {
        "type": "Point",
        "coordinates": [
          84.0663505,
          21.8525528
        ]
      },
      "properties": {
        "status": "dead",
        "confidence": 0.9855,
        "proj_x": 196777.7489,
        "proj_y": 2419397.9577
      }
    },
    {
      "type": "Feature",
      "geometry": {
        "type": "Point",
        "coordinates": [
          84.0667268,
          21.8523998
        ]
      },
      "properties": {
        "status": "dead",
        "confidence": 1.0,
        "proj_x": 196816.3459,
        "proj_y": 2419380.2642
      }
    },
    {
      "type": "Feature",
      "geometry": {
        "type": "Point",
        "coordinates": [
          84.0666646,
          21.852308
        ]
      },
      "properties": {
        "status": "dead",
        "confidence": 1.0,
        "proj_x": 196809.7205,
        "proj_y": 2419370.2233
      }
    },
    {
      "type": "Feature",
      "geometry": {
        "type": "Point",
        "coordinates": [
          84.0662398,
          21.8522569
        ]
      },
      "properties": {
        "status": "dead",
        "confidence": 1.0,
        "proj_x": 196765.6793,
        "proj_y": 2419365.3955
      }
    },
    {
      "type": "Feature",
      "geometry": {
        "type": "Point",
        "coordinates": [
          84.0667974,
          21.8523714
        ]
      },
      "properties": {
        "status": "dead",
        "confidence": 0.9878,
        "proj_x": 196823.5877,
        "proj_y": 2419376.9772
      }
    },
    {
      "type": "Feature",
      "geometry": {
        "type": "Point",
        "coordinates": [
          84.0666758,
          21.8526251
        ]
      },
      "properties": {
        "status": "no_sapling",
        "confidence": 0.7317,
        "proj_x": 196811.5438,
        "proj_y": 2419405.3279
      }
    },
    {
      "type": "Feature",
      "geometry": {
        "type": "Point",
        "coordinates": [
          84.0668676,
          21.8521814
        ]
      },
      "properties": {
        "status": "dead",
        "confidence": 1.0,
        "proj_x": 196830.4442,
        "proj_y": 2419355.7912
      }
    },
    {
      "type": "Feature",
      "geometry": {
        "type": "Point",
        "coordinates": [
          84.0663094,
          21.8526554
        ]
      },
      "properties": {
        "status": "dead",
        "confidence": 0.4943,
        "proj_x": 196773.7171,
        "proj_y": 2419409.411
      }
    },
    {
      "type": "Feature",
      "geometry": {
        "type": "Point",
        "coordinates": [
          84.0664375,
          21.852437
        ]
      },
      "properties": {
        "status": "dead",
        "confidence": 1.0,
        "proj_x": 196786.5058,
        "proj_y": 2419384.9637
      }
    },
    {
      "type": "Feature",
      "geometry": {
        "type": "Point",
        "coordinates": [
          84.0666108,
          21.852645
        ]
      },
      "properties": {
        "status": "dead",
        "confidence": 0.6684,
        "proj_x": 196804.8669,
        "proj_y": 2419407.6648
      }
    },
    {
      "type": "Feature",
      "geometry": {
        "type": "Point",
        "coordinates": [
          84.066687,
          21.8525854
        ]
      },
      "properties": {
        "status": "no_sapling",
        "confidence": 0.9962,
        "proj_x": 196812.6223,
        "proj_y": 2419400.9109
      }
    },
    {
      "type": "Feature",
      "geometry": {
        "type": "Point",
        "coordinates": [
          84.0664076,
          21.8524416
        ]
      },
      "properties": {
        "status": "dead",
        "confidence": 1.0,
        "proj_x": 196783.4242,
        "proj_y": 2419385.5286
      }
    },
    {
      "type": "Feature",
      "geometry": {
        "type": "Point",
        "coordinates": [
          84.0666216,
          21.8524313
        ]
      },
      "properties": {
        "status": "dead",
        "confidence": 0.9997,
        "proj_x": 196805.5346,
        "proj_y": 2419383.9621
      }
    },
    {
      "type": "Feature",
      "geometry": {
        "type": "Point",
        "coordinates": [
          84.0666148,
          21.8521212
        ]
      },
      "properties": {
        "status": "dead",
        "confidence": 1.0,
        "proj_x": 196804.1736,
        "proj_y": 2419349.628
      }
    },
    {
      "type": "Feature",
      "geometry": {
        "type": "Point",
        "coordinates": [
          84.0661978,
          21.8525658
        ]
      },
      "properties": {
        "status": "dead",
        "confidence": 0.9907,
        "proj_x": 196761.9814,
        "proj_y": 2419399.704
      }
    },
    {
      "type": "Feature",
      "geometry": {
        "type": "Point",
        "coordinates": [
          84.0661494,
          21.8523575
        ]
      },
      "properties": {
        "status": "dead",
        "confidence": 1.0,
        "proj_x": 196756.5372,
        "proj_y": 2419376.7204
      }
    },
    {
      "type": "Feature",
      "geometry": {
        "type": "Point",
        "coordinates": [
          84.0667606,
          21.852554
        ]
      },
      "properties": {
        "status": "dead",
        "confidence": 0.9992,
        "proj_x": 196820.1722,
        "proj_y": 2419397.2901
      }
    },
    {
      "type": "Feature",
      "geometry": {
        "type": "Point",
        "coordinates": [
          84.0666129,
          21.8522478
        ]
      },
      "properties": {
        "status": "dead",
        "confidence": 0.9877,
        "proj_x": 196804.2506,
        "proj_y": 2419363.6493
      }
    },
    {
      "type": "Feature",
      "geometry": {
        "type": "Point",
        "coordinates": [
          84.0668372,
          21.8521961
        ]
      },
      "properties": {
        "status": "dead",
        "confidence": 1.0,
        "proj_x": 196827.3369,
        "proj_y": 2419357.4861
      }
    },
    {
      "type": "Feature",
      "geometry": {
        "type": "Point",
        "coordinates": [
          84.066164,
          21.8524908
        ]
      },
      "properties": {
        "status": "dead",
        "confidence": 1.0,
        "proj_x": 196758.3348,
        "proj_y": 2419391.4607
      }
    },
    {
      "type": "Feature",
      "geometry": {
        "type": "Point",
        "coordinates": [
          84.0667543,
          21.8524028
        ]
      },
      "properties": {
        "status": "dead",
        "confidence": 1.0,
        "proj_x": 196819.1964,
        "proj_y": 2419380.5467
      }
    },
    {
      "type": "Feature",
      "geometry": {
        "type": "Point",
        "coordinates": [
          84.066698,
          21.852288
        ]
      },
      "properties": {
        "status": "dead",
        "confidence": 1.0,
        "proj_x": 196813.1359,
        "proj_y": 2419367.9378
      }
    },
    {
      "type": "Feature",
      "geometry": {
        "type": "Point",
        "coordinates": [
          84.0667839,
          21.8525331
        ]
      },
      "properties": {
        "status": "dead",
        "confidence": 1.0,
        "proj_x": 196822.5348,
        "proj_y": 2419394.9275
      }
    },
    {
      "type": "Feature",
      "geometry": {
        "type": "Point",
        "coordinates": [
          84.0665589,
          21.852196
        ]
      },
      "properties": {
        "status": "dead",
        "confidence": 1.0,
        "proj_x": 196798.5497,
        "proj_y": 2419358.0253
      }
    },
    {
      "type": "Feature",
      "geometry": {
        "type": "Point",
        "coordinates": [
          84.0668611,
          21.8525939
        ]
      },
      "properties": {
        "status": "dead",
        "confidence": 1.0,
        "proj_x": 196830.6497,
        "proj_y": 2419401.5016
      }
    },
    {
      "type": "Feature",
      "geometry": {
        "type": "Point",
        "coordinates": [
          84.0666174,
          21.8522831
        ]
      },
      "properties": {
        "status": "dead",
        "confidence": 1.0,
        "proj_x": 196804.7899,
        "proj_y": 2419367.5526
      }
    },
    {
      "type": "Feature",
      "geometry": {
        "type": "Point",
        "coordinates": [
          84.0663159,
          21.8522784
        ]
      },
      "properties": {
        "status": "dead",
        "confidence": 0.9997,
        "proj_x": 196773.5887,
        "proj_y": 2419367.6297
      }
    },
    {
      "type": "Feature",
      "geometry": {
        "type": "Point",
        "coordinates": [
          84.0665226,
          21.8520637
        ]
      },
      "properties": {
        "status": "dead",
        "confidence": 1.0,
        "proj_x": 196794.5179,
        "proj_y": 2419343.4391
      }
    },
    {
      "type": "Feature",
      "geometry": {
        "type": "Point",
        "coordinates": [
          84.0662264,
          21.8522349
        ]
      },
      "properties": {
        "status": "dead",
        "confidence": 1.0,
        "proj_x": 196764.2412,
        "proj_y": 2419362.9816
      }
    },
    {
      "type": "Feature",
      "geometry": {
        "type": "Point",
        "coordinates": [
          84.0665699,
          21.8526054
        ]
      },
      "properties": {
        "status": "dead",
        "confidence": 0.9997,
        "proj_x": 196800.5527,
        "proj_y": 2419403.3505
      }
    },
    {
      "type": "Feature",
      "geometry": {
        "type": "Point",
        "coordinates": [
          84.0661678,
          21.8522315
        ]
      },
      "properties": {
        "status": "dead",
        "confidence": 1.0,
        "proj_x": 196758.1807,
        "proj_y": 2419362.7248
      }
    },
    {
      "type": "Feature",
      "geometry": {
        "type": "Point",
        "coordinates": [
          84.0662099,
          21.8524923
        ]
      },
      "properties": {
        "status": "dead",
        "confidence": 1.0,
        "proj_x": 196763.0856,
        "proj_y": 2419391.5377
      }
    },
    {
      "type": "Feature",
      "geometry": {
        "type": "Point",
        "coordinates": [
          84.0651084,
          21.8504183
        ]
      },
      "properties": {
        "status": "dead",
        "confidence": 0.4943,
        "proj_x": 196644.7778,
        "proj_y": 2419163.9359
      }
    },
    {
      "type": "Feature",
      "geometry": {
        "type": "Point",
        "coordinates": [
          84.0653047,
          21.8504638
        ]
      },
      "properties": {
        "status": "dead",
        "confidence": 1.0,
        "proj_x": 196665.1677,
        "proj_y": 2419168.584
      }
    },
    {
      "type": "Feature",
      "geometry": {
        "type": "Point",
        "coordinates": [
          84.0651969,
          21.8505245
        ]
      },
      "properties": {
        "status": "dead",
        "confidence": 0.4943,
        "proj_x": 196654.151,
        "proj_y": 2419175.5176
      }
    },
    {
      "type": "Feature",
      "geometry": {
        "type": "Point",
        "coordinates": [
          84.065278,
          21.8504918
        ]
      },
      "properties": {
        "status": "dead",
        "confidence": 0.9971,
        "proj_x": 196662.4714,
        "proj_y": 2419171.7426
      }
    },
    {
      "type": "Feature",
      "geometry": {
        "type": "Point",
        "coordinates": [
          84.0651082,
          21.8504802
        ]
      },
      "properties": {
        "status": "dead",
        "confidence": 0.4943,
        "proj_x": 196644.8806,
        "proj_y": 2419170.7925
      }
    },
    {
      "type": "Feature",
      "geometry": {
        "type": "Point",
        "coordinates": [
          84.0670002,
          21.852534
        ]
      },
      "properties": {
        "status": "dead",
        "confidence": 0.9998,
        "proj_x": 196844.9021,
        "proj_y": 2419394.5937
      }
    },
    {
      "type": "Feature",
      "geometry": {
        "type": "Point",
        "coordinates": [
          84.0671786,
          21.8525274
        ]
      },
      "properties": {
        "status": "dead",
        "confidence": 0.9404,
        "proj_x": 196863.3403,
        "proj_y": 2419393.5151
      }
    },
    {
      "type": "Feature",
      "geometry": {
        "type": "Point",
        "coordinates": [
          84.0673321,
          21.8525951
        ]
      },
      "properties": {
        "status": "dead",
        "confidence": 0.8773,
        "proj_x": 196879.3646,
        "proj_y": 2419400.7055
      }
    },
    {
      "type": "Feature",
      "geometry": {
        "type": "Point",
        "coordinates": [
          84.0669537,
          21.8521563
        ]
      },
      "properties": {
        "status": "dead",
        "confidence": 1.0,
        "proj_x": 196839.3038,
        "proj_y": 2419352.838
      }
    },
    {
      "type": "Feature",
      "geometry": {
        "type": "Point",
        "coordinates": [
          84.0674176,
          21.8525792
        ]
      },
      "properties": {
        "status": "dead",
        "confidence": 0.9617,
        "proj_x": 196888.1729,
        "proj_y": 2419398.7795
      }
    },
    {
      "type": "Feature",
      "geometry": {
        "type": "Point",
        "coordinates": [
          84.0674924,
          21.8523355
        ]
      },
      "properties": {
        "status": "no_sapling",
        "confidence": 0.9498,
        "proj_x": 196895.3889,
        "proj_y": 2419371.6357
      }
    },
    {
      "type": "Feature",
      "geometry": {
        "type": "Point",
        "coordinates": [
          84.0676044,
          21.8526129
        ]
      },
      "properties": {
        "status": "dead",
        "confidence": 0.4943,
        "proj_x": 196907.5613,
        "proj_y": 2419402.1436
      }
    },
    {
      "type": "Feature",
      "geometry": {
        "type": "Point",
        "coordinates": [
          84.0669825,
          21.8523174
        ]
      },
      "properties": {
        "status": "dead",
        "confidence": 0.9994,
        "proj_x": 196842.6166,
        "proj_y": 2419370.6342
      }
    },
    {
      "type": "Feature",
      "geometry": {
        "type": "Point",
        "coordinates": [
          84.0669765,
          21.8525755
        ]
      },
      "properties": {
        "status": "dead",
        "confidence": 0.9999,
        "proj_x": 196842.5395,
        "proj_y": 2419399.2417
      }
    },
    {
      "type": "Feature",
      "geometry": {
        "type": "Point",
        "coordinates": [
          84.0673213,
          21.8525661
        ]
      },
      "properties": {
        "status": "dead",
        "confidence": 0.9999,
        "proj_x": 196878.1834,
        "proj_y": 2419397.5212
      }
    },
    {
      "type": "Feature",
      "geometry": {
        "type": "Point",
        "coordinates": [
          84.0672176,
          21.8525837
        ]
      },
      "properties": {
        "status": "dead",
        "confidence": 0.9991,
        "proj_x": 196867.5005,
        "proj_y": 2419399.6783
      }
    },
    {
      "type": "Feature",
      "geometry": {
        "type": "Point",
        "coordinates": [
          84.067577,
          21.8523845
        ]
      },
      "properties": {
        "status": "no_sapling",
        "confidence": 0.8658,
        "proj_x": 196904.2486,
        "proj_y": 2419376.9001
      }
    },
    {
      "type": "Feature",
      "geometry": {
        "type": "Point",
        "coordinates": [
          84.0676229,
          21.8525819
        ]
      },
      "properties": {
        "status": "dead",
        "confidence": 0.4943,
        "proj_x": 196909.4102,
        "proj_y": 2419398.6768
      }
    },
    {
      "type": "Feature",
      "geometry": {
        "type": "Point",
        "coordinates": [
          84.066969,
          21.8521994
        ]
      },
      "properties": {
        "status": "dead",
        "confidence": 1.0,
        "proj_x": 196840.973,
        "proj_y": 2419357.5888
      }
    },
    {
      "type": "Feature",
      "geometry": {
        "type": "Point",
        "coordinates": [
          84.0673382,
          21.8525423
        ]
      },
      "properties": {
        "status": "dead",
        "confidence": 0.9968,
        "proj_x": 196879.8782,
        "proj_y": 2419394.8505
      }
    },
    {
      "type": "Feature",
      "geometry": {
        "type": "Point",
        "coordinates": [
          84.0673488,
          21.8525177
        ]
      },
      "properties": {
        "status": "dead",
        "confidence": 0.9998,
        "proj_x": 196880.9311,
        "proj_y": 2419392.1027
      }
    },
    {
      "type": "Feature",
      "geometry": {
        "type": "Point",
        "coordinates": [
          84.0674808,
          21.8526193
        ]
      },
      "properties": {
        "status": "dead",
        "confidence": 0.9984,
        "proj_x": 196894.7983,
        "proj_y": 2419403.0937
      }
    },
    {
      "type": "Feature",
      "geometry": {
        "type": "Point",
        "coordinates": [
          84.0669524,
          21.8525236
        ]
      },
      "properties": {
        "status": "dead",
        "confidence": 1.0,
        "proj_x": 196839.9458,
        "proj_y": 2419393.5408
      }
    },
    {
      "type": "Feature",
      "geometry": {
        "type": "Point",
        "coordinates": [
          84.0670823,
          21.8524487
        ]
      },
      "properties": {
        "status": "dead",
        "confidence": 1.0,
        "proj_x": 196853.2224,
        "proj_y": 2419384.9893
      }
    },
    {
      "type": "Feature",
      "geometry": {
        "type": "Point",
        "coordinates": [
          84.067234,
          21.8526211
        ]
      },
      "properties": {
        "status": "dead",
        "confidence": 0.9998,
        "proj_x": 196869.2724,
        "proj_y": 2419403.7871
      }
    },
    {
      "type": "Feature",
      "geometry": {
        "type": "Point",
        "coordinates": [
          84.0671674,
          21.8524173
        ]
      },
      "properties": {
        "status": "dead",
        "confidence": 0.9999,
        "proj_x": 196861.9536,
        "proj_y": 2419381.3428
      }
    },
    {
      "type": "Feature",
      "geometry": {
        "type": "Point",
        "coordinates": [
          84.0674659,
          21.85267
        ]
      },
      "properties": {
        "status": "dead",
        "confidence": 0.9998,
        "proj_x": 196893.3602,
        "proj_y": 2419408.7433
      }
    },
    {
      "type": "Feature",
      "geometry": {
        "type": "Point",
        "coordinates": [
          84.0673001,
          21.852337
        ]
      },
      "properties": {
        "status": "dead",
        "confidence": 0.9961,
        "proj_x": 196875.5126,
        "proj_y": 2419372.175
      }
    },
    {
      "type": "Feature",
      "geometry": {
        "type": "Point",
        "coordinates": [
          84.0670035,
          21.8521166
        ]
      },
      "properties": {
        "status": "dead",
        "confidence": 1.0,
        "proj_x": 196844.3628,
        "proj_y": 2419348.344
      }
    },
    {
      "type": "Feature",
      "geometry": {
        "type": "Point",
        "coordinates": [
          84.0670406,
          21.852146
        ]
      },
      "properties": {
        "status": "dead",
        "confidence": 1.0,
        "proj_x": 196848.2662,
        "proj_y": 2419351.5283
      }
    },
    {
      "type": "Feature",
      "geometry": {
        "type": "Point",
        "coordinates": [
          84.0670562,
          21.852392
        ]
      },
      "properties": {
        "status": "dead",
        "confidence": 0.9987,
        "proj_x": 196850.3976,
        "proj_y": 2419378.7491
      }
    },
    {
      "type": "Feature",
      "geometry": {
        "type": "Point",
        "coordinates": [
          84.0670286,
          21.8522494
        ]
      },
      "properties": {
        "status": "dead",
        "confidence": 1.0,
        "proj_x": 196847.2389,
        "proj_y": 2419363.0073
      }
    },
    {
      "type": "Feature",
      "geometry": {
        "type": "Point",
        "coordinates": [
          84.0671297,
          21.8525268
        ]
      },
      "properties": {
        "status": "dead",
        "confidence": 0.9447,
        "proj_x": 196858.2814,
        "proj_y": 2419393.5408
      }
    },
    {
      "type": "Feature",
      "geometry": {
        "type": "Point",
        "coordinates": [
          84.066939,
          21.8520737
        ]
      },
      "properties": {
        "status": "dead",
        "confidence": 1.0,
        "proj_x": 196837.6089,
        "proj_y": 2419343.7216
      }
    },
    {
      "type": "Feature",
      "geometry": {
        "type": "Point",
        "coordinates": [
          84.0669964,
          21.8526452
        ]
      },
      "properties": {
        "status": "dead",
        "confidence": 0.4943,
        "proj_x": 196844.748,
        "proj_y": 2419406.9201
      }
    },
    {
      "type": "Feature",
      "geometry": {
        "type": "Point",
        "coordinates": [
          84.0676146,
          21.8525136
        ]
      },
      "properties": {
        "status": "dead",
        "confidence": 0.4943,
        "proj_x": 196908.4087,
        "proj_y": 2419391.1269
      }
    },
    {
      "type": "Feature",
      "geometry": {
        "type": "Point",
        "coordinates": [
          84.0670704,
          21.8522302
        ]
      },
      "properties": {
        "status": "dead",
        "confidence": 0.9941,
        "proj_x": 196851.5275,
        "proj_y": 2419360.7988
      }
    },
    {
      "type": "Feature",
      "geometry": {
        "type": "Point",
        "coordinates": [
          84.0673067,
          21.8524416
        ]
      },
      "properties": {
        "status": "dead",
        "confidence": 0.9959,
        "proj_x": 196876.4114,
        "proj_y": 2419383.7567
      }
    },
    {
      "type": "Feature",
      "geometry": {
        "type": "Point",
        "coordinates": [
          84.0669084,
          21.852565
        ]
      },
      "properties": {
        "status": "dead",
        "confidence": 0.9891,
        "proj_x": 196835.4775,
        "proj_y": 2419398.2145
      }
    },
    {
      "type": "Feature",
      "geometry": {
        "type": "Point",
        "coordinates": [
          84.0671306,
          21.8523237
        ]
      },
      "properties": {
        "status": "dead",
        "confidence": 0.9999,
        "proj_x": 196857.9475,
        "proj_y": 2419371.0451
      }
    },
    {
      "type": "Feature",
      "geometry": {
        "type": "Point",
        "coordinates": [
          84.0672458,
          21.8525163
        ]
      },
      "properties": {
        "status": "dead",
        "confidence": 0.519,
        "proj_x": 196870.2739,
        "proj_y": 2419392.1541
      }
    },
    {
      "type": "Feature",
      "geometry": {
        "type": "Point",
        "coordinates": [
          84.0672552,
          21.8526027
        ]
      },
      "properties": {
        "status": "dead",
        "confidence": 0.9962,
        "proj_x": 196871.4295,
        "proj_y": 2419401.707
      }
    },
    {
      "type": "Feature",
      "geometry": {
        "type": "Point",
        "coordinates": [
          84.0669054,
          21.8520777
        ]
      },
      "properties": {
        "status": "dead",
        "confidence": 1.0,
        "proj_x": 196834.1421,
        "proj_y": 2419344.2352
      }
    },
    {
      "type": "Feature",
      "geometry": {
        "type": "Point",
        "coordinates": [
          84.0672991,
          21.8526054
        ]
      },
      "properties": {
        "status": "dead",
        "confidence": 1.0,
        "proj_x": 196875.9749,
        "proj_y": 2419401.9125
      }
    },
    {
      "type": "Feature",
      "geometry": {
        "type": "Point",
        "coordinates": [
          84.0672759,
          21.8523681
        ]
      },
      "properties": {
        "status": "dead",
        "confidence": 0.9999,
        "proj_x": 196873.073,
        "proj_y": 2419375.6675
      }
    },
    {
      "type": "Feature",
      "geometry": {
        "type": "Point",
        "coordinates": [
          84.0673209,
          21.8526574
        ]
      },
      "properties": {
        "status": "dead",
        "confidence": 0.4943,
        "proj_x": 196878.3374,
        "proj_y": 2419407.6391
      }
    },
    {
      "type": "Feature",
      "geometry": {
        "type": "Point",
        "coordinates": [
          84.0675846,
          21.8526343
        ]
      },
      "properties": {
        "status": "dead",
        "confidence": 0.9782,
        "proj_x": 196905.5582,
        "proj_y": 2419404.5575
      }
    },
    {
      "type": "Feature",
      "geometry": {
        "type": "Point",
        "coordinates": [
          84.0671696,
          21.8520528
        ]
      },
      "properties": {
        "status": "dead",
        "confidence": 1.0,
        "proj_x": 196861.4143,
        "proj_y": 2419340.9481
      }
    },
    {
      "type": "Feature",
      "geometry": {
        "type": "Point",
        "coordinates": [
          84.0674275,
          21.8522646
        ]
      },
      "properties": {
        "status": "dead",
        "confidence": 1.0,
        "proj_x": 196888.5324,
        "proj_y": 2419363.9061
      }
    },
    {
      "type": "Feature",
      "geometry": {
        "type": "Point",
        "coordinates": [
          84.067584,
          21.8525773
        ]
      },
      "properties": {
        "status": "dead",
        "confidence": 0.4943,
        "proj_x": 196905.3785,
        "proj_y": 2419398.2402
      }
    },
    {
      "type": "Feature",
      "geometry": {
        "type": "Point",
        "coordinates": [
          84.0670306,
          21.8525373
        ]
      },
      "properties": {
        "status": "dead",
        "confidence": 1.0,
        "proj_x": 196848.0607,
        "proj_y": 2419394.9018
      }
    },
    {
      "type": "Feature",
      "geometry": {
        "type": "Point",
        "coordinates": [
          84.0673256,
          21.8520259
        ]
      },
      "properties": {
        "status": "dead",
        "confidence": 1.0,
        "proj_x": 196877.49,
        "proj_y": 2419337.6611
      }
    },
    {
      "type": "Feature",
      "geometry": {
        "type": "Point",
        "coordinates": [
          84.0671297,
          21.8521731
        ]
      },
      "properties": {
        "status": "dead",
        "confidence": 0.9996,
        "proj_x": 196857.5366,
        "proj_y": 2419354.3531
      }
    },
    {
      "type": "Feature",
      "geometry": {
        "type": "Point",
        "coordinates": [
          84.0675981,
          21.8519858
        ]
      },
      "properties": {
        "status": "dead",
        "confidence": 1.0,
        "proj_x": 196905.5839,
        "proj_y": 2419332.6792
      }
    },
    {
      "type": "Feature",
      "geometry": {
        "type": "Point",
        "coordinates": [
          84.067586,
          21.852603
        ]
      },
      "properties": {
        "status": "dead",
        "confidence": 0.4943,
        "proj_x": 196905.6353,
        "proj_y": 2419401.0907
      }
    },
    {
      "type": "Feature",
      "geometry": {
        "type": "Point",
        "coordinates": [
          84.0673604,
          21.852618
        ]
      },
      "properties": {
        "status": "dead",
        "confidence": 0.9991,
        "proj_x": 196882.3435,
        "proj_y": 2419403.1965
      }
    },
    {
      "type": "Feature",
      "geometry": {
        "type": "Point",
        "coordinates": [
          84.0669431,
          21.8519852
        ]
      },
      "properties": {
        "status": "dead",
        "confidence": 0.9806,
        "proj_x": 196837.8401,
        "proj_y": 2419333.9118
      }
    },
    {
      "type": "Feature",
      "geometry": {
        "type": "Point",
        "coordinates": [
          84.0670676,
          21.8525164
        ]
      },
      "properties": {
        "status": "no_sapling",
        "confidence": 0.9964,
        "proj_x": 196851.8357,
        "proj_y": 2419392.5136
      }
    },
    {
      "type": "Feature",
      "geometry": {
        "type": "Point",
        "coordinates": [
          84.0674966,
          21.8525551
        ]
      },
      "properties": {
        "status": "dead",
        "confidence": 1.0,
        "proj_x": 196896.2878,
        "proj_y": 2419395.9547
      }
    },
    {
      "type": "Feature",
      "geometry": {
        "type": "Point",
        "coordinates": [
          84.066966,
          21.8525141
        ]
      },
      "properties": {
        "status": "dead",
        "confidence": 0.9999,
        "proj_x": 196841.3325,
        "proj_y": 2419392.4622
      }
    },
    {
      "type": "Feature",
      "geometry": {
        "type": "Point",
        "coordinates": [
          84.0671644,
          21.8521637
        ]
      },
      "properties": {
        "status": "dead",
        "confidence": 1.0,
        "proj_x": 196861.1062,
        "proj_y": 2419353.2489
      }
    },
    {
      "type": "Feature",
      "geometry": {
        "type": "Point",
        "coordinates": [
          84.0675549,
          21.8524449
        ]
      },
      "properties": {
        "status": "dead",
        "confidence": 0.9887,
        "proj_x": 196902.0914,
        "proj_y": 2419383.6283
      }
    },
    {
      "type": "Feature",
      "geometry": {
        "type": "Point",
        "coordinates": [
          84.0668935,
          21.8525063
        ]
      },
      "properties": {
        "status": "dead",
        "confidence": 0.9998,
        "proj_x": 196833.8083,
        "proj_y": 2419391.7432
      }
    },
    {
      "type": "Feature",
      "geometry": {
        "type": "Point",
        "coordinates": [
          84.0675876,
          21.8526664
        ]
      },
      "properties": {
        "status": "no_sapling",
        "confidence": 0.6384,
        "proj_x": 196905.9434,
        "proj_y": 2419408.1013
      }
    },
    {
      "type": "Feature",
      "geometry": {
        "type": "Point",
        "coordinates": [
          84.0674938,
          21.8520817
        ]
      },
      "properties": {
        "status": "dead",
        "confidence": 1.0,
        "proj_x": 196895.0038,
        "proj_y": 2419343.5161
      }
    },
    {
      "type": "Feature",
      "geometry": {
        "type": "Point",
        "coordinates": [
          84.0669885,
          21.8521912
        ]
      },
      "properties": {
        "status": "dead",
        "confidence": 1.0,
        "proj_x": 196842.9761,
        "proj_y": 2419356.6386
      }
    },
    {
      "type": "Feature",
      "geometry": {
        "type": "Point",
        "coordinates": [
          84.0674063,
          21.8524543
        ]
      },
      "properties": {
        "status": "dead",
        "confidence": 0.9718,
        "proj_x": 196886.7348,
        "proj_y": 2419384.9637
      }
    },
    {
      "type": "Feature",
      "geometry": {
        "type": "Point",
        "coordinates": [
          84.0671743,
          21.8526136
        ]
      },
      "properties": {
        "status": "dead",
        "confidence": 0.849,
        "proj_x": 196863.0835,
        "proj_y": 2419403.0681
      }
    },
    {
      "type": "Feature",
      "geometry": {
        "type": "Point",
        "coordinates": [
          84.0670389,
          21.8525208
        ]
      },
      "properties": {
        "status": "dead",
        "confidence": 0.9988,
        "proj_x": 196848.8825,
        "proj_y": 2419393.0529
      }
    },
    {
      "type": "Feature",
      "geometry": {
        "type": "Point",
        "coordinates": [
          84.0669401,
          21.8520343
        ]
      },
      "properties": {
        "status": "dead",
        "confidence": 0.9999,
        "proj_x": 196837.6346,
        "proj_y": 2419339.356
      }
    },
    {
      "type": "Feature",
      "geometry": {
        "type": "Point",
        "coordinates": [
          84.0672161,
          21.8523809
        ]
      },
      "properties": {
        "status": "dead",
        "confidence": 0.986,
        "proj_x": 196866.9098,
        "proj_y": 2419377.2083
      }
    },
    {
      "type": "Feature",
      "geometry": {
        "type": "Point",
        "coordinates": [
          84.067743,
          21.8518205
        ]
      },
      "properties": {
        "status": "dead",
        "confidence": 0.9999,
        "proj_x": 196920.2215,
        "proj_y": 2419314.0869
      }
    },
    {
      "type": "Feature",
      "geometry": {
        "type": "Point",
        "coordinates": [
          84.0678289,
          21.8514918
        ]
      },
      "properties": {
        "status": "dead",
        "confidence": 0.9999,
        "proj_x": 196928.4134,
        "proj_y": 2419277.4929
      }
    },
    {
      "type": "Feature",
      "geometry": {
        "type": "Point",
        "coordinates": [
          84.068173,
          21.8515435
        ]
      },
      "properties": {
        "status": "dead",
        "confidence": 0.9999,
        "proj_x": 196964.1086,
        "proj_y": 2419282.5518
      }
    },
    {
      "type": "Feature",
      "geometry": {
        "type": "Point",
        "coordinates": [
          84.0680018,
          21.8513887
        ]
      },
      "properties": {
        "status": "dead",
        "confidence": 0.9996,
        "proj_x": 196946.0813,
        "proj_y": 2419265.7314
      }
    },
    {
      "type": "Feature",
      "geometry": {
        "type": "Point",
        "coordinates": [
          84.0681361,
          21.8515842
        ]
      },
      "properties": {
        "status": "dead",
        "confidence": 0.9999,
        "proj_x": 196960.385,
        "proj_y": 2419287.1229
      }
    },
    {
      "type": "Feature",
      "geometry": {
        "type": "Point",
        "coordinates": [
          84.0677876,
          21.8513849
        ]
      },
      "properties": {
        "status": "dead",
        "confidence": 1.0,
        "proj_x": 196923.9194,
        "proj_y": 2419265.7314
      }
    },
    {
      "type": "Feature",
      "geometry": {
        "type": "Point",
        "coordinates": [
          84.068142,
          21.8519533
        ]
      },
      "properties": {
        "status": "dead",
        "confidence": 0.4943,
        "proj_x": 196961.7718,
        "proj_y": 2419328.0054
      }
    },
    {
      "type": "Feature",
      "geometry": {
        "type": "Point",
        "coordinates": [
          84.0678876,
          21.8514622
        ]
      },
      "properties": {
        "status": "dead",
        "confidence": 0.9999,
        "proj_x": 196934.4226,
        "proj_y": 2419274.1031
      }
    },
    {
      "type": "Feature",
      "geometry": {
        "type": "Point",
        "coordinates": [
          84.0679191,
          21.8518144
        ]
      },
      "properties": {
        "status": "dead",
        "confidence": 0.9999,
        "proj_x": 196938.4286,
        "proj_y": 2419313.0597
      }
    },
    {
      "type": "Feature",
      "geometry": {
        "type": "Point",
        "coordinates": [
          84.0680761,
          21.8519118
        ]
      },
      "properties": {
        "status": "dead",
        "confidence": 0.9994,
        "proj_x": 196954.8638,
        "proj_y": 2419323.5371
      }
    },
    {
      "type": "Feature",
      "geometry": {
        "type": "Point",
        "coordinates": [
          84.0677209,
          21.851869
        ]
      },
      "properties": {
        "status": "dead",
        "confidence": 0.9994,
        "proj_x": 196918.0387,
        "proj_y": 2419319.5053
      }
    },
    {
      "type": "Feature",
      "geometry": {
        "type": "Point",
        "coordinates": [
          84.0679062,
          21.8516809
        ]
      },
      "properties": {
        "status": "dead",
        "confidence": 1.0,
        "proj_x": 196936.8108,
        "proj_y": 2419298.2937
      }
    },
    {
      "type": "Feature",
      "geometry": {
        "type": "Point",
        "coordinates": [
          84.0680105,
          21.8518768
        ]
      },
      "properties": {
        "status": "dead",
        "confidence": 1.0,
        "proj_x": 196948.0073,
        "proj_y": 2419319.7878
      }
    },
    {
      "type": "Feature",
      "geometry": {
        "type": "Point",
        "coordinates": [
          84.0680623,
          21.8519516
        ]
      },
      "properties": {
        "status": "dead",
        "confidence": 0.985,
        "proj_x": 196953.5285,
        "proj_y": 2419327.9797
      }
    },
    {
      "type": "Feature",
      "geometry": {
        "type": "Point",
        "coordinates": [
          84.068023,
          21.8515302
        ]
      },
      "properties": {
        "status": "dead",
        "confidence": 0.9999,
        "proj_x": 196948.5722,
        "proj_y": 2419281.3705
      }
    },
    {
      "type": "Feature",
      "geometry": {
        "type": "Point",
        "coordinates": [
          84.0677924,
          21.8518564
        ]
      },
      "properties": {
        "status": "dead",
        "confidence": 0.9993,
        "proj_x": 196925.4089,
        "proj_y": 2419317.9645
      }
    },
    {
      "type": "Feature",
      "geometry": {
        "type": "Point",
        "coordinates": [
          84.0681954,
          21.8517676
        ]
      },
      "properties": {
        "status": "dead",
        "confidence": 0.4943,
        "proj_x": 196966.9078,
        "proj_y": 2419307.333
      }
    },
    {
      "type": "Feature",
      "geometry": {
        "type": "Point",
        "coordinates": [
          84.0683215,
          21.8513095
        ]
      },
      "properties": {
        "status": "no_sapling",
        "confidence": 0.7876,
        "proj_x": 196978.9774,
        "proj_y": 2419256.3325
      }
    },
    {
      "type": "Feature",
      "geometry": {
        "type": "Point",
        "coordinates": [
          84.0677641,
          21.8518675
        ]
      },
      "properties": {
        "status": "dead",
        "confidence": 1.0,
        "proj_x": 196922.507,
        "proj_y": 2419319.2485
      }
    },
    {
      "type": "Feature",
      "geometry": {
        "type": "Point",
        "coordinates": [
          84.0678049,
          21.8518274
        ]
      },
      "properties": {
        "status": "alive",
        "confidence": 0.6075,
        "proj_x": 196926.6415,
        "proj_y": 2419314.7289
      }
    },
    {
      "type": "Feature",
      "geometry": {
        "type": "Point",
        "coordinates": [
          84.0682392,
          21.8513992
        ]
      },
      "properties": {
        "status": "dead",
        "confidence": 0.9998,
        "proj_x": 196970.657,
        "proj_y": 2419266.4248
      }
    },
    {
      "type": "Feature",
      "geometry": {
        "type": "Point",
        "coordinates": [
          84.0676767,
          21.8514042
        ]
      },
      "properties": {
        "status": "dead",
        "confidence": 0.9997,
        "proj_x": 196912.4918,
        "proj_y": 2419268.094
      }
    },
    {
      "type": "Feature",
      "geometry": {
        "type": "Point",
        "coordinates": [
          84.0679208,
          21.8514776
        ]
      },
      "properties": {
        "status": "dead",
        "confidence": 0.9999,
        "proj_x": 196937.8894,
        "proj_y": 2419275.7466
      }
    },
    {
      "type": "Feature",
      "geometry": {
        "type": "Point",
        "coordinates": [
          84.0676701,
          21.8516213
        ]
      },
      "properties": {
        "status": "dead",
        "confidence": 1.0,
        "proj_x": 196912.2607,
        "proj_y": 2419292.1561
      }
    },
    {
      "type": "Feature",
      "geometry": {
        "type": "Point",
        "coordinates": [
          84.0678628,
          21.8517647
        ]
      },
      "properties": {
        "status": "dead",
        "confidence": 0.9997,
        "proj_x": 196932.4966,
        "proj_y": 2419307.6669
      }
    },
    {
      "type": "Feature",
      "geometry": {
        "type": "Point",
        "coordinates": [
          84.0678792,
          21.851912
        ]
      },
      "properties": {
        "status": "dead",
        "confidence": 0.9999,
        "proj_x": 196934.4996,
        "proj_y": 2419323.948
      }
    },
    {
      "type": "Feature",
      "geometry": {
        "type": "Point",
        "coordinates": [
          84.0681134,
          21.8519293
        ]
      },
      "properties": {
        "status": "dead",
        "confidence": 0.4943,
        "proj_x": 196958.7672,
        "proj_y": 2419325.4117
      }
    },
    {
      "type": "Feature",
      "geometry": {
        "type": "Point",
        "coordinates": [
          84.0681514,
          21.8518565
        ]
      },
      "properties": {
        "status": "dead",
        "confidence": 0.4943,
        "proj_x": 196962.5421,
        "proj_y": 2419317.2712
      }
    },
    {
      "type": "Feature",
      "geometry": {
        "type": "Point",
        "coordinates": [
          84.0682643,
          21.8513391
        ]
      },
      "properties": {
        "status": "alive",
        "confidence": 0.6565,
        "proj_x": 196973.1223,
        "proj_y": 2419259.7223
      }
    },
    {
      "type": "Feature",
      "geometry": {
        "type": "Point",
        "coordinates": [
          84.067824,
          21.8518025
        ]
      },
      "properties": {
        "status": "dead",
        "confidence": 0.9998,
        "proj_x": 196928.5675,
        "proj_y": 2419311.9297
      }
    },
    {
      "type": "Feature",
      "geometry": {
        "type": "Point",
        "coordinates": [
          84.0677548,
          21.8513854
        ]
      },
      "properties": {
        "status": "dead",
        "confidence": 0.9999,
        "proj_x": 196920.5297,
        "proj_y": 2419265.8598
      }
    },
    {
      "type": "Feature",
      "geometry": {
        "type": "Point",
        "coordinates": [
          84.0676807,
          21.8517223
        ]
      },
      "properties": {
        "status": "dead",
        "confidence": 1.0,
        "proj_x": 196913.5704,
        "proj_y": 2419303.3269
      }
    },
    {
      "type": "Feature",
      "geometry": {
        "type": "Point",
        "coordinates": [
          84.0678315,
          21.8515836
        ]
      },
      "properties": {
        "status": "dead",
        "confidence": 0.999,
        "proj_x": 196928.8757,
        "proj_y": 2419287.6621
      }
    },
    {
      "type": "Feature",
      "geometry": {
        "type": "Point",
        "coordinates": [
          84.067982,
          21.851984
        ]
      },
      "properties": {
        "status": "dead",
        "confidence": 0.4943,
        "proj_x": 196945.2852,
        "proj_y": 2419331.729
      }
    },
    {
      "type": "Feature",
      "geometry": {
        "type": "Point",
        "coordinates": [
          84.0680914,
          21.8518145
        ]
      },
      "properties": {
        "status": "dead",
        "confidence": 0.9935,
        "proj_x": 196956.2505,
        "proj_y": 2419312.7258
      }
    },
    {
      "type": "Feature",
      "geometry": {
        "type": "Point",
        "coordinates": [
          84.0681002,
          21.8517513
        ]
      },
      "properties": {
        "status": "alive",
        "confidence": 0.8847,
        "proj_x": 196957.021,
        "proj_y": 2419305.7152
      }
    },
    {
      "type": "Feature",
      "geometry": {
        "type": "Point",
        "coordinates": [
          84.0681479,
          21.8517105
        ]
      },
      "properties": {
        "status": "dead",
        "confidence": 0.4943,
        "proj_x": 196961.8745,
        "proj_y": 2419301.0928
      }
    },
    {
      "type": "Feature",
      "geometry": {
        "type": "Point",
        "coordinates": [
          84.0681613,
          21.8515892
        ]
      },
      "properties": {
        "status": "dead",
        "confidence": 0.9992,
        "proj_x": 196963.0044,
        "proj_y": 2419287.6365
      }
    },
    {
      "type": "Feature",
      "geometry": {
        "type": "Point",
        "coordinates": [
          84.0679433,
          21.8515186
        ]
      },
      "properties": {
        "status": "dead",
        "confidence": 0.9913,
        "proj_x": 196940.3033,
        "proj_y": 2419280.2406
      }
    },
    {
      "type": "Feature",
      "geometry": {
        "type": "Point",
        "coordinates": [
          84.0679535,
          21.8515538
        ]
      },
      "properties": {
        "status": "dead",
        "confidence": 0.7966,
        "proj_x": 196941.4332,
        "proj_y": 2419284.1183
      }
    },
    {
      "type": "Feature",
      "geometry": {
        "type": "Point",
        "coordinates": [
          84.068124,
          21.8513978
        ]
      },
      "properties": {
        "status": "dead",
        "confidence": 1.0,
        "proj_x": 196958.7415,
        "proj_y": 2419266.5018
      }
    },
    {
      "type": "Feature",
      "geometry": {
        "type": "Point",
        "coordinates": [
          84.0678155,
          21.8513455
        ]
      },
      "properties": {
        "status": "dead",
        "confidence": 0.9829,
        "proj_x": 196926.7185,
        "proj_y": 2419261.3145
      }
    },
    {
      "type": "Feature",
      "geometry": {
        "type": "Point",
        "coordinates": [
          84.0677021,
          21.8519505
        ]
      },
      "properties": {
        "status": "dead",
        "confidence": 1.0,
        "proj_x": 196916.2668,
        "proj_y": 2419328.5704
      }
    },
    {
      "type": "Feature",
      "geometry": {
        "type": "Point",
        "coordinates": [
          84.0677183,
          21.8517784
        ]
      },
      "properties": {
        "status": "dead",
        "confidence": 1.0,
        "proj_x": 196917.5765,
        "proj_y": 2419309.4645
      }
    },
    {
      "type": "Feature",
      "geometry": {
        "type": "Point",
        "coordinates": [
          84.0678431,
          21.8517196
        ]
      },
      "properties": {
        "status": "dead",
        "confidence": 0.9986,
        "proj_x": 196930.3651,
        "proj_y": 2419302.7106
      }
    },
    {
      "type": "Feature",
      "geometry": {
        "type": "Point",
        "coordinates": [
          84.0678578,
          21.8519109
        ]
      },
      "properties": {
        "status": "dead",
        "confidence": 0.9996,
        "proj_x": 196932.2911,
        "proj_y": 2419323.8709
      }
    },
    {
      "type": "Feature",
      "geometry": {
        "type": "Point",
        "coordinates": [
          84.0679333,
          21.8517796
        ]
      },
      "properties": {
        "status": "dead",
        "confidence": 1.0,
        "proj_x": 196939.8153,
        "proj_y": 2419309.182
      }
    },
    {
      "type": "Feature",
      "geometry": {
        "type": "Point",
        "coordinates": [
          84.068105,
          21.8519888
        ]
      },
      "properties": {
        "status": "dead",
        "confidence": 0.4943,
        "proj_x": 196958.0225,
        "proj_y": 2419332.0115
      }
    },
    {
      "type": "Feature",
      "geometry": {
        "type": "Point",
        "coordinates": [
          84.0679322,
          21.8516978
        ]
      },
      "properties": {
        "status": "dead",
        "confidence": 0.9997,
        "proj_x": 196939.5329,
        "proj_y": 2419300.1169
      }
    },
    {
      "type": "Feature",
      "geometry": {
        "type": "Point",
        "coordinates": [
          84.0677722,
          21.8517283
        ]
      },
      "properties": {
        "status": "dead",
        "confidence": 1.0,
        "proj_x": 196923.0463,
        "proj_y": 2419303.8149
      }
    },
    {
      "type": "Feature",
      "geometry": {
        "type": "Point",
        "coordinates": [
          84.0678143,
          21.8516697
        ]
      },
      "properties": {
        "status": "dead",
        "confidence": 1.0,
        "proj_x": 196927.2835,
        "proj_y": 2419297.2408
      }
    },
    {
      "type": "Feature",
      "geometry": {
        "type": "Point",
        "coordinates": [
          84.0678697,
          21.8517449
        ]
      },
      "properties": {
        "status": "dead",
        "confidence": 1.0,
        "proj_x": 196933.1642,
        "proj_y": 2419305.4584
      }
    },
    {
      "type": "Feature",
      "geometry": {
        "type": "Point",
        "coordinates": [
          84.0679899,
          21.8515463
        ]
      },
      "properties": {
        "status": "dead",
        "confidence": 0.9997,
        "proj_x": 196945.1825,
        "proj_y": 2419283.2195
      }
    },
    {
      "type": "Feature",
      "geometry": {
        "type": "Point",
        "coordinates": [
          84.0680245,
          21.8518334
        ]
      },
      "properties": {
        "status": "dead",
        "confidence": 0.9998,
        "proj_x": 196949.3683,
        "proj_y": 2419314.96
      }
    },
    {
      "type": "Feature",
      "geometry": {
        "type": "Point",
        "coordinates": [
          84.0680494,
          21.851746
        ]
      },
      "properties": {
        "status": "dead",
        "confidence": 0.9994,
        "proj_x": 196951.7565,
        "proj_y": 2419305.2273
      }
    },
    {
      "type": "Feature",
      "geometry": {
        "type": "Point",
        "coordinates": [
          84.0680973,
          21.8519172
        ]
      },
      "properties": {
        "status": "dead",
        "confidence": 0.8103,
        "proj_x": 196957.0723,
        "proj_y": 2419324.1021
      }
    },
    {
      "type": "Feature",
      "geometry": {
        "type": "Point",
        "coordinates": [
          84.0681911,
          21.8516876
        ]
      },
      "properties": {
        "status": "dead",
        "confidence": 0.4943,
        "proj_x": 196966.2914,
        "proj_y": 2419298.4734
      }
    },
    {
      "type": "Feature",
      "geometry": {
        "type": "Point",
        "coordinates": [
          84.0679304,
          21.8514199
        ]
      },
      "properties": {
        "status": "dead",
        "confidence": 0.9999,
        "proj_x": 196938.7625,
        "proj_y": 2419269.3266
      }
    },
    {
      "type": "Feature",
      "geometry": {
        "type": "Point",
        "coordinates": [
          84.0679282,
          21.8518544
        ]
      },
      "properties": {
        "status": "dead",
        "confidence": 1.0,
        "proj_x": 196939.4558,
        "proj_y": 2419317.4766
      }
    },
    {
      "type": "Feature",
      "geometry": {
        "type": "Point",
        "coordinates": [
          84.0681203,
          21.851741
        ]
      },
      "properties": {
        "status": "dead",
        "confidence": 0.4943,
        "proj_x": 196959.0753,
        "proj_y": 2419304.5339
      }
    },
    {
      "type": "Feature",
      "geometry": {
        "type": "Point",
        "coordinates": [
          84.0679324,
          21.8512998
        ]
      },
      "properties": {
        "status": "dead",
        "confidence": 0.9997,
        "proj_x": 196938.7111,
        "proj_y": 2419256.0244
      }
    },
    {
      "type": "Feature",
      "geometry": {
        "type": "Point",
        "coordinates": [
          84.0680546,
          21.8519049
        ]
      },
      "properties": {
        "status": "dead",
        "confidence": 0.9999,
        "proj_x": 196952.6297,
        "proj_y": 2419322.8181
      }
    },
    {
      "type": "Feature",
      "geometry": {
        "type": "Point",
        "coordinates": [
          84.0679443,
          21.8517235
        ]
      },
      "properties": {
        "status": "dead",
        "confidence": 1.0,
        "proj_x": 196940.8426,
        "proj_y": 2419302.9417
      }
    },
    {
      "type": "Feature",
      "geometry": {
        "type": "Point",
        "coordinates": [
          84.0681677,
          21.8516445
        ]
      },
      "properties": {
        "status": "dead",
        "confidence": 0.4943,
        "proj_x": 196963.7748,
        "proj_y": 2419293.7483
      }
    },
    {
      "type": "Feature",
      "geometry": {
        "type": "Point",
        "coordinates": [
          84.068248,
          21.8513604
        ]
      },
      "properties": {
        "status": "dead",
        "confidence": 0.9998,
        "proj_x": 196971.4788,
        "proj_y": 2419262.1105
      }
    },
    {
      "type": "Feature",
      "geometry": {
        "type": "Point",
        "coordinates": [
          84.0677443,
          21.8513649
        ]
      },
      "properties": {
        "status": "dead",
        "confidence": 1.0,
        "proj_x": 196919.3998,
        "proj_y": 2419263.6
      }
    },
    {
      "type": "Feature",
      "geometry": {
        "type": "Point",
        "coordinates": [
          84.0677751,
          21.851368
        ]
      },
      "properties": {
        "status": "dead",
        "confidence": 0.9987,
        "proj_x": 196922.5841,
        "proj_y": 2419263.8825
      }
    },
    {
      "type": "Feature",
      "geometry": {
        "type": "Point",
        "coordinates": [
          84.068277,
          21.8516138
        ]
      },
      "properties": {
        "status": "dead",
        "confidence": 0.4943,
        "proj_x": 196975.0226,
        "proj_y": 2419290.1274
      }
    },
    {
      "type": "Feature",
      "geometry": {
        "type": "Point",
        "coordinates": [
          84.0681938,
          21.8515673
        ]
      },
      "properties": {
        "status": "dead",
        "confidence": 0.6933,
        "proj_x": 196966.3171,
        "proj_y": 2419285.1455
      }
    },
    {
      "type": "Feature",
      "geometry": {
        "type": "Point",
        "coordinates": [
          84.0680595,
          21.8516625
        ]
      },
      "properties": {
        "status": "dead",
        "confidence": 0.9999,
        "proj_x": 196952.6297,
        "proj_y": 2419295.9568
      }
    },
    {
      "type": "Feature",
      "geometry": {
        "type": "Point",
        "coordinates": [
          84.0681564,
          21.8517843
        ]
      },
      "properties": {
        "status": "dead",
        "confidence": 0.4943,
        "proj_x": 196962.9017,
        "proj_y": 2419309.259
      }
    },
    {
      "type": "Feature",
      "geometry": {
        "type": "Point",
        "coordinates": [
          84.0682039,
          21.8516315
        ]
      },
      "properties": {
        "status": "dead",
        "confidence": 0.4943,
        "proj_x": 196967.4984,
        "proj_y": 2419292.2332
      }
    },
    {
      "type": "Feature",
      "geometry": {
        "type": "Point",
        "coordinates": [
          84.0676733,
          21.8513634
        ]
      },
      "properties": {
        "status": "dead",
        "confidence": 0.9981,
        "proj_x": 196912.0553,
        "proj_y": 2419263.5743
      }
    },
    {
      "type": "Feature",
      "geometry": {
        "type": "Point",
        "coordinates": [
          84.0678032,
          21.8514477
        ]
      },
      "properties": {
        "status": "dead",
        "confidence": 0.979,
        "proj_x": 196925.6657,
        "proj_y": 2419272.665
      }
    },
    {
      "type": "Feature",
      "geometry": {
        "type": "Point",
        "coordinates": [
          84.0678867,
          21.851398
        ]
      },
      "properties": {
        "status": "no_sapling",
        "confidence": 0.6367,
        "proj_x": 196934.1914,
        "proj_y": 2419266.9897
      }
    },
    {
      "type": "Feature",
      "geometry": {
        "type": "Point",
        "coordinates": [
          84.0678737,
          21.8518275
        ]
      },
      "properties": {
        "status": "dead",
        "confidence": 0.9998,
        "proj_x": 196933.7549,
        "proj_y": 2419314.6005
      }
    },
    {
      "type": "Feature",
      "geometry": {
        "type": "Point",
        "coordinates": [
          84.0680164,
          21.8518521
        ]
      },
      "properties": {
        "status": "dead",
        "confidence": 1.0,
        "proj_x": 196948.5722,
        "proj_y": 2419317.0401
      }
    },
    {
      "type": "Feature",
      "geometry": {
        "type": "Point",
        "coordinates": [
          84.0681662,
          21.8518856
        ]
      },
      "properties": {
        "status": "dead",
        "confidence": 0.4943,
        "proj_x": 196964.1343,
        "proj_y": 2419320.4555
      }
    },
    {
      "type": "Feature",
      "geometry": {
        "type": "Point",
        "coordinates": [
          84.0680262,
          21.8517159
        ]
      },
      "properties": {
        "status": "dead",
        "confidence": 0.9992,
        "proj_x": 196949.2913,
        "proj_y": 2419301.9402
      }
    },
    {
      "type": "Feature",
      "geometry": {
        "type": "Point",
        "coordinates": [
          84.0681156,
          21.8518244
        ]
      },
      "properties": {
        "status": "dead",
        "confidence": 0.6583,
        "proj_x": 196958.7672,
        "proj_y": 2419313.7787
      }
    },
    {
      "type": "Feature",
      "geometry": {
        "type": "Point",
        "coordinates": [
          84.0683123,
          21.8515423
        ]
      },
      "properties": {
        "status": "dead",
        "confidence": 0.4943,
        "proj_x": 196978.5151,
        "proj_y": 2419282.1409
      }
    },
    {
      "type": "Feature",
      "geometry": {
        "type": "Point",
        "coordinates": [
          84.0678998,
          21.8515331
        ]
      },
      "properties": {
        "status": "dead",
        "confidence": 0.9899,
        "proj_x": 196935.8349,
        "proj_y": 2419281.9355
      }
    },
    {
      "type": "Feature",
      "geometry": {
        "type": "Point",
        "coordinates": [
          84.0677139,
          21.851737
        ]
      },
      "properties": {
        "status": "dead",
        "confidence": 0.998,
        "proj_x": 196917.0372,
        "proj_y": 2419304.8934
      }
    },
    {
      "type": "Feature",
      "geometry": {
        "type": "Point",
        "coordinates": [
          84.0681054,
          21.8515071
        ]
      },
      "properties": {
        "status": "dead",
        "confidence": 0.8458,
        "proj_x": 196957.0466,
        "proj_y": 2419278.6485
      }
    },
    {
      "type": "Feature",
      "geometry": {
        "type": "Point",
        "coordinates": [
          84.0682248,
          21.8517392
        ]
      },
      "properties": {
        "status": "dead",
        "confidence": 0.4943,
        "proj_x": 196969.8866,
        "proj_y": 2419304.123
      }
    },
    {
      "type": "Feature",
      "geometry": {
        "type": "Point",
        "coordinates": [
          84.0681499,
          21.8518071
        ]
      },
      "properties": {
        "status": "dead",
        "confidence": 0.4943,
        "proj_x": 196962.2853,
        "proj_y": 2419311.8013
      }
    },
    {
      "type": "Feature",
      "geometry": {
        "type": "Point",
        "coordinates": [
          84.0676508,
          21.8518335
        ]
      },
      "properties": {
        "status": "dead",
        "confidence": 1.0,
        "proj_x": 196910.7199,
        "proj_y": 2419315.7047
      }
    },
    {
      "type": "Feature",
      "geometry": {
        "type": "Point",
        "coordinates": [
          84.0677194,
          21.8514537
        ]
      },
      "properties": {
        "status": "dead",
        "confidence": 0.9995,
        "proj_x": 196917.0115,
        "proj_y": 2419273.4868
      }
    },
    {
      "type": "Feature",
      "geometry": {
        "type": "Point",
        "coordinates": [
          84.0680147,
          21.8514749
        ]
      },
      "properties": {
        "status": "dead",
        "confidence": 1.0,
        "proj_x": 196947.5964,
        "proj_y": 2419275.2587
      }
    },
    {
      "type": "Feature",
      "geometry": {
        "type": "Point",
        "coordinates": [
          84.0681425,
          21.851651
        ]
      },
      "properties": {
        "status": "dead",
        "confidence": 0.4943,
        "proj_x": 196961.1811,
        "proj_y": 2419294.5187
      }
    },
    {
      "type": "Feature",
      "geometry": {
        "type": "Point",
        "coordinates": [
          84.0679524,
          21.8518521
        ]
      },
      "properties": {
        "status": "dead",
        "confidence": 0.9998,
        "proj_x": 196941.9468,
        "proj_y": 2419317.1685
      }
    },
    {
      "type": "Feature",
      "geometry": {
        "type": "Point",
        "coordinates": [
          84.0679019,
          21.8513188
        ]
      },
      "properties": {
        "status": "dead",
        "confidence": 0.9908,
        "proj_x": 196935.6038,
        "proj_y": 2419258.1815
      }
    },
    {
      "type": "Feature",
      "geometry": {
        "type": "Point",
        "coordinates": [
          84.0681477,
          21.851563
        ]
      },
      "properties": {
        "status": "dead",
        "confidence": 0.9958,
        "proj_x": 196961.5406,
        "proj_y": 2419284.7603
      }
    },
    {
      "type": "Feature",
      "geometry": {
        "type": "Point",
        "coordinates": [
          84.0678651,
          21.8513248
        ]
      },
      "properties": {
        "status": "dead",
        "confidence": 0.997,
        "proj_x": 196931.8032,
        "proj_y": 2419258.9262
      }
    },
    {
      "type": "Feature",
      "geometry": {
        "type": "Point",
        "coordinates": [
          84.068238,
          21.8514571
        ]
      },
      "properties": {
        "status": "dead",
        "confidence": 1.0,
        "proj_x": 196970.657,
        "proj_y": 2419272.8448
      }
    },
    {
      "type": "Feature",
      "geometry": {
        "type": "Point",
        "coordinates": [
          84.0680901,
          21.8516837
        ]
      },
      "properties": {
        "status": "dead",
        "confidence": 0.9998,
        "proj_x": 196955.8397,
        "proj_y": 2419298.2423
      }
    },
    {
      "type": "Feature",
      "geometry": {
        "type": "Point",
        "coordinates": [
          84.0678084,
          21.851512
        ]
      },
      "properties": {
        "status": "dead",
        "confidence": 0.9999,
        "proj_x": 196926.3334,
        "proj_y": 2419279.7784
      }
    },
    {
      "type": "Feature",
      "geometry": {
        "type": "Point",
        "coordinates": [
          84.0677005,
          21.8517825
        ]
      },
      "properties": {
        "status": "no_sapling",
        "confidence": 0.9553,
        "proj_x": 196915.7532,
        "proj_y": 2419309.9524
      }
    },
    {
      "type": "Feature",
      "geometry": {
        "type": "Point",
        "coordinates": [
          84.067997,
          21.8518058
        ]
      },
      "properties": {
        "status": "dead",
        "confidence": 0.7817,
        "proj_x": 196946.4665,
        "proj_y": 2419311.9554
      }
    },
    {
      "type": "Feature",
      "geometry": {
        "type": "Point",
        "coordinates": [
          84.0681549,
          21.8517569
        ]
      },
      "properties": {
        "status": "dead",
        "confidence": 0.4943,
        "proj_x": 196962.6962,
        "proj_y": 2419306.2288
      }
    },
    {
      "type": "Feature",
      "geometry": {
        "type": "Point",
        "coordinates": [
          84.0682128,
          21.8518766
        ]
      },
      "properties": {
        "status": "dead",
        "confidence": 0.4943,
        "proj_x": 196968.9365,
        "proj_y": 2419319.3769
      }
    },
    {
      "type": "Feature",
      "geometry": {
        "type": "Point",
        "coordinates": [
          84.0679185,
          21.8517476
        ]
      },
      "properties": {
        "status": "dead",
        "confidence": 0.9996,
        "proj_x": 196938.2232,
        "proj_y": 2419305.6638
      }
    },
    {
      "type": "Feature",
      "geometry": {
        "type": "Point",
        "coordinates": [
          84.0683284,
          21.8514557
        ]
      },
      "properties": {
        "status": "dead",
        "confidence": 1.0,
        "proj_x": 196980.0046,
        "proj_y": 2419272.5109
      }
    },
    {
      "type": "Feature",
      "geometry": {
        "type": "Point",
        "coordinates": [
          84.0677098,
          21.8513276
        ]
      },
      "properties": {
        "status": "dead",
        "confidence": 1.0,
        "proj_x": 196915.7532,
        "proj_y": 2419259.5425
      }
    },
    {
      "type": "Feature",
      "geometry": {
        "type": "Point",
        "coordinates": [
          84.0679058,
          21.8515536
        ]
      },
      "properties": {
        "status": "dead",
        "confidence": 0.8287,
        "proj_x": 196936.5026,
        "proj_y": 2419284.1953
      }
    },
    {
      "type": "Feature",
      "geometry": {
        "type": "Point",
        "coordinates": [
          84.0681957,
          21.8519735
        ]
      },
      "properties": {
        "status": "dead",
        "confidence": 0.4943,
        "proj_x": 196967.37,
        "proj_y": 2419330.1369
      }
    },
    {
      "type": "Feature",
      "geometry": {
        "type": "Point",
        "coordinates": [
          84.0679391,
          21.8518704
        ]
      },
      "properties": {
        "status": "dead",
        "confidence": 0.9981,
        "proj_x": 196940.6114,
        "proj_y": 2419319.2229
      }
    },
    {
      "type": "Feature",
      "geometry": {
        "type": "Point",
        "coordinates": [
          84.0682028,
          21.851895
        ]
      },
      "properties": {
        "status": "dead",
        "confidence": 0.4943,
        "proj_x": 196967.9349,
        "proj_y": 2419321.4313
      }
    },
    {
      "type": "Feature",
      "geometry": {
        "type": "Point",
        "coordinates": [
          84.0681916,
          21.8518726
        ]
      },
      "properties": {
        "status": "dead",
        "confidence": 0.4943,
        "proj_x": 196966.728,
        "proj_y": 2419318.9661
      }
    },
    {
      "type": "Feature",
      "geometry": {
        "type": "Point",
        "coordinates": [
          84.0678867,
          21.8517971
        ]
      },
      "properties": {
        "status": "dead",
        "confidence": 0.9999,
        "proj_x": 196935.0389,
        "proj_y": 2419311.2107
      }
    },
    {
      "type": "Feature",
      "geometry": {
        "type": "Point",
        "coordinates": [
          84.067824,
          21.851329
        ]
      },
      "properties": {
        "status": "dead",
        "confidence": 1.0,
        "proj_x": 196927.566,
        "proj_y": 2419259.4655
      }
    },
    {
      "type": "Feature",
      "geometry": {
        "type": "Point",
        "coordinates": [
          84.068045,
          21.8516331
        ]
      },
      "properties": {
        "status": "dead",
        "confidence": 0.9997,
        "proj_x": 196951.0632,
        "proj_y": 2419292.7211
      }
    },
    {
      "type": "Feature",
      "geometry": {
        "type": "Point",
        "coordinates": [
          84.0676886,
          21.8514172
        ]
      },
      "properties": {
        "status": "dead",
        "confidence": 0.9809,
        "proj_x": 196913.7502,
        "proj_y": 2419269.5064
      }
    },
    {
      "type": "Feature",
      "geometry": {
        "type": "Point",
        "coordinates": [
          84.0679102,
          21.8518638
        ]
      },
      "properties": {
        "status": "dead",
        "confidence": 1.0,
        "proj_x": 196937.6069,
        "proj_y": 2419318.5552
      }
    },
    {
      "type": "Feature",
      "geometry": {
        "type": "Point",
        "coordinates": [
          84.0681965,
          21.851935
        ]
      },
      "properties": {
        "status": "dead",
        "confidence": 0.4943,
        "proj_x": 196967.37,
        "proj_y": 2419325.874
      }
    },
    {
      "type": "Feature",
      "geometry": {
        "type": "Point",
        "coordinates": [
          84.0678096,
          21.8516108
        ]
      },
      "properties": {
        "status": "dead",
        "confidence": 0.9998,
        "proj_x": 196926.6672,
        "proj_y": 2419290.7181
      }
    },
    {
      "type": "Feature",
      "geometry": {
        "type": "Point",
        "coordinates": [
          84.0682966,
          21.8513974
        ]
      },
      "properties": {
        "status": "dead",
        "confidence": 1.0,
        "proj_x": 196976.5891,
        "proj_y": 2419266.1166
      }
    },
    {
      "type": "Feature",
      "geometry": {
        "type": "Point",
        "coordinates": [
          84.0677297,
          21.8516917
        ]
      },
      "properties": {
        "status": "dead",
        "confidence": 0.9999,
        "proj_x": 196918.578,
        "proj_y": 2419299.8345
      }
    },
    {
      "type": "Feature",
      "geometry": {
        "type": "Point",
        "coordinates": [
          84.0680594,
          21.8518415
        ]
      },
      "properties": {
        "status": "dead",
        "confidence": 0.9912,
        "proj_x": 196952.9892,
        "proj_y": 2419315.7817
      }
    },
    {
      "type": "Feature",
      "geometry": {
        "type": "Point",
        "coordinates": [
          84.0680711,
          21.8515223
        ]
      },
      "properties": {
        "status": "dead",
        "confidence": 1.0,
        "proj_x": 196953.5285,
        "proj_y": 2419280.3947
      }
    },
    {
      "type": "Feature",
      "geometry": {
        "type": "Point",
        "coordinates": [
          84.0677961,
          21.8516504
        ]
      },
      "properties": {
        "status": "dead",
        "confidence": 1.0,
        "proj_x": 196925.3575,
        "proj_y": 2419295.135
      }
    },
    {
      "type": "Feature",
      "geometry": {
        "type": "Point",
        "coordinates": [
          84.0681353,
          21.8516711
        ]
      },
      "properties": {
        "status": "dead",
        "confidence": 0.4943,
        "proj_x": 196960.4878,
        "proj_y": 2419296.7529
      }
    },
    {
      "type": "Feature",
      "geometry": {
        "type": "Point",
        "coordinates": [
          84.0682476,
          21.8513768
        ]
      },
      "properties": {
        "status": "dead",
        "confidence": 1.0,
        "proj_x": 196971.4788,
        "proj_y": 2419263.9338
      }
    },
    {
      "type": "Feature",
      "geometry": {
        "type": "Point",
        "coordinates": [
          84.068102,
          21.8513341
        ]
      },
      "properties": {
        "status": "dead",
        "confidence": 0.8652,
        "proj_x": 196956.3276,
        "proj_y": 2419259.4912
      }
    },
    {
      "type": "Feature",
      "geometry": {
        "type": "Point",
        "coordinates": [
          84.0681041,
          21.8517894
        ]
      },
      "properties": {
        "status": "dead",
        "confidence": 0.9738,
        "proj_x": 196957.5089,
        "proj_y": 2419309.9267
      }
    },
    {
      "type": "Feature",
      "geometry": {
        "type": "Point",
        "coordinates": [
          84.0681539,
          21.8515186
        ]
      },
      "properties": {
        "status": "dead",
        "confidence": 0.9321,
        "proj_x": 196962.0799,
        "proj_y": 2419279.8297
      }
    },
    {
      "type": "Feature",
      "geometry": {
        "type": "Point",
        "coordinates": [
          84.06797,
          21.8519609
        ]
      },
      "properties": {
        "status": "dead",
        "confidence": 0.4943,
        "proj_x": 196944.0012,
        "proj_y": 2419329.1867
      }
    },
    {
      "type": "Feature",
      "geometry": {
        "type": "Point",
        "coordinates": [
          84.0682506,
          21.8517911
        ]
      },
      "properties": {
        "status": "dead",
        "confidence": 0.4943,
        "proj_x": 196972.6601,
        "proj_y": 2419309.824
      }
    },
    {
      "type": "Feature",
      "geometry": {
        "type": "Point",
        "coordinates": [
          84.0678975,
          21.8516205
        ]
      },
      "properties": {
        "status": "dead",
        "confidence": 0.9998,
        "proj_x": 196935.7836,
        "proj_y": 2419291.6169
      }
    },
    {
      "type": "Feature",
      "geometry": {
        "type": "Point",
        "coordinates": [
          84.0682258,
          21.8515338
        ]
      },
      "properties": {
        "status": "dead",
        "confidence": 0.4943,
        "proj_x": 196969.5528,
        "proj_y": 2419281.3705
      }
    },
    {
      "type": "Feature",
      "geometry": {
        "type": "Point",
        "coordinates": [
          84.0683487,
          21.8514254
        ]
      },
      "properties": {
        "status": "dead",
        "confidence": 0.9994,
        "proj_x": 196982.0333,
        "proj_y": 2419269.1212
      }
    },
    {
      "type": "Feature",
      "geometry": {
        "type": "Point",
        "coordinates": [
          84.0683154,
          21.8514881
        ]
      },
      "properties": {
        "status": "dead",
        "confidence": 0.4943,
        "proj_x": 196978.7205,
        "proj_y": 2419276.1318
      }
    },
    {
      "type": "Feature",
      "geometry": {
        "type": "Point",
        "coordinates": [
          84.0676835,
          21.8515485
        ]
      },
      "properties": {
        "status": "dead",
        "confidence": 1.0,
        "proj_x": 196913.4934,
        "proj_y": 2419284.0669
      }
    },
    {
      "type": "Feature",
      "geometry": {
        "type": "Point",
        "coordinates": [
          84.0680813,
          21.8517626
        ]
      },
      "properties": {
        "status": "dead",
        "confidence": 0.4487,
        "proj_x": 196955.0949,
        "proj_y": 2419306.9992
      }
    },
    {
      "type": "Feature",
      "geometry": {
        "type": "Point",
        "coordinates": [
          84.0682593,
          21.8514028
        ]
      },
      "properties": {
        "status": "dead",
        "confidence": 0.9297,
        "proj_x": 196972.7371,
        "proj_y": 2419266.7843
      }
    },
    {
      "type": "Feature",
      "geometry": {
        "type": "Point",
        "coordinates": [
          84.0682664,
          21.8516365
        ]
      },
      "properties": {
        "status": "dead",
        "confidence": 0.4943,
        "proj_x": 196973.9697,
        "proj_y": 2419292.6697
      }
    },
    {
      "type": "Feature",
      "geometry": {
        "type": "Point",
        "coordinates": [
          84.0679049,
          21.8516378
        ]
      },
      "properties": {
        "status": "dead",
        "confidence": 1.0,
        "proj_x": 196936.5797,
        "proj_y": 2419293.5172
      }
    },
    {
      "type": "Feature",
      "geometry": {
        "type": "Point",
        "coordinates": [
          84.0683624,
          21.8513837
        ]
      },
      "properties": {
        "status": "dead",
        "confidence": 0.9909,
        "proj_x": 196983.3686,
        "proj_y": 2419264.4731
      }
    },
    {
      "type": "Feature",
      "geometry": {
        "type": "Point",
        "coordinates": [
          84.0683319,
          21.8514221
        ]
      },
      "properties": {
        "status": "dead",
        "confidence": 1.0,
        "proj_x": 196980.287,
        "proj_y": 2419268.7873
      }
    },
    {
      "type": "Feature",
      "geometry": {
        "type": "Point",
        "coordinates": [
          84.0682553,
          21.8515589
        ]
      },
      "properties": {
        "status": "dead",
        "confidence": 0.4943,
        "proj_x": 196972.6601,
        "proj_y": 2419284.0926
      }
    },
    {
      "type": "Feature",
      "geometry": {
        "type": "Point",
        "coordinates": [
          84.068291,
          21.8515496
        ]
      },
      "properties": {
        "status": "dead",
        "confidence": 0.4943,
        "proj_x": 196976.3323,
        "proj_y": 2419282.9884
      }
    },
    {
      "type": "Feature",
      "geometry": {
        "type": "Point",
        "coordinates": [
          84.0639562,
          21.8517519
        ]
      },
      "properties": {
        "status": "dead",
        "confidence": 0.4943,
        "proj_x": 196528.4218,
        "proj_y": 2419313.9585
      }
    },
    {
      "type": "Feature",
      "geometry": {
        "type": "Point",
        "coordinates": [
          84.0641054,
          21.8518135
        ]
      },
      "properties": {
        "status": "dead",
        "confidence": 1.0,
        "proj_x": 196543.9838,
        "proj_y": 2419320.4812
      }
    },
    {
      "type": "Feature",
      "geometry": {
        "type": "Point",
        "coordinates": [
          84.0646124,
          21.8516445
        ]
      },
      "properties": {
        "status": "dead",
        "confidence": 1.0,
        "proj_x": 196596.0629,
        "proj_y": 2419300.7589
      }
    },
    {
      "type": "Feature",
      "geometry": {
        "type": "Point",
        "coordinates": [
          84.0641314,
          21.851854
        ]
      },
      "properties": {
        "status": "dead",
        "confidence": 0.9993,
        "proj_x": 196546.7573,
        "proj_y": 2419324.9238
      }
    },
    {
      "type": "Feature",
      "geometry": {
        "type": "Point",
        "coordinates": [
          84.0644091,
          21.8517639
        ]
      },
      "properties": {
        "status": "dead",
        "confidence": 0.9988,
        "proj_x": 196575.2878,
        "proj_y": 2419314.395
      }
    },
    {
      "type": "Feature",
      "geometry": {
        "type": "Point",
        "coordinates": [
          84.0639429,
          21.8516863
        ]
      },
      "properties": {
        "status": "dead",
        "confidence": 0.4943,
        "proj_x": 196526.9066,
        "proj_y": 2419306.7167
      }
    },
    {
      "type": "Feature",
      "geometry": {
        "type": "Point",
        "coordinates": [
          84.0641794,
          21.8518718
        ]
      },
      "properties": {
        "status": "dead",
        "confidence": 0.9937,
        "proj_x": 196551.7649,
        "proj_y": 2419326.7985
      }
    },
    {
      "type": "Feature",
      "geometry": {
        "type": "Point",
        "coordinates": [
          84.0644006,
          21.8512689
        ]
      },
      "properties": {
        "status": "dead",
        "confidence": 0.4943,
        "proj_x": 196573.3618,
        "proj_y": 2419259.5682
      }
    },
    {
      "type": "Feature",
      "geometry": {
        "type": "Point",
        "coordinates": [
          84.0639838,
          21.8519087
        ]
      },
      "properties": {
        "status": "dead",
        "confidence": 0.9998,
        "proj_x": 196531.6061,
        "proj_y": 2419331.2668
      }
    },
    {
      "type": "Feature",
      "geometry": {
        "type": "Point",
        "coordinates": [
          84.0641011,
          21.8518516
        ]
      },
      "properties": {
        "status": "dead",
        "confidence": 0.9989,
        "proj_x": 196543.6243,
        "proj_y": 2419324.7184
      }
    },
    {
      "type": "Feature",
      "geometry": {
        "type": "Point",
        "coordinates": [
          84.0643203,
          21.8515519
        ]
      },
      "properties": {
        "status": "dead",
        "confidence": 0.9997,
        "proj_x": 196565.6578,
        "proj_y": 2419291.0776
      }
    },
    {
      "type": "Feature",
      "geometry": {
        "type": "Point",
        "coordinates": [
          84.0640289,
          21.8519095
        ]
      },
      "properties": {
        "status": "dead",
        "confidence": 1.0,
        "proj_x": 196536.2798,
        "proj_y": 2419331.2668
      }
    },
    {
      "type": "Feature",
      "geometry": {
        "type": "Point",
        "coordinates": [
          84.0642261,
          21.8517255
        ]
      },
      "properties": {
        "status": "dead",
        "confidence": 1.0,
        "proj_x": 196556.2846,
        "proj_y": 2419310.4917
      }
    },
    {
      "type": "Feature",
      "geometry": {
        "type": "Point",
        "coordinates": [
          84.0643119,
          21.8516092
        ]
      },
      "properties": {
        "status": "dead",
        "confidence": 1.0,
        "proj_x": 196564.913,
        "proj_y": 2419297.4462
      }
    },
    {
      "type": "Feature",
      "geometry": {
        "type": "Point",
        "coordinates": [
          84.0644468,
          21.8517375
        ]
      },
      "properties": {
        "status": "dead",
        "confidence": 0.9997,
        "proj_x": 196579.1398,
        "proj_y": 2419311.3905
      }
    },
    {
      "type": "Feature",
      "geometry": {
        "type": "Point",
        "coordinates": [
          84.0644351,
          21.8515829
        ]
      },
      "properties": {
        "status": "dead",
        "confidence": 1.0,
        "proj_x": 196577.599,
        "proj_y": 2419294.2876
      }
    },
    {
      "type": "Feature",
      "geometry": {
        "type": "Point",
        "coordinates": [
          84.0646064,
          21.8516219
        ]
      },
      "properties": {
        "status": "dead",
        "confidence": 1.0,
        "proj_x": 196595.3952,
        "proj_y": 2419298.268
      }
    },
    {
      "type": "Feature",
      "geometry": {
        "type": "Point",
        "coordinates": [
          84.0640714,
          21.8513256
        ]
      },
      "properties": {
        "status": "dead",
        "confidence": 0.4943,
        "proj_x": 196539.4385,
        "proj_y": 2419266.5018
      }
    },
    {
      "type": "Feature",
      "geometry": {
        "type": "Point",
        "coordinates": [
          84.0645313,
          21.8514908
        ]
      },
      "properties": {
        "status": "dead",
        "confidence": 1.0,
        "proj_x": 196587.3574,
        "proj_y": 2419283.8872
      }
    },
    {
      "type": "Feature",
      "geometry": {
        "type": "Point",
        "coordinates": [
          84.0644139,
          21.8517807
        ]
      },
      "properties": {
        "status": "dead",
        "confidence": 1.0,
        "proj_x": 196575.827,
        "proj_y": 2419316.244
      }
    },
    {
      "type": "Feature",
      "geometry": {
        "type": "Point",
        "coordinates": [
          84.064462,
          21.851505
        ]
      },
      "properties": {
        "status": "dead",
        "confidence": 1.0,
        "proj_x": 196580.2183,
        "proj_y": 2419285.6077
      }
    },
    {
      "type": "Feature",
      "geometry": {
        "type": "Point",
        "coordinates": [
          84.0643982,
          21.8515408
        ]
      },
      "properties": {
        "status": "dead",
        "confidence": 0.9993,
        "proj_x": 196573.6956,
        "proj_y": 2419289.6909
      }
    },
    {
      "type": "Feature",
      "geometry": {
        "type": "Point",
        "coordinates": [
          84.0646026,
          21.8519139
        ]
      },
      "properties": {
        "status": "dead",
        "confidence": 0.999,
        "proj_x": 196595.6263,
        "proj_y": 2419330.6248
      }
    },
    {
      "type": "Feature",
      "geometry": {
        "type": "Point",
        "coordinates": [
          84.0639545,
          21.8513975
        ]
      },
      "properties": {
        "status": "dead",
        "confidence": 0.4943,
        "proj_x": 196527.4973,
        "proj_y": 2419274.6937
      }
    },
    {
      "type": "Feature",
      "geometry": {
        "type": "Point",
        "coordinates": [
          84.0642199,
          21.8514479
        ]
      },
      "properties": {
        "status": "dead",
        "confidence": 0.4943,
        "proj_x": 196555.0519,
        "proj_y": 2419279.7527
      }
    },
    {
      "type": "Feature",
      "geometry": {
        "type": "Point",
        "coordinates": [
          84.0644826,
          21.8514961
        ]
      },
      "properties": {
        "status": "dead",
        "confidence": 1.0,
        "proj_x": 196582.3241,
        "proj_y": 2419284.5805
      }
    },
    {
      "type": "Feature",
      "geometry": {
        "type": "Point",
        "coordinates": [
          84.0645754,
          21.8514234
        ]
      },
      "properties": {
        "status": "dead",
        "confidence": 0.7929,
        "proj_x": 196591.7743,
        "proj_y": 2419276.3373
      }
    },
    {
      "type": "Feature",
      "geometry": {
        "type": "Point",
        "coordinates": [
          84.0643429,
          21.8514318
        ]
      },
      "properties": {
        "status": "dead",
        "confidence": 0.4943,
        "proj_x": 196567.7378,
        "proj_y": 2419277.724
      }
    },
    {
      "type": "Feature",
      "geometry": {
        "type": "Point",
        "coordinates": [
          84.0645694,
          21.8515946
        ]
      },
      "properties": {
        "status": "dead",
        "confidence": 1.0,
        "proj_x": 196591.5175,
        "proj_y": 2419295.3148
      }
    },
    {
      "type": "Feature",
      "geometry": {
        "type": "Point",
        "coordinates": [
          84.0639707,
          21.8513913
        ]
      },
      "properties": {
        "status": "dead",
        "confidence": 0.4943,
        "proj_x": 196529.1665,
        "proj_y": 2419273.9747
      }
    },
    {
      "type": "Feature",
      "geometry": {
        "type": "Point",
        "coordinates": [
          84.0641194,
          21.8516012
        ]
      },
      "properties": {
        "status": "dead",
        "confidence": 0.4943,
        "proj_x": 196544.9854,
        "proj_y": 2419296.9326
      }
    },
    {
      "type": "Feature",
      "geometry": {
        "type": "Point",
        "coordinates": [
          84.0644485,
          21.8515692
        ]
      },
      "properties": {
        "status": "dead",
        "confidence": 1.0,
        "proj_x": 196578.96,
        "proj_y": 2419292.7468
      }
    },
    {
      "type": "Feature",
      "geometry": {
        "type": "Point",
        "coordinates": [
          84.0640751,
          21.8519001
        ]
      },
      "properties": {
        "status": "dead",
        "confidence": 1.0,
        "proj_x": 196541.0306,
        "proj_y": 2419330.1369
      }
    },
    {
      "type": "Feature",
      "geometry": {
        "type": "Point",
        "coordinates": [
          84.0645859,
          21.8516651
        ]
      },
      "properties": {
        "status": "dead",
        "confidence": 0.999,
        "proj_x": 196593.3665,
        "proj_y": 2419303.0958
      }
    },
    {
      "type": "Feature",
      "geometry": {
        "type": "Point",
        "coordinates": [
          84.0644431,
          21.8513617
        ]
      },
      "properties": {
        "status": "dead",
        "confidence": 0.4943,
        "proj_x": 196577.9585,
        "proj_y": 2419269.7632
      }
    },
    {
      "type": "Feature",
      "geometry": {
        "type": "Point",
        "coordinates": [
          84.0643816,
          21.8518325
        ]
      },
      "properties": {
        "status": "dead",
        "confidence": 0.9994,
        "proj_x": 196572.5914,
        "proj_y": 2419322.0477
      }
    },
    {
      "type": "Feature",
      "geometry": {
        "type": "Point",
        "coordinates": [
          84.0644438,
          21.8516904
        ]
      },
      "properties": {
        "status": "dead",
        "confidence": 1.0,
        "proj_x": 196578.7289,
        "proj_y": 2419306.1774
      }
    },
    {
      "type": "Feature",
      "geometry": {
        "type": "Point",
        "coordinates": [
          84.0643217,
          21.8518106
        ]
      },
      "properties": {
        "status": "dead",
        "confidence": 1.0,
        "proj_x": 196566.3511,
        "proj_y": 2419319.7365
      }
    },
    {
      "type": "Feature",
      "geometry": {
        "type": "Point",
        "coordinates": [
          84.0643866,
          21.8517214
        ]
      },
      "properties": {
        "status": "dead",
        "confidence": 0.9989,
        "proj_x": 196572.8738,
        "proj_y": 2419309.7213
      }
    },
    {
      "type": "Feature",
      "geometry": {
        "type": "Point",
        "coordinates": [
          84.0646518,
          21.8515759
        ]
      },
      "properties": {
        "status": "dead",
        "confidence": 1.0,
        "proj_x": 196599.9919,
        "proj_y": 2419293.0806
      }
    },
    {
      "type": "Feature",
      "geometry": {
        "type": "Point",
        "coordinates": [
          84.0645246,
          21.8517982
        ]
      },
      "properties": {
        "status": "dead",
        "confidence": 1.0,
        "proj_x": 196587.306,
        "proj_y": 2419317.9645
      }
    },
    {
      "type": "Feature",
      "geometry": {
        "type": "Point",
        "coordinates": [
          84.0644791,
          21.8518013
        ]
      },
      "properties": {
        "status": "dead",
        "confidence": 0.9997,
        "proj_x": 196582.6065,
        "proj_y": 2419318.4011
      }
    },
    {
      "type": "Feature",
      "geometry": {
        "type": "Point",
        "coordinates": [
          84.0641742,
          21.8514339
        ]
      },
      "properties": {
        "status": "dead",
        "confidence": 0.4943,
        "proj_x": 196550.3011,
        "proj_y": 2419278.2889
      }
    },
    {
      "type": "Feature",
      "geometry": {
        "type": "Point",
        "coordinates": [
          84.0643772,
          21.8517787
        ]
      },
      "properties": {
        "status": "dead",
        "confidence": 0.9998,
        "proj_x": 196572.0264,
        "proj_y": 2419316.0899
      }
    },
    {
      "type": "Feature",
      "geometry": {
        "type": "Point",
        "coordinates": [
          84.066855,
          21.8513015
        ]
      },
      "properties": {
        "status": "dead",
        "confidence": 1.0,
        "proj_x": 196827.2856,
        "proj_y": 2419258.3356
      }
    },
    {
      "type": "Feature",
      "geometry": {
        "type": "Point",
        "coordinates": [
          84.0662966,
          21.8512784
        ]
      },
      "properties": {
        "status": "dead",
        "confidence": 1.0,
        "proj_x": 196769.4799,
        "proj_y": 2419256.8718
      }
    },
    {
      "type": "Feature",
      "geometry": {
        "type": "Point",
        "coordinates": [
          84.0665924,
          21.8515754
        ]
      },
      "properties": {
        "status": "dead",
        "confidence": 1.0,
        "proj_x": 196800.7068,
        "proj_y": 2419289.2029
      }
    },
    {
      "type": "Feature",
      "geometry": {
        "type": "Point",
        "coordinates": [
          84.0668067,
          21.8517707
        ]
      },
      "properties": {
        "status": "dead",
        "confidence": 0.9998,
        "proj_x": 196823.2795,
        "proj_y": 2419310.4146
      }
    },
    {
      "type": "Feature",
      "geometry": {
        "type": "Point",
        "coordinates": [
          84.066726,
          21.8516226
        ]
      },
      "properties": {
        "status": "dead",
        "confidence": 1.0,
        "proj_x": 196814.6254,
        "proj_y": 2419294.1592
      }
    },
    {
      "type": "Feature",
      "geometry": {
        "type": "Point",
        "coordinates": [
          84.0667754,
          21.8516128
        ]
      },
      "properties": {
        "status": "dead",
        "confidence": 1.0,
        "proj_x": 196819.71,
        "proj_y": 2419292.9779
      }
    },
    {
      "type": "Feature",
      "geometry": {
        "type": "Point",
        "coordinates": [
          84.0663319,
          21.8514939
        ]
      },
      "properties": {
        "status": "dead",
        "confidence": 1.0,
        "proj_x": 196773.5887,
        "proj_y": 2419280.6772
      }
    },
    {
      "type": "Feature",
      "geometry": {
        "type": "Point",
        "coordinates": [
          84.0662194,
          21.8518949
        ]
      },
      "properties": {
        "status": "dead",
        "confidence": 0.9997,
        "proj_x": 196762.8031,
        "proj_y": 2419325.3347
      }
    },
    {
      "type": "Feature",
      "geometry": {
        "type": "Point",
        "coordinates": [
          84.066317,
          21.8513821
        ]
      },
      "properties": {
        "status": "dead",
        "confidence": 1.0,
        "proj_x": 196771.8168,
        "proj_y": 2419268.3251
      }
    },
    {
      "type": "Feature",
      "geometry": {
        "type": "Point",
        "coordinates": [
          84.0668787,
          21.8512968
        ]
      },
      "properties": {
        "status": "dead",
        "confidence": 0.9999,
        "proj_x": 196829.7252,
        "proj_y": 2419257.7706
      }
    },
    {
      "type": "Feature",
      "geometry": {
        "type": "Point",
        "coordinates": [
          84.0662707,
          21.8518653
        ]
      },
      "properties": {
        "status": "dead",
        "confidence": 1.0,
        "proj_x": 196768.0418,
        "proj_y": 2419321.9449
      }
    },
    {
      "type": "Feature",
      "geometry": {
        "type": "Point",
        "coordinates": [
          84.0662324,
          21.8517199
        ]
      },
      "properties": {
        "status": "dead",
        "confidence": 1.0,
        "proj_x": 196763.779,
        "proj_y": 2419305.9206
      }
    },
    {
      "type": "Feature",
      "geometry": {
        "type": "Point",
        "coordinates": [
          84.0666904,
          21.8516147
        ]
      },
      "properties": {
        "status": "dead",
        "confidence": 1.0,
        "proj_x": 196810.9274,
        "proj_y": 2419293.3631
      }
    },
    {
      "type": "Feature",
      "geometry": {
        "type": "Point",
        "coordinates": [
          84.0667518,
          21.8514937
        ]
      },
      "properties": {
        "status": "dead",
        "confidence": 1.0,
        "proj_x": 196817.0136,
        "proj_y": 2419279.8297
      }
    },
    {
      "type": "Feature",
      "geometry": {
        "type": "Point",
        "coordinates": [
          84.0663392,
          21.851767
        ]
      },
      "properties": {
        "status": "dead",
        "confidence": 1.0,
        "proj_x": 196774.9241,
        "proj_y": 2419310.9282
      }
    },
    {
      "type": "Feature",
      "geometry": {
        "type": "Point",
        "coordinates": [
          84.0662438,
          21.8516742
        ]
      },
      "properties": {
        "status": "dead",
        "confidence": 0.9994,
        "proj_x": 196764.8575,
        "proj_y": 2419300.836
      }
    },
    {
      "type": "Feature",
      "geometry": {
        "type": "Point",
        "coordinates": [
          84.0664226,
          21.8518306
        ]
      },
      "properties": {
        "status": "dead",
        "confidence": 0.9999,
        "proj_x": 196783.681,
        "proj_y": 2419317.8105
      }
    },
    {
      "type": "Feature",
      "geometry": {
        "type": "Point",
        "coordinates": [
          84.0662383,
          21.8516978
        ]
      },
      "properties": {
        "status": "dead",
        "confidence": 1.0,
        "proj_x": 196764.3439,
        "proj_y": 2419303.4553
      }
    },
    {
      "type": "Feature",
      "geometry": {
        "type": "Point",
        "coordinates": [
          84.0664049,
          21.8517107
        ]
      },
      "properties": {
        "status": "dead",
        "confidence": 1.0,
        "proj_x": 196781.6009,
        "proj_y": 2419304.5596
      }
    },
    {
      "type": "Feature",
      "geometry": {
        "type": "Point",
        "coordinates": [
          84.0662784,
          21.8515242
        ]
      },
      "properties": {
        "status": "dead",
        "confidence": 1.0,
        "proj_x": 196768.1189,
        "proj_y": 2419284.144
      }
    },
    {
      "type": "Feature",
      "geometry": {
        "type": "Point",
        "coordinates": [
          84.0663364,
          21.8513718
        ]
      },
      "properties": {
        "status": "dead",
        "confidence": 0.9999,
        "proj_x": 196773.7942,
        "proj_y": 2419267.1438
      }
    },
    {
      "type": "Feature",
      "geometry": {
        "type": "Point",
        "coordinates": [
          84.0666221,
          21.8513263
        ]
      },
      "properties": {
        "status": "dead",
        "confidence": 0.9999,
        "proj_x": 196803.2491,
        "proj_y": 2419261.5456
      }
    },
    {
      "type": "Feature",
      "geometry": {
        "type": "Point",
        "coordinates": [
          84.0668384,
          21.8513476
        ]
      },
      "properties": {
        "status": "dead",
        "confidence": 1.0,
        "proj_x": 196825.6677,
        "proj_y": 2419263.4716
      }
    },
    {
      "type": "Feature",
      "geometry": {
        "type": "Point",
        "coordinates": [
          84.0665778,
          21.8515502
        ]
      },
      "properties": {
        "status": "dead",
        "confidence": 1.0,
        "proj_x": 196799.1403,
        "proj_y": 2419286.4295
      }
    },
    {
      "type": "Feature",
      "geometry": {
        "type": "Point",
        "coordinates": [
          84.0661929,
          21.8518694
        ]
      },
      "properties": {
        "status": "dead",
        "confidence": 1.0,
        "proj_x": 196760.004,
        "proj_y": 2419322.5613
      }
    },
    {
      "type": "Feature",
      "geometry": {
        "type": "Point",
        "coordinates": [
          84.0665912,
          21.8513063
        ]
      },
      "properties": {
        "status": "dead",
        "confidence": 1.0,
        "proj_x": 196800.0134,
        "proj_y": 2419259.3885
      }
    },
    {
      "type": "Feature",
      "geometry": {
        "type": "Point",
        "coordinates": [
          84.066355,
          21.8516999
        ]
      },
      "properties": {
        "status": "dead",
        "confidence": 1.0,
        "proj_x": 196776.4135,
        "proj_y": 2419303.4553
      }
    },
    {
      "type": "Feature",
      "geometry": {
        "type": "Point",
        "coordinates": [
          84.0664619,
          21.8515474
        ]
      },
      "properties": {
        "status": "dead",
        "confidence": 0.9999,
        "proj_x": 196787.1478,
        "proj_y": 2419286.3525
      }
    },
    {
      "type": "Feature",
      "geometry": {
        "type": "Point",
        "coordinates": [
          84.0666689,
          21.8514802
        ]
      },
      "properties": {
        "status": "dead",
        "confidence": 1.0,
        "proj_x": 196808.4108,
        "proj_y": 2419278.4944
      }
    },
    {
      "type": "Feature",
      "geometry": {
        "type": "Point",
        "coordinates": [
          84.0665194,
          21.8516034
        ]
      },
      "properties": {
        "status": "dead",
        "confidence": 1.0,
        "proj_x": 196793.2082,
        "proj_y": 2419292.4386
      }
    },
    {
      "type": "Feature",
      "geometry": {
        "type": "Point",
        "coordinates": [
          84.0668969,
          21.8513036
        ]
      },
      "properties": {
        "status": "dead",
        "confidence": 1.0,
        "proj_x": 196831.6255,
        "proj_y": 2419258.4897
      }
    },
    {
      "type": "Feature",
      "geometry": {
        "type": "Point",
        "coordinates": [
          84.0665751,
          21.8514398
        ]
      },
      "properties": {
        "status": "dead",
        "confidence": 0.9989,
        "proj_x": 196798.6267,
        "proj_y": 2419274.2058
      }
    },
    {
      "type": "Feature",
      "geometry": {
        "type": "Point",
        "coordinates": [
          84.0666232,
          21.8512972
        ]
      },
      "properties": {
        "status": "dead",
        "confidence": 1.0,
        "proj_x": 196803.3005,
        "proj_y": 2419258.3099
      }
    },
    {
      "type": "Feature",
      "geometry": {
        "type": "Point",
        "coordinates": [
          84.0662735,
          21.8514845
        ]
      },
      "properties": {
        "status": "dead",
        "confidence": 1.0,
        "proj_x": 196767.5282,
        "proj_y": 2419279.7527
      }
    },
    {
      "type": "Feature",
      "geometry": {
        "type": "Point",
        "coordinates": [
          84.0664371,
          21.851741
        ]
      },
      "properties": {
        "status": "dead",
        "confidence": 0.9999,
        "proj_x": 196784.9906,
        "proj_y": 2419307.8466
      }
    },
    {
      "type": "Feature",
      "geometry": {
        "type": "Point",
        "coordinates": [
          84.066511,
          21.8515376
        ]
      },
      "properties": {
        "status": "dead",
        "confidence": 1.0,
        "proj_x": 196792.2067,
        "proj_y": 2419285.1712
      }
    },
    {
      "type": "Feature",
      "geometry": {
        "type": "Point",
        "coordinates": [
          84.0666806,
          21.8515976
        ]
      },
      "properties": {
        "status": "dead",
        "confidence": 1.0,
        "proj_x": 196809.8746,
        "proj_y": 2419291.4885
      }
    },
    {
      "type": "Feature",
      "geometry": {
        "type": "Point",
        "coordinates": [
          84.0665085,
          21.8516491
        ]
      },
      "properties": {
        "status": "dead",
        "confidence": 1.0,
        "proj_x": 196792.181,
        "proj_y": 2419297.5233
      }
    },
    {
      "type": "Feature",
      "geometry": {
        "type": "Point",
        "coordinates": [
          84.0664812,
          21.8515526
        ]
      },
      "properties": {
        "status": "dead",
        "confidence": 0.9839,
        "proj_x": 196789.1508,
        "proj_y": 2419286.8917
      }
    },
    {
      "type": "Feature",
      "geometry": {
        "type": "Point",
        "coordinates": [
          84.0661844,
          21.8516623
        ]
      },
      "properties": {
        "status": "dead",
        "confidence": 1.0,
        "proj_x": 196758.6943,
        "proj_y": 2419299.629
      }
    },
    {
      "type": "Feature",
      "geometry": {
        "type": "Point",
        "coordinates": [
          84.0665798,
          21.8513928
        ]
      },
      "properties": {
        "status": "dead",
        "confidence": 1.0,
        "proj_x": 196799.0119,
        "proj_y": 2419268.9928
      }
    },
    {
      "type": "Feature",
      "geometry": {
        "type": "Point",
        "coordinates": [
          84.0663976,
          21.851581
        ]
      },
      "properties": {
        "status": "dead",
        "confidence": 1.0,
        "proj_x": 196780.5737,
        "proj_y": 2419290.2045
      }
    },
    {
      "type": "Feature",
      "geometry": {
        "type": "Point",
        "coordinates": [
          84.0664566,
          21.8518797
        ]
      },
      "properties": {
        "status": "dead",
        "confidence": 1.0,
        "proj_x": 196787.3018,
        "proj_y": 2419323.1776
      }
    },
    {
      "type": "Feature",
      "geometry": {
        "type": "Point",
        "coordinates": [
          84.0668903,
          21.8515418
        ]
      },
      "properties": {
        "status": "dead",
        "confidence": 0.9999,
        "proj_x": 196831.4458,
        "proj_y": 2419284.8887
      }
    },
    {
      "type": "Feature",
      "geometry": {
        "type": "Point",
        "coordinates": [
          84.0664913,
          21.8515291
        ]
      },
      "properties": {
        "status": "dead",
        "confidence": 1.0,
        "proj_x": 196790.1523,
        "proj_y": 2419284.2724
      }
    },
    {
      "type": "Feature",
      "geometry": {
        "type": "Point",
        "coordinates": [
          84.0665717,
          21.8515674
        ]
      },
      "properties": {
        "status": "dead",
        "confidence": 0.9999,
        "proj_x": 196798.5497,
        "proj_y": 2419288.3555
      }
    },
    {
      "type": "Feature",
      "geometry": {
        "type": "Point",
        "coordinates": [
          84.066192,
          21.8514119
        ]
      },
      "properties": {
        "status": "dead",
        "confidence": 1.0,
        "proj_x": 196758.9511,
        "proj_y": 2419271.8689
      }
    },
    {
      "type": "Feature",
      "geometry": {
        "type": "Point",
        "coordinates": [
          84.0664983,
          21.851832
        ]
      },
      "properties": {
        "status": "dead",
        "confidence": 1.0,
        "proj_x": 196791.5133,
        "proj_y": 2419317.8105
      }
    },
    {
      "type": "Feature",
      "geometry": {
        "type": "Point",
        "coordinates": [
          84.0666503,
          21.8513936
        ]
      },
      "properties": {
        "status": "dead",
        "confidence": 1.0,
        "proj_x": 196806.305,
        "proj_y": 2419268.9414
      }
    },
    {
      "type": "Feature",
      "geometry": {
        "type": "Point",
        "coordinates": [
          84.0651042,
          21.8515269
        ]
      },
      "properties": {
        "status": "dead",
        "confidence": 1.0,
        "proj_x": 196646.6781,
        "proj_y": 2419286.7633
      }
    },
    {
      "type": "Feature",
      "geometry": {
        "type": "Point",
        "coordinates": [
          84.0649844,
          21.851786
        ]
      },
      "properties": {
        "status": "dead",
        "confidence": 1.0,
        "proj_x": 196634.8397,
        "proj_y": 2419315.7047
      }
    },
    {
      "type": "Feature",
      "geometry": {
        "type": "Point",
        "coordinates": [
          84.0651068,
          21.8515532
        ]
      },
      "properties": {
        "status": "dead",
        "confidence": 1.0,
        "proj_x": 196647.012,
        "proj_y": 2419289.6652
      }
    },
    {
      "type": "Feature",
      "geometry": {
        "type": "Point",
        "coordinates": [
          84.0651815,
          21.851618
        ]
      },
      "properties": {
        "status": "dead",
        "confidence": 1.0,
        "proj_x": 196654.8701,
        "proj_y": 2419296.7015
      }
    },
    {
      "type": "Feature",
      "geometry": {
        "type": "Point",
        "coordinates": [
          84.064926,
          21.8513149
        ]
      },
      "properties": {
        "status": "dead",
        "confidence": 1.0,
        "proj_x": 196627.8034,
        "proj_y": 2419263.6257
      }
    },
    {
      "type": "Feature",
      "geometry": {
        "type": "Point",
        "coordinates": [
          84.064973,
          21.8515675
        ]
      },
      "properties": {
        "status": "dead",
        "confidence": 0.9972,
        "proj_x": 196633.1962,
        "proj_y": 2419291.5141
      }
    },
    {
      "type": "Feature",
      "geometry": {
        "type": "Point",
        "coordinates": [
          84.0651891,
          21.8514904
        ]
      },
      "properties": {
        "status": "dead",
        "confidence": 1.0,
        "proj_x": 196655.3837,
        "proj_y": 2419282.5518
      }
    },
    {
      "type": "Feature",
      "geometry": {
        "type": "Point",
        "coordinates": [
          84.0653942,
          21.8514139
        ]
      },
      "properties": {
        "status": "dead",
        "confidence": 1.0,
        "proj_x": 196676.4413,
        "proj_y": 2419273.6665
      }
    },
    {
      "type": "Feature",
      "geometry": {
        "type": "Point",
        "coordinates": [
          84.0648319,
          21.8516802
        ]
      },
      "properties": {
        "status": "dead",
        "confidence": 0.9985,
        "proj_x": 196618.841,
        "proj_y": 2419304.2771
      }
    },
    {
      "type": "Feature",
      "geometry": {
        "type": "Point",
        "coordinates": [
          84.0649496,
          21.8515107
        ]
      },
      "properties": {
        "status": "dead",
        "confidence": 1.0,
        "proj_x": 196630.6538,
        "proj_y": 2419285.2739
      }
    },
    {
      "type": "Feature",
      "geometry": {
        "type": "Point",
        "coordinates": [
          84.0649631,
          21.8517349
        ]
      },
      "properties": {
        "status": "dead",
        "confidence": 1.0,
        "proj_x": 196632.5285,
        "proj_y": 2419310.0808
      }
    },
    {
      "type": "Feature",
      "geometry": {
        "type": "Point",
        "coordinates": [
          84.0649521,
          21.8513608
        ]
      },
      "properties": {
        "status": "dead",
        "confidence": 1.0,
        "proj_x": 196630.6025,
        "proj_y": 2419268.6589
      }
    },
    {
      "type": "Feature",
      "geometry": {
        "type": "Point",
        "coordinates": [
          84.0651139,
          21.851888
        ]
      },
      "properties": {
        "status": "dead",
        "confidence": 1.0,
        "proj_x": 196648.4501,
        "proj_y": 2419326.7471
      }
    },
    {
      "type": "Feature",
      "geometry": {
        "type": "Point",
        "coordinates": [
          84.0648535,
          21.8516564
        ]
      },
      "properties": {
        "status": "dead",
        "confidence": 0.9997,
        "proj_x": 196621.0238,
        "proj_y": 2419301.6064
      }
    },
    {
      "type": "Feature",
      "geometry": {
        "type": "Point",
        "coordinates": [
          84.0654031,
          21.8515647
        ]
      },
      "properties": {
        "status": "dead",
        "confidence": 1.0,
        "proj_x": 196677.6739,
        "proj_y": 2419290.3585
      }
    },
    {
      "type": "Feature",
      "geometry": {
        "type": "Point",
        "coordinates": [
          84.0649102,
          21.8514437
        ]
      },
      "properties": {
        "status": "dead",
        "confidence": 0.9995,
        "proj_x": 196626.4423,
        "proj_y": 2419277.9294
      }
    },
    {
      "type": "Feature",
      "geometry": {
        "type": "Point",
        "coordinates": [
          84.0650477,
          21.8514571
        ]
      },
      "properties": {
        "status": "dead",
        "confidence": 1.0,
        "proj_x": 196640.6947,
        "proj_y": 2419279.1364
      }
    },
    {
      "type": "Feature",
      "geometry": {
        "type": "Point",
        "coordinates": [
          84.0652141,
          21.8518314
        ]
      },
      "properties": {
        "status": "dead",
        "confidence": 1.0,
        "proj_x": 196658.6964,
        "proj_y": 2419320.2757
      }
    },
    {
      "type": "Feature",
      "geometry": {
        "type": "Point",
        "coordinates": [
          84.0649253,
          21.8512623
        ]
      },
      "properties": {
        "status": "dead",
        "confidence": 0.9996,
        "proj_x": 196627.6236,
        "proj_y": 2419257.7963
      }
    },
    {
      "type": "Feature",
      "geometry": {
        "type": "Point",
        "coordinates": [
          84.0650891,
          21.8516922
        ]
      },
      "properties": {
        "status": "dead",
        "confidence": 1.0,
        "proj_x": 196645.4712,
        "proj_y": 2419305.0989
      }
    },
    {
      "type": "Feature",
      "geometry": {
        "type": "Point",
        "coordinates": [
          84.0646856,
          21.8513537
        ]
      },
      "properties": {
        "status": "dead",
        "confidence": 1.0,
        "proj_x": 196603.0222,
        "proj_y": 2419268.4021
      }
    },
    {
      "type": "Feature",
      "geometry": {
        "type": "Point",
        "coordinates": [
          84.0647817,
          21.8512688
        ]
      },
      "properties": {
        "status": "dead",
        "confidence": 0.9879,
        "proj_x": 196612.7805,
        "proj_y": 2419258.7978
      }
    },
    {
      "type": "Feature",
      "geometry": {
        "type": "Point",
        "coordinates": [
          84.0653842,
          21.8517848
        ]
      },
      "properties": {
        "status": "dead",
        "confidence": 0.9998,
        "proj_x": 196676.1845,
        "proj_y": 2419314.7802
      }
    },
    {
      "type": "Feature",
      "geometry": {
        "type": "Point",
        "coordinates": [
          84.0650224,
          21.8512633
        ]
      },
      "properties": {
        "status": "dead",
        "confidence": 0.9997,
        "proj_x": 196637.6645,
        "proj_y": 2419257.7193
      }
    },
    {
      "type": "Feature",
      "geometry": {
        "type": "Point",
        "coordinates": [
          84.064903,
          21.8516367
        ]
      },
      "properties": {
        "status": "dead",
        "confidence": 0.9985,
        "proj_x": 196626.1085,
        "proj_y": 2419299.3209
      }
    },
    {
      "type": "Feature",
      "geometry": {
        "type": "Point",
        "coordinates": [
          84.065235,
          21.8517601
        ]
      },
      "properties": {
        "status": "dead",
        "confidence": 1.0,
        "proj_x": 196660.6994,
        "proj_y": 2419312.3406
      }
    },
    {
      "type": "Feature",
      "geometry": {
        "type": "Point",
        "coordinates": [
          84.0653024,
          21.8514588
        ]
      },
      "properties": {
        "status": "dead",
        "confidence": 0.9999,
        "proj_x": 196667.0424,
        "proj_y": 2419278.8282
      }
    },
    {
      "type": "Feature",
      "geometry": {
        "type": "Point",
        "coordinates": [
          84.0647145,
          21.8516883
        ]
      },
      "properties": {
        "status": "dead",
        "confidence": 1.0,
        "proj_x": 196606.7201,
        "proj_y": 2419305.407
      }
    },
    {
      "type": "Feature",
      "geometry": {
        "type": "Point",
        "coordinates": [
          84.0649241,
          21.8514101
        ]
      },
      "properties": {
        "status": "dead",
        "confidence": 0.9999,
        "proj_x": 196627.8034,
        "proj_y": 2419274.1801
      }
    },
    {
      "type": "Feature",
      "geometry": {
        "type": "Point",
        "coordinates": [
          84.0650487,
          21.8515658
        ]
      },
      "properties": {
        "status": "dead",
        "confidence": 1.0,
        "proj_x": 196641.0286,
        "proj_y": 2419291.1803
      }
    },
    {
      "type": "Feature",
      "geometry": {
        "type": "Point",
        "coordinates": [
          84.0648132,
          21.8514411
        ]
      },
      "properties": {
        "status": "dead",
        "confidence": 1.0,
        "proj_x": 196616.4014,
        "proj_y": 2419277.8267
      }
    },
    {
      "type": "Feature",
      "geometry": {
        "type": "Point",
        "coordinates": [
          84.0649845,
          21.8513301
        ]
      },
      "properties": {
        "status": "dead",
        "confidence": 1.0,
        "proj_x": 196633.8895,
        "proj_y": 2419265.1921
      }
    },
    {
      "type": "Feature",
      "geometry": {
        "type": "Point",
        "coordinates": [
          84.0647236,
          21.8514875
        ]
      },
      "properties": {
        "status": "dead",
        "confidence": 0.9995,
        "proj_x": 196607.2337,
        "proj_y": 2419283.1425
      }
    },
    {
      "type": "Feature",
      "geometry": {
        "type": "Point",
        "coordinates": [
          84.0649758,
          21.8514182
        ]
      },
      "properties": {
        "status": "dead",
        "confidence": 0.9999,
        "proj_x": 196633.1705,
        "proj_y": 2419274.9762
      }
    },
    {
      "type": "Feature",
      "geometry": {
        "type": "Point",
        "coordinates": [
          84.065335,
          21.8517248
        ]
      },
      "properties": {
        "status": "dead",
        "confidence": 1.0,
        "proj_x": 196670.9714,
        "proj_y": 2419308.2318
      }
    },
    {
      "type": "Feature",
      "geometry": {
        "type": "Point",
        "coordinates": [
          84.0650865,
          21.8519026
        ]
      },
      "properties": {
        "status": "dead",
        "confidence": 1.0,
        "proj_x": 196645.651,
        "proj_y": 2419328.4163
      }
    },
    {
      "type": "Feature",
      "geometry": {
        "type": "Point",
        "coordinates": [
          84.0652911,
          21.8517087
        ]
      },
      "properties": {
        "status": "dead",
        "confidence": 1.0,
        "proj_x": 196666.4004,
        "proj_y": 2419306.5369
      }
    },
    {
      "type": "Feature",
      "geometry": {
        "type": "Point",
        "coordinates": [
          84.0649735,
          21.8516864
        ]
      },
      "properties": {
        "status": "dead",
        "confidence": 1.0,
        "proj_x": 196633.5043,
        "proj_y": 2419304.688
      }
    },
    {
      "type": "Feature",
      "geometry": {
        "type": "Point",
        "coordinates": [
          84.0652384,
          21.8517018
        ]
      },
      "properties": {
        "status": "dead",
        "confidence": 1.0,
        "proj_x": 196660.9305,
        "proj_y": 2419305.8693
      }
    },
    {
      "type": "Feature",
      "geometry": {
        "type": "Point",
        "coordinates": [
          84.0652186,
          21.8516606
        ]
      },
      "properties": {
        "status": "dead",
        "confidence": 1.0,
        "proj_x": 196658.7991,
        "proj_y": 2419301.3496
      }
    },
    {
      "type": "Feature",
      "geometry": {
        "type": "Point",
        "coordinates": [
          84.064944,
          21.8517848
        ]
      },
      "properties": {
        "status": "dead",
        "confidence": 1.0,
        "proj_x": 196630.6538,
        "proj_y": 2419315.6533
      }
    },
    {
      "type": "Feature",
      "geometry": {
        "type": "Point",
        "coordinates": [
          84.0652521,
          21.8519157
        ]
      },
      "properties": {
        "status": "dead",
        "confidence": 0.9986,
        "proj_x": 196662.8052,
        "proj_y": 2419329.5462
      }
    },
    {
      "type": "Feature",
      "geometry": {
        "type": "Point",
        "coordinates": [
          84.0653,
          21.8517233
        ]
      },
      "properties": {
        "status": "dead",
        "confidence": 1.0,
        "proj_x": 196667.3506,
        "proj_y": 2419308.1291
      }
    },
    {
      "type": "Feature",
      "geometry": {
        "type": "Point",
        "coordinates": [
          84.0649466,
          21.8514736
        ]
      },
      "properties": {
        "status": "dead",
        "confidence": 1.0,
        "proj_x": 196630.2686,
        "proj_y": 2419281.1651
      }
    },
    {
      "type": "Feature",
      "geometry": {
        "type": "Point",
        "coordinates": [
          84.0647357,
          21.8517953
        ]
      },
      "properties": {
        "status": "dead",
        "confidence": 1.0,
        "proj_x": 196609.134,
        "proj_y": 2419317.2198
      }
    },
    {
      "type": "Feature",
      "geometry": {
        "type": "Point",
        "coordinates": [
          84.0651011,
          21.8513604
        ]
      },
      "properties": {
        "status": "dead",
        "confidence": 1.0,
        "proj_x": 196646.0105,
        "proj_y": 2419268.3251
      }
    },
    {
      "type": "Feature",
      "geometry": {
        "type": "Point",
        "coordinates": [
          84.0658954,
          21.8518338
        ]
      },
      "properties": {
        "status": "dead",
        "confidence": 1.0,
        "proj_x": 196729.1623,
        "proj_y": 2419319.1972
      }
    },
    {
      "type": "Feature",
      "geometry": {
        "type": "Point",
        "coordinates": [
          84.0659795,
          21.8515701
        ]
      },
      "properties": {
        "status": "dead",
        "confidence": 1.0,
        "proj_x": 196737.3029,
        "proj_y": 2419289.8193
      }
    },
    {
      "type": "Feature",
      "geometry": {
        "type": "Point",
        "coordinates": [
          84.0658569,
          21.85158
        ]
      },
      "properties": {
        "status": "dead",
        "confidence": 1.0,
        "proj_x": 196724.6426,
        "proj_y": 2419291.1546
      }
    },
    {
      "type": "Feature",
      "geometry": {
        "type": "Point",
        "coordinates": [
          84.0659484,
          21.8514757
        ]
      },
      "properties": {
        "status": "dead",
        "confidence": 1.0,
        "proj_x": 196733.8874,
        "proj_y": 2419279.4189
      }
    },
    {
      "type": "Feature",
      "geometry": {
        "type": "Point",
        "coordinates": [
          84.0654888,
          21.8514028
        ]
      },
      "properties": {
        "status": "dead",
        "confidence": 1.0,
        "proj_x": 196686.1997,
        "proj_y": 2419272.2541
      }
    },
    {
      "type": "Feature",
      "geometry": {
        "type": "Point",
        "coordinates": [
          84.0655038,
          21.8515222
        ]
      },
      "properties": {
        "status": "dead",
        "confidence": 1.0,
        "proj_x": 196687.9973,
        "proj_y": 2419285.4537
      }
    },
    {
      "type": "Feature",
      "geometry": {
        "type": "Point",
        "coordinates": [
          84.0657683,
          21.8515874
        ]
      },
      "properties": {
        "status": "dead",
        "confidence": 0.9992,
        "proj_x": 196715.5005,
        "proj_y": 2419292.1561
      }
    },
    {
      "type": "Feature",
      "geometry": {
        "type": "Point",
        "coordinates": [
          84.0657078,
          21.8516723
        ]
      },
      "properties": {
        "status": "dead",
        "confidence": 1.0,
        "proj_x": 196709.4144,
        "proj_y": 2419301.6834
      }
    },
    {
      "type": "Feature",
      "geometry": {
        "type": "Point",
        "coordinates": [
          84.0654439,
          21.8517775
        ]
      },
      "properties": {
        "status": "dead",
        "confidence": 0.9999,
        "proj_x": 196682.3477,
        "proj_y": 2419313.8557
      }
    },
    {
      "type": "Feature",
      "geometry": {
        "type": "Point",
        "coordinates": [
          84.0656052,
          21.8512973
        ]
      },
      "properties": {
        "status": "dead",
        "confidence": 1.0,
        "proj_x": 196698.0125,
        "proj_y": 2419260.3386
      }
    },
    {
      "type": "Feature",
      "geometry": {
        "type": "Point",
        "coordinates": [
          84.0657291,
          21.8516727
        ]
      },
      "properties": {
        "status": "dead",
        "confidence": 1.0,
        "proj_x": 196711.6229,
        "proj_y": 2419301.6834
      }
    },
    {
      "type": "Feature",
      "geometry": {
        "type": "Point",
        "coordinates": [
          84.0659602,
          21.8518479
        ]
      },
      "properties": {
        "status": "dead",
        "confidence": 1.0,
        "proj_x": 196735.8905,
        "proj_y": 2419320.6353
      }
    },
    {
      "type": "Feature",
      "geometry": {
        "type": "Point",
        "coordinates": [
          84.065509,
          21.8514006
        ]
      },
      "properties": {
        "status": "dead",
        "confidence": 0.9996,
        "proj_x": 196688.2798,
        "proj_y": 2419271.9717
      }
    },
    {
      "type": "Feature",
      "geometry": {
        "type": "Point",
        "coordinates": [
          84.0656463,
          21.8513247
        ]
      },
      "properties": {
        "status": "dead",
        "confidence": 1.0,
        "proj_x": 196702.3267,
        "proj_y": 2419263.2918
      }
    },
    {
      "type": "Feature",
      "geometry": {
        "type": "Point",
        "coordinates": [
          84.0659273,
          21.8513786
        ]
      },
      "properties": {
        "status": "dead",
        "confidence": 1.0,
        "proj_x": 196731.4992,
        "proj_y": 2419268.7103
      }
    },
    {
      "type": "Feature",
      "geometry": {
        "type": "Point",
        "coordinates": [
          84.066006,
          21.8514276
        ]
      },
      "properties": {
        "status": "dead",
        "confidence": 1.0,
        "proj_x": 196739.7425,
        "proj_y": 2419273.9747
      }
    },
    {
      "type": "Feature",
      "geometry": {
        "type": "Point",
        "coordinates": [
          84.0661033,
          21.8513693
        ]
      },
      "properties": {
        "status": "dead",
        "confidence": 1.0,
        "proj_x": 196749.6806,
        "proj_y": 2419267.3236
      }
    },
    {
      "type": "Feature",
      "geometry": {
        "type": "Point",
        "coordinates": [
          84.0656449,
          21.8516749
        ]
      },
      "properties": {
        "status": "dead",
        "confidence": 1.0,
        "proj_x": 196702.9174,
        "proj_y": 2419302.0943
      }
    },
    {
      "type": "Feature",
      "geometry": {
        "type": "Point",
        "coordinates": [
          84.0658715,
          21.8516808
        ]
      },
      "properties": {
        "status": "dead",
        "confidence": 0.9998,
        "proj_x": 196726.3632,
        "proj_y": 2419302.2997
      }
    },
    {
      "type": "Feature",
      "geometry": {
        "type": "Point",
        "coordinates": [
          84.0658941,
          21.8518868
        ]
      },
      "properties": {
        "status": "dead",
        "confidence": 1.0,
        "proj_x": 196729.1366,
        "proj_y": 2419325.0779
      }
    },
    {
      "type": "Feature",
      "geometry": {
        "type": "Point",
        "coordinates": [
          84.0658356,
          21.8516839
        ]
      },
      "properties": {
        "status": "dead",
        "confidence": 1.0,
        "proj_x": 196722.6653,
        "proj_y": 2419302.7106
      }
    },
    {
      "type": "Feature",
      "geometry": {
        "type": "Point",
        "coordinates": [
          84.0659189,
          21.8513639
        ]
      },
      "properties": {
        "status": "dead",
        "confidence": 1.0,
        "proj_x": 196730.6004,
        "proj_y": 2419267.0925
      }
    },
    {
      "type": "Feature",
      "geometry": {
        "type": "Point",
        "coordinates": [
          84.0660134,
          21.8519527
        ]
      },
      "properties": {
        "status": "dead",
        "confidence": 1.0,
        "proj_x": 196741.6171,
        "proj_y": 2419332.1399
      }
    },
    {
      "type": "Feature",
      "geometry": {
        "type": "Point",
        "coordinates": [
          84.0656393,
          21.8519477
        ]
      },
      "properties": {
        "status": "dead",
        "confidence": 0.9999,
        "proj_x": 196702.9174,
        "proj_y": 2419332.3197
      }
    },
    {
      "type": "Feature",
      "geometry": {
        "type": "Point",
        "coordinates": [
          84.0659035,
          21.8517787
        ]
      },
      "properties": {
        "status": "dead",
        "confidence": 1.0,
        "proj_x": 196729.8814,
        "proj_y": 2419313.0853
      }
    },
    {
      "type": "Feature",
      "geometry": {
        "type": "Point",
        "coordinates": [
          84.0660115,
          21.8515734
        ]
      },
      "properties": {
        "status": "dead",
        "confidence": 1.0,
        "proj_x": 196740.6156,
        "proj_y": 2419290.1274
      }
    },
    {
      "type": "Feature",
      "geometry": {
        "type": "Point",
        "coordinates": [
          84.0660194,
          21.8512957
        ]
      },
      "properties": {
        "status": "dead",
        "confidence": 1.0,
        "proj_x": 196740.8467,
        "proj_y": 2419259.3371
      }
    },
    {
      "type": "Feature",
      "geometry": {
        "type": "Point",
        "coordinates": [
          84.0659225,
          21.8513948
        ]
      },
      "properties": {
        "status": "dead",
        "confidence": 1.0,
        "proj_x": 196731.037,
        "proj_y": 2419270.5079
      }
    },
    {
      "type": "Feature",
      "geometry": {
        "type": "Point",
        "coordinates": [
          84.0655943,
          21.8519376
        ]
      },
      "properties": {
        "status": "dead",
        "confidence": 1.0,
        "proj_x": 196698.2436,
        "proj_y": 2419331.2925
      }
    },
    {
      "type": "Feature",
      "geometry": {
        "type": "Point",
        "coordinates": [
          84.0657966,
          21.8517831
        ]
      },
      "properties": {
        "status": "dead",
        "confidence": 1.0,
        "proj_x": 196718.839,
        "proj_y": 2419313.7787
      }
    },
    {
      "type": "Feature",
      "geometry": {
        "type": "Point",
        "coordinates": [
          84.0656794,
          21.851336
        ]
      },
      "properties": {
        "status": "dead",
        "confidence": 0.9996,
        "proj_x": 196705.7678,
        "proj_y": 2419264.4731
      }
    },
    {
      "type": "Feature",
      "geometry": {
        "type": "Point",
        "coordinates": [
          84.0660368,
          21.8512788
        ]
      },
      "properties": {
        "status": "dead",
        "confidence": 1.0,
        "proj_x": 196742.6186,
        "proj_y": 2419257.4368
      }
    },
    {
      "type": "Feature",
      "geometry": {
        "type": "Point",
        "coordinates": [
          84.0657652,
          21.8513544
        ]
      },
      "properties": {
        "status": "dead",
        "confidence": 1.0,
        "proj_x": 196714.6788,
        "proj_y": 2419266.3477
      }
    },
    {
      "type": "Feature",
      "geometry": {
        "type": "Point",
        "coordinates": [
          84.0660417,
          21.851914
        ]
      },
      "properties": {
        "status": "dead",
        "confidence": 0.9996,
        "proj_x": 196744.4676,
        "proj_y": 2419327.8
      }
    },
    {
      "type": "Feature",
      "geometry": {
        "type": "Point",
        "coordinates": [
          84.0659168,
          21.851807
        ]
      },
      "properties": {
        "status": "dead",
        "confidence": 1.0,
        "proj_x": 196731.3194,
        "proj_y": 2419316.1926
      }
    },
    {
      "type": "Feature",
      "geometry": {
        "type": "Point",
        "coordinates": [
          84.0658517,
          21.8512632
        ]
      },
      "properties": {
        "status": "dead",
        "confidence": 0.6488,
        "proj_x": 196723.4357,
        "proj_y": 2419256.0757
      }
    },
    {
      "type": "Feature",
      "geometry": {
        "type": "Point",
        "coordinates": [
          84.0655891,
          21.8518761
        ]
      },
      "properties": {
        "status": "dead",
        "confidence": 1.0,
        "proj_x": 196697.5759,
        "proj_y": 2419324.4873
      }
    },
    {
      "type": "Feature",
      "geometry": {
        "type": "Point",
        "coordinates": [
          84.0656777,
          21.8516505
        ]
      },
      "properties": {
        "status": "dead",
        "confidence": 0.9999,
        "proj_x": 196706.2558,
        "proj_y": 2419299.3209
      }
    },
    {
      "type": "Feature",
      "geometry": {
        "type": "Point",
        "coordinates": [
          84.065844,
          21.85136
        ]
      },
      "properties": {
        "status": "dead",
        "confidence": 1.0,
        "proj_x": 196722.845,
        "proj_y": 2419266.81
      }
    },
    {
      "type": "Feature",
      "geometry": {
        "type": "Point",
        "coordinates": [
          84.0657638,
          21.8518319
        ]
      },
      "properties": {
        "status": "dead",
        "confidence": 1.0,
        "proj_x": 196715.5519,
        "proj_y": 2419319.2485
      }
    },
    {
      "type": "Feature",
      "geometry": {
        "type": "Point",
        "coordinates": [
          84.0658825,
          21.8517587
        ]
      },
      "properties": {
        "status": "dead",
        "confidence": 1.0,
        "proj_x": 196727.6729,
        "proj_y": 2419310.9025
      }
    },
    {
      "type": "Feature",
      "geometry": {
        "type": "Point",
        "coordinates": [
          84.0659059,
          21.8516622
        ]
      },
      "properties": {
        "status": "dead",
        "confidence": 1.0,
        "proj_x": 196729.8814,
        "proj_y": 2419300.1683
      }
    },
    {
      "type": "Feature",
      "geometry": {
        "type": "Point",
        "coordinates": [
          84.0656096,
          21.8517021
        ]
      },
      "properties": {
        "status": "dead",
        "confidence": 1.0,
        "proj_x": 196699.3221,
        "proj_y": 2419305.1759
      }
    },
    {
      "type": "Feature",
      "geometry": {
        "type": "Point",
        "coordinates": [
          84.0660282,
          21.8517624
        ]
      },
      "properties": {
        "status": "dead",
        "confidence": 1.0,
        "proj_x": 196742.747,
        "proj_y": 2419311.0309
      }
    },
    {
      "type": "Feature",
      "geometry": {
        "type": "Point",
        "coordinates": [
          84.0655604,
          21.8516533
        ]
      },
      "properties": {
        "status": "dead",
        "confidence": 1.0,
        "proj_x": 196694.1348,
        "proj_y": 2419299.8601
      }
    },
    {
      "type": "Feature",
      "geometry": {
        "type": "Point",
        "coordinates": [
          84.0661154,
          21.8518565
        ]
      },
      "properties": {
        "status": "dead",
        "confidence": 1.0,
        "proj_x": 196751.9661,
        "proj_y": 2419321.2773
      }
    },
    {
      "type": "Feature",
      "geometry": {
        "type": "Point",
        "coordinates": [
          84.0656219,
          21.8514256
        ]
      },
      "properties": {
        "status": "dead",
        "confidence": 0.996,
        "proj_x": 196700.0155,
        "proj_y": 2419274.514
      }
    },
    {
      "type": "Feature",
      "geometry": {
        "type": "Point",
        "coordinates": [
          84.0672611,
          21.8518636
        ]
      },
      "properties": {
        "status": "dead",
        "confidence": 1.0,
        "proj_x": 196870.4794,
        "proj_y": 2419319.8135
      }
    },
    {
      "type": "Feature",
      "geometry": {
        "type": "Point",
        "coordinates": [
          84.0672336,
          21.8518896
        ]
      },
      "properties": {
        "status": "dead",
        "confidence": 1.0,
        "proj_x": 196867.6802,
        "proj_y": 2419322.741
      }
    },
    {
      "type": "Feature",
      "geometry": {
        "type": "Point",
        "coordinates": [
          84.067089,
          21.8516608
        ]
      },
      "properties": {
        "status": "dead",
        "confidence": 0.9996,
        "proj_x": 196852.2466,
        "proj_y": 2419297.6773
      }
    },
    {
      "type": "Feature",
      "geometry": {
        "type": "Point",
        "coordinates": [
          84.0675268,
          21.851463
        ]
      },
      "properties": {
        "status": "dead",
        "confidence": 0.9994,
        "proj_x": 196897.1095,
        "proj_y": 2419274.8992
      }
    },
    {
      "type": "Feature",
      "geometry": {
        "type": "Point",
        "coordinates": [
          84.0671152,
          21.8518629
        ]
      },
      "properties": {
        "status": "dead",
        "confidence": 0.9981,
        "proj_x": 196855.3795,
        "proj_y": 2419320.0189
      }
    },
    {
      "type": "Feature",
      "geometry": {
        "type": "Point",
        "coordinates": [
          84.0674347,
          21.8516094
        ]
      },
      "properties": {
        "status": "dead",
        "confidence": 1.0,
        "proj_x": 196887.8904,
        "proj_y": 2419291.3087
      }
    },
    {
      "type": "Feature",
      "geometry": {
        "type": "Point",
        "coordinates": [
          84.0672866,
          21.851782
        ]
      },
      "properties": {
        "status": "dead",
        "confidence": 1.0,
        "proj_x": 196872.9446,
        "proj_y": 2419310.7228
      }
    },
    {
      "type": "Feature",
      "geometry": {
        "type": "Point",
        "coordinates": [
          84.0675899,
          21.8519353
        ]
      },
      "properties": {
        "status": "dead",
        "confidence": 1.0,
        "proj_x": 196904.6338,
        "proj_y": 2419327.1066
      }
    },
    {
      "type": "Feature",
      "geometry": {
        "type": "Point",
        "coordinates": [
          84.0669449,
          21.8514218
        ]
      },
      "properties": {
        "status": "dead",
        "confidence": 0.9998,
        "proj_x": 196836.8386,
        "proj_y": 2419271.4837
      }
    },
    {
      "type": "Feature",
      "geometry": {
        "type": "Point",
        "coordinates": [
          84.0671692,
          21.8517575
        ]
      },
      "properties": {
        "status": "dead",
        "confidence": 1.0,
        "proj_x": 196860.7466,
        "proj_y": 2419308.2318
      }
    },
    {
      "type": "Feature",
      "geometry": {
        "type": "Point",
        "coordinates": [
          84.0672202,
          21.8519591
        ]
      },
      "properties": {
        "status": "dead",
        "confidence": 0.9997,
        "proj_x": 196866.4476,
        "proj_y": 2419330.4707
      }
    },
    {
      "type": "Feature",
      "geometry": {
        "type": "Point",
        "coordinates": [
          84.0674616,
          21.8518093
        ]
      },
      "properties": {
        "status": "dead",
        "confidence": 0.9999,
        "proj_x": 196891.1004,
        "proj_y": 2419313.3935
      }
    },
    {
      "type": "Feature",
      "geometry": {
        "type": "Point",
        "coordinates": [
          84.0673893,
          21.8516052
        ]
      },
      "properties": {
        "status": "dead",
        "confidence": 1.0,
        "proj_x": 196883.191,
        "proj_y": 2419290.9235
      }
    },
    {
      "type": "Feature",
      "geometry": {
        "type": "Point",
        "coordinates": [
          84.0670163,
          21.8518544
        ]
      },
      "properties": {
        "status": "dead",
        "confidence": 1.0,
        "proj_x": 196845.1332,
        "proj_y": 2419319.2742
      }
    },
    {
      "type": "Feature",
      "geometry": {
        "type": "Point",
        "coordinates": [
          84.0672049,
          21.8517002
        ]
      },
      "properties": {
        "status": "dead",
        "confidence": 1.0,
        "proj_x": 196864.3161,
        "proj_y": 2419301.8118
      }
    },
    {
      "type": "Feature",
      "geometry": {
        "type": "Point",
        "coordinates": [
          84.0675856,
          21.8513678
        ]
      },
      "properties": {
        "status": "no_sapling",
        "confidence": 0.6467,
        "proj_x": 196902.9902,
        "proj_y": 2419264.242
      }
    },
    {
      "type": "Feature",
      "geometry": {
        "type": "Point",
        "coordinates": [
          84.0676266,
          21.8514907
        ]
      },
      "properties": {
        "status": "dead",
        "confidence": 1.0,
        "proj_x": 196907.4842,
        "proj_y": 2419277.7753
      }
    },
    {
      "type": "Feature",
      "geometry": {
        "type": "Point",
        "coordinates": [
          84.0671529,
          21.8515126
        ]
      },
      "properties": {
        "status": "dead",
        "confidence": 1.0,
        "proj_x": 196858.5382,
        "proj_y": 2419281.1394
      }
    },
    {
      "type": "Feature",
      "geometry": {
        "type": "Point",
        "coordinates": [
          84.0672489,
          21.8516353
        ]
      },
      "properties": {
        "status": "dead",
        "confidence": 0.9999,
        "proj_x": 196868.7331,
        "proj_y": 2419294.5444
      }
    },
    {
      "type": "Feature",
      "geometry": {
        "type": "Point",
        "coordinates": [
          84.0673009,
          21.8517403
        ]
      },
      "properties": {
        "status": "dead",
        "confidence": 1.0,
        "proj_x": 196874.3313,
        "proj_y": 2419306.0747
      }
    },
    {
      "type": "Feature",
      "geometry": {
        "type": "Point",
        "coordinates": [
          84.0670865,
          21.8518802
        ]
      },
      "properties": {
        "status": "dead",
        "confidence": 0.9987,
        "proj_x": 196852.452,
        "proj_y": 2419321.9963
      }
    },
    {
      "type": "Feature",
      "geometry": {
        "type": "Point",
        "coordinates": [
          84.0669446,
          21.8515108
        ]
      },
      "properties": {
        "status": "dead",
        "confidence": 0.9998,
        "proj_x": 196836.9926,
        "proj_y": 2419281.3449
      }
    },
    {
      "type": "Feature",
      "geometry": {
        "type": "Point",
        "coordinates": [
          84.0670883,
          21.8515488
        ]
      },
      "properties": {
        "status": "dead",
        "confidence": 0.9993,
        "proj_x": 196851.9384,
        "proj_y": 2419285.2739
      }
    },
    {
      "type": "Feature",
      "geometry": {
        "type": "Point",
        "coordinates": [
          84.0671332,
          21.8517089
        ]
      },
      "properties": {
        "status": "dead",
        "confidence": 1.0,
        "proj_x": 196856.9203,
        "proj_y": 2419302.9161
      }
    },
    {
      "type": "Feature",
      "geometry": {
        "type": "Point",
        "coordinates": [
          84.0671982,
          21.8513734
        ]
      },
      "properties": {
        "status": "dead",
        "confidence": 1.0,
        "proj_x": 196862.9294,
        "proj_y": 2419265.6287
      }
    },
    {
      "type": "Feature",
      "geometry": {
        "type": "Point",
        "coordinates": [
          84.0672314,
          21.851801
        ]
      },
      "properties": {
        "status": "dead",
        "confidence": 1.0,
        "proj_x": 196867.2694,
        "proj_y": 2419312.9313
      }
    },
    {
      "type": "Feature",
      "geometry": {
        "type": "Point",
        "coordinates": [
          84.0672524,
          21.8517432
        ]
      },
      "properties": {
        "status": "dead",
        "confidence": 0.9966,
        "proj_x": 196869.3238,
        "proj_y": 2419306.4856
      }
    },
    {
      "type": "Feature",
      "geometry": {
        "type": "Point",
        "coordinates": [
          84.0672375,
          21.8513936
        ]
      },
      "properties": {
        "status": "dead",
        "confidence": 1.0,
        "proj_x": 196867.0382,
        "proj_y": 2419267.7858
      }
    },
    {
      "type": "Feature",
      "geometry": {
        "type": "Point",
        "coordinates": [
          84.067292,
          21.8513153
        ]
      },
      "properties": {
        "status": "dead",
        "confidence": 0.9996,
        "proj_x": 196872.5081,
        "proj_y": 2419259.0033
      }
    },
    {
      "type": "Feature",
      "geometry": {
        "type": "Point",
        "coordinates": [
          84.067478,
          21.8514925
        ]
      },
      "properties": {
        "status": "dead",
        "confidence": 1.0,
        "proj_x": 196892.1276,
        "proj_y": 2419278.2633
      }
    },
    {
      "type": "Feature",
      "geometry": {
        "type": "Point",
        "coordinates": [
          84.0671299,
          21.8514717
        ]
      },
      "properties": {
        "status": "dead",
        "confidence": 1.0,
        "proj_x": 196856.0729,
        "proj_y": 2419276.6454
      }
    },
    {
      "type": "Feature",
      "geometry": {
        "type": "Point",
        "coordinates": [
          84.0670087,
          21.8518228
        ]
      },
      "properties": {
        "status": "dead",
        "confidence": 1.0,
        "proj_x": 196844.2858,
        "proj_y": 2419315.7817
      }
    },
    {
      "type": "Feature",
      "geometry": {
        "type": "Point",
        "coordinates": [
          84.0673384,
          21.8515952
        ]
      },
      "properties": {
        "status": "dead",
        "confidence": 1.0,
        "proj_x": 196877.9009,
        "proj_y": 2419289.922
      }
    },
    {
      "type": "Feature",
      "geometry": {
        "type": "Point",
        "coordinates": [
          84.0674868,
          21.8517555
        ]
      },
      "properties": {
        "status": "dead",
        "confidence": 0.9977,
        "proj_x": 196893.5914,
        "proj_y": 2419307.3844
      }
    },
    {
      "type": "Feature",
      "geometry": {
        "type": "Point",
        "coordinates": [
          84.0672307,
          21.8517145
        ]
      },
      "properties": {
        "status": "dead",
        "confidence": 0.8999,
        "proj_x": 196867.0126,
        "proj_y": 2419303.3526
      }
    },
    {
      "type": "Feature",
      "geometry": {
        "type": "Point",
        "coordinates": [
          84.0675545,
          21.8519162
        ]
      },
      "properties": {
        "status": "dead",
        "confidence": 1.0,
        "proj_x": 196900.9358,
        "proj_y": 2419325.0522
      }
    },
    {
      "type": "Feature",
      "geometry": {
        "type": "Point",
        "coordinates": [
          84.0676047,
          21.8516136
        ]
      },
      "properties": {
        "status": "dead",
        "confidence": 1.0,
        "proj_x": 196905.4812,
        "proj_y": 2419291.4371
      }
    },
    {
      "type": "Feature",
      "geometry": {
        "type": "Point",
        "coordinates": [
          84.0674425,
          21.8514557
        ]
      },
      "properties": {
        "status": "dead",
        "confidence": 1.0,
        "proj_x": 196888.3783,
        "proj_y": 2419274.2572
      }
    },
    {
      "type": "Feature",
      "geometry": {
        "type": "Point",
        "coordinates": [
          84.0671918,
          21.8518177
        ]
      },
      "properties": {
        "status": "dead",
        "confidence": 0.9865,
        "proj_x": 196863.2119,
        "proj_y": 2419314.8573
      }
    },
    {
      "type": "Feature",
      "geometry": {
        "type": "Point",
        "coordinates": [
          84.0670333,
          21.8518251
        ]
      },
      "properties": {
        "status": "dead",
        "confidence": 1.0,
        "proj_x": 196846.8281,
        "proj_y": 2419315.9872
      }
    },
    {
      "type": "Feature",
      "geometry": {
        "type": "Point",
        "coordinates": [
          84.0672477,
          21.8517185
        ]
      },
      "properties": {
        "status": "dead",
        "confidence": 0.9999,
        "proj_x": 196868.7845,
        "proj_y": 2419303.7635
      }
    },
    {
      "type": "Feature",
      "geometry": {
        "type": "Point",
        "coordinates": [
          84.0674173,
          21.8514144
        ]
      },
      "properties": {
        "status": "dead",
        "confidence": 1.0,
        "proj_x": 196885.6819,
        "proj_y": 2419269.7375
      }
    },
    {
      "type": "Feature",
      "geometry": {
        "type": "Point",
        "coordinates": [
          84.0674892,
          21.8515761
        ]
      },
      "properties": {
        "status": "dead",
        "confidence": 1.0,
        "proj_x": 196893.463,
        "proj_y": 2419287.5081
      }
    },
    {
      "type": "Feature",
      "geometry": {
        "type": "Point",
        "coordinates": [
          84.0675645,
          21.8517576
        ]
      },
      "properties": {
        "status": "dead",
        "confidence": 1.0,
        "proj_x": 196901.6292,
        "proj_y": 2419307.4614
      }
    },
    {
      "type": "Feature",
      "geometry": {
        "type": "Point",
        "coordinates": [
          84.0671074,
          21.8516732
        ]
      },
      "properties": {
        "status": "dead",
        "confidence": 1.0,
        "proj_x": 196854.1726,
        "proj_y": 2419299.0127
      }
    },
    {
      "type": "Feature",
      "geometry": {
        "type": "Point",
        "coordinates": [
          84.067142,
          21.8519366
        ]
      },
      "properties": {
        "status": "dead",
        "confidence": 0.7086,
        "proj_x": 196858.307,
        "proj_y": 2419328.1338
      }
    },
    {
      "type": "Feature",
      "geometry": {
        "type": "Point",
        "coordinates": [
          84.0672631,
          21.8514534
        ]
      },
      "properties": {
        "status": "dead",
        "confidence": 0.9998,
        "proj_x": 196869.8117,
        "proj_y": 2419274.3599
      }
    },
    {
      "type": "Feature",
      "geometry": {
        "type": "Point",
        "coordinates": [
          84.0672957,
          21.8514871
        ]
      },
      "properties": {
        "status": "dead",
        "confidence": 0.9674,
        "proj_x": 196873.2528,
        "proj_y": 2419278.0321
      }
    },
    {
      "type": "Feature",
      "geometry": {
        "type": "Point",
        "coordinates": [
          84.0673482,
          21.8514311
        ]
      },
      "properties": {
        "status": "dead",
        "confidence": 1.0,
        "proj_x": 196878.5685,
        "proj_y": 2419271.7149
      }
    },
    {
      "type": "Feature",
      "geometry": {
        "type": "Point",
        "coordinates": [
          84.0672462,
          21.85177
        ]
      },
      "properties": {
        "status": "dead",
        "confidence": 0.8284,
        "proj_x": 196868.7331,
        "proj_y": 2419309.4645
      }
    },
    {
      "type": "Feature",
      "geometry": {
        "type": "Point",
        "coordinates": [
          84.0673035,
          21.8514316
        ]
      },
      "properties": {
        "status": "dead",
        "confidence": 0.9951,
        "proj_x": 196873.9462,
        "proj_y": 2419271.8689
      }
    },
    {
      "type": "Feature",
      "geometry": {
        "type": "Point",
        "coordinates": [
          84.0670597,
          21.8517439
        ]
      },
      "properties": {
        "status": "dead",
        "confidence": 0.9895,
        "proj_x": 196849.3961,
        "proj_y": 2419306.9478
      }
    },
    {
      "type": "Feature",
      "geometry": {
        "type": "Point",
        "coordinates": [
          84.0673272,
          21.851414
        ]
      },
      "properties": {
        "status": "dead",
        "confidence": 1.0,
        "proj_x": 196876.3601,
        "proj_y": 2419269.8659
      }
    },
    {
      "type": "Feature",
      "geometry": {
        "type": "Point",
        "coordinates": [
          84.0674149,
          21.8518128
        ]
      },
      "properties": {
        "status": "dead",
        "confidence": 1.0,
        "proj_x": 196886.2725,
        "proj_y": 2419313.8814
      }
    },
    {
      "type": "Feature",
      "geometry": {
        "type": "Point",
        "coordinates": [
          84.0675321,
          21.851546
        ]
      },
      "properties": {
        "status": "dead",
        "confidence": 1.0,
        "proj_x": 196897.8286,
        "proj_y": 2419284.0926
      }
    },
    {
      "type": "Feature",
      "geometry": {
        "type": "Point",
        "coordinates": [
          84.0672166,
          21.8514908
        ]
      },
      "properties": {
        "status": "dead",
        "confidence": 1.0,
        "proj_x": 196865.0866,
        "proj_y": 2419278.5971
      }
    },
    {
      "type": "Feature",
      "geometry": {
        "type": "Point",
        "coordinates": [
          84.0673541,
          21.8516996
        ]
      },
      "properties": {
        "status": "dead",
        "confidence": 0.9992,
        "proj_x": 196879.7498,
        "proj_y": 2419301.4523
      }
    },
    {
      "type": "Feature",
      "geometry": {
        "type": "Point",
        "coordinates": [
          84.0670971,
          21.8517636
        ]
      },
      "properties": {
        "status": "dead",
        "confidence": 1.0,
        "proj_x": 196853.2994,
        "proj_y": 2419309.0536
      }
    },
    {
      "type": "Feature",
      "geometry": {
        "type": "Point",
        "coordinates": [
          84.0675712,
          21.8513196
        ]
      },
      "properties": {
        "status": "dead",
        "confidence": 0.9994,
        "proj_x": 196901.3981,
        "proj_y": 2419258.9262
      }
    },
    {
      "type": "Feature",
      "geometry": {
        "type": "Point",
        "coordinates": [
          84.067294,
          21.8513351
        ]
      },
      "properties": {
        "status": "dead",
        "confidence": 0.9999,
        "proj_x": 196872.7649,
        "proj_y": 2419261.1861
      }
    },
    {
      "type": "Feature",
      "geometry": {
        "type": "Point",
        "coordinates": [
          84.0675601,
          21.8518029
        ]
      },
      "properties": {
        "status": "dead",
        "confidence": 1.0,
        "proj_x": 196901.2697,
        "proj_y": 2419312.4947
      }
    },
    {
      "type": "Feature",
      "geometry": {
        "type": "Point",
        "coordinates": [
          84.0674148,
          21.8519278
        ]
      },
      "properties": {
        "status": "dead",
        "confidence": 1.0,
        "proj_x": 196886.5037,
        "proj_y": 2419326.6187
      }
    },
    {
      "type": "Feature",
      "geometry": {
        "type": "Point",
        "coordinates": [
          84.0672955,
          21.8519206
        ]
      },
      "properties": {
        "status": "dead",
        "confidence": 0.9649,
        "proj_x": 196874.1516,
        "proj_y": 2419326.0537
      }
    },
    {
      "type": "Feature",
      "geometry": {
        "type": "Point",
        "coordinates": [
          84.067485,
          21.8514782
        ]
      },
      "properties": {
        "status": "dead",
        "confidence": 1.0,
        "proj_x": 196892.8209,
        "proj_y": 2419276.6711
      }
    },
    {
      "type": "Feature",
      "geometry": {
        "type": "Point",
        "coordinates": [
          84.0673977,
          21.8516827
        ]
      },
      "properties": {
        "status": "no_sapling",
        "confidence": 0.831,
        "proj_x": 196884.2182,
        "proj_y": 2419299.5006
      }
    },
    {
      "type": "Feature",
      "geometry": {
        "type": "Point",
        "coordinates": [
          84.0675636,
          21.8518962
        ]
      },
      "properties": {
        "status": "dead",
        "confidence": 1.0,
        "proj_x": 196901.8346,
        "proj_y": 2419322.8181
      }
    },
    {
      "type": "Feature",
      "geometry": {
        "type": "Point",
        "coordinates": [
          84.0672144,
          21.8513459
        ]
      },
      "properties": {
        "status": "dead",
        "confidence": 1.0,
        "proj_x": 196864.5473,
        "proj_y": 2419262.5471
      }
    },
    {
      "type": "Feature",
      "geometry": {
        "type": "Point",
        "coordinates": [
          84.0673038,
          21.8516848
        ]
      },
      "properties": {
        "status": "dead",
        "confidence": 0.9994,
        "proj_x": 196874.5111,
        "proj_y": 2419299.9115
      }
    },
    {
      "type": "Feature",
      "geometry": {
        "type": "Point",
        "coordinates": [
          84.0673722,
          21.8518589
        ]
      },
      "properties": {
        "status": "dead",
        "confidence": 0.9963,
        "proj_x": 196881.9583,
        "proj_y": 2419319.0688
      }
    },
    {
      "type": "Feature",
      "geometry": {
        "type": "Point",
        "coordinates": [
          84.0671303,
          21.8515491
        ]
      },
      "properties": {
        "status": "dead",
        "confidence": 0.9969,
        "proj_x": 196856.2783,
        "proj_y": 2419285.2225
      }
    },
    {
      "type": "Feature",
      "geometry": {
        "type": "Point",
        "coordinates": [
          84.067268,
          21.8513077
        ]
      },
      "properties": {
        "status": "dead",
        "confidence": 1.0,
        "proj_x": 196870.0171,
        "proj_y": 2419258.2072
      }
    },
    {
      "type": "Feature",
      "geometry": {
        "type": "Point",
        "coordinates": [
          84.0671846,
          21.8514896
        ]
      },
      "properties": {
        "status": "dead",
        "confidence": 1.0,
        "proj_x": 196861.7738,
        "proj_y": 2419278.5201
      }
    },
    {
      "type": "Feature",
      "geometry": {
        "type": "Point",
        "coordinates": [
          84.0675614,
          21.8519719
        ]
      },
      "properties": {
        "status": "dead",
        "confidence": 1.0,
        "proj_x": 196901.7576,
        "proj_y": 2419331.2154
      }
    },
    {
      "type": "Feature",
      "geometry": {
        "type": "Point",
        "coordinates": [
          84.0670757,
          21.8518267
        ]
      },
      "properties": {
        "status": "dead",
        "confidence": 1.0,
        "proj_x": 196851.2193,
        "proj_y": 2419316.0899
      }
    },
    {
      "type": "Feature",
      "geometry": {
        "type": "Point",
        "coordinates": [
          84.0673207,
          21.8515495
        ]
      },
      "properties": {
        "status": "dead",
        "confidence": 1.0,
        "proj_x": 196875.9749,
        "proj_y": 2419284.8887
      }
    },
    {
      "type": "Feature",
      "geometry": {
        "type": "Point",
        "coordinates": [
          84.0673461,
          21.8516793
        ]
      },
      "properties": {
        "status": "dead",
        "confidence": 0.9998,
        "proj_x": 196878.8767,
        "proj_y": 2419299.2181
      }
    },
    {
      "type": "Feature",
      "geometry": {
        "type": "Point",
        "coordinates": [
          84.0672268,
          21.8516591
        ]
      },
      "properties": {
        "status": "dead",
        "confidence": 0.9988,
        "proj_x": 196866.499,
        "proj_y": 2419297.2151
      }
    },
    {
      "type": "Feature",
      "geometry": {
        "type": "Point",
        "coordinates": [
          84.0671216,
          21.851898
        ]
      },
      "properties": {
        "status": "no_sapling",
        "confidence": 0.972,
        "proj_x": 196856.1242,
        "proj_y": 2419323.8966
      }
    },
    {
      "type": "Feature",
      "geometry": {
        "type": "Point",
        "coordinates": [
          84.0674143,
          21.851588
        ]
      },
      "properties": {
        "status": "dead",
        "confidence": 0.9998,
        "proj_x": 196885.7333,
        "proj_y": 2419288.9718
      }
    },
    {
      "type": "Feature",
      "geometry": {
        "type": "Point",
        "coordinates": [
          84.0672601,
          21.8518407
        ]
      },
      "properties": {
        "status": "dead",
        "confidence": 1.0,
        "proj_x": 196870.3253,
        "proj_y": 2419317.2712
      }
    },
    {
      "type": "Feature",
      "geometry": {
        "type": "Point",
        "coordinates": [
          84.0676407,
          21.8513591
        ]
      },
      "properties": {
        "status": "dead",
        "confidence": 1.0,
        "proj_x": 196908.6655,
        "proj_y": 2419263.1634
      }
    },
    {
      "type": "Feature",
      "geometry": {
        "type": "Point",
        "coordinates": [
          84.0671937,
          21.8516307
        ]
      },
      "properties": {
        "status": "dead",
        "confidence": 1.0,
        "proj_x": 196863.0065,
        "proj_y": 2419294.1335
      }
    },
    {
      "type": "Feature",
      "geometry": {
        "type": "Point",
        "coordinates": [
          84.0672585,
          21.8514121
        ]
      },
      "properties": {
        "status": "dead",
        "confidence": 1.0,
        "proj_x": 196869.2467,
        "proj_y": 2419269.7889
      }
    },
    {
      "type": "Feature",
      "geometry": {
        "type": "Point",
        "coordinates": [
          84.0658206,
          21.8512421
        ]
      },
      "properties": {
        "status": "dead",
        "confidence": 1.0,
        "proj_x": 196720.1743,
        "proj_y": 2419253.7902
      }
    },
    {
      "type": "Feature",
      "geometry": {
        "type": "Point",
        "coordinates": [
          84.0659035,
          21.8506613
        ]
      },
      "properties": {
        "status": "dead",
        "confidence": 1.0,
        "proj_x": 196727.5188,
        "proj_y": 2419189.2821
      }
    },
    {
      "type": "Feature",
      "geometry": {
        "type": "Point",
        "coordinates": [
          84.0659624,
          21.85072
        ]
      },
      "properties": {
        "status": "dead",
        "confidence": 1.0,
        "proj_x": 196733.7333,
        "proj_y": 2419195.6764
      }
    },
    {
      "type": "Feature",
      "geometry": {
        "type": "Point",
        "coordinates": [
          84.0657652,
          21.8509894
        ]
      },
      "properties": {
        "status": "dead",
        "confidence": 1.0,
        "proj_x": 196713.9084,
        "proj_y": 2419225.9017
      }
    },
    {
      "type": "Feature",
      "geometry": {
        "type": "Point",
        "coordinates": [
          84.0660136,
          21.8506556
        ]
      },
      "properties": {
        "status": "dead",
        "confidence": 1.0,
        "proj_x": 196738.895,
        "proj_y": 2419188.4346
      }
    },
    {
      "type": "Feature",
      "geometry": {
        "type": "Point",
        "coordinates": [
          84.0656564,
          21.8511592
        ]
      },
      "properties": {
        "status": "dead",
        "confidence": 1.0,
        "proj_x": 196703.0201,
        "proj_y": 2419244.9306
      }
    },
    {
      "type": "Feature",
      "geometry": {
        "type": "Point",
        "coordinates": [
          84.0659473,
          21.8507026
        ]
      },
      "properties": {
        "status": "dead",
        "confidence": 1.0,
        "proj_x": 196732.1412,
        "proj_y": 2419193.7761
      }
    },
    {
      "type": "Feature",
      "geometry": {
        "type": "Point",
        "coordinates": [
          84.0654384,
          21.8508102
        ]
      },
      "properties": {
        "status": "dead",
        "confidence": 0.9989,
        "proj_x": 196679.7283,
        "proj_y": 2419206.6931
      }
    },
    {
      "type": "Feature",
      "geometry": {
        "type": "Point",
        "coordinates": [
          84.0655406,
          21.8512016
        ]
      },
      "properties": {
        "status": "dead",
        "confidence": 1.0,
        "proj_x": 196691.1302,
        "proj_y": 2419249.8612
      }
    },
    {
      "type": "Feature",
      "geometry": {
        "type": "Point",
        "coordinates": [
          84.0656322,
          21.8510695
        ]
      },
      "properties": {
        "status": "dead",
        "confidence": 1.0,
        "proj_x": 196700.3237,
        "proj_y": 2419235.0438
      }
    },
    {
      "type": "Feature",
      "geometry": {
        "type": "Point",
        "coordinates": [
          84.0660703,
          21.851135
        ]
      },
      "properties": {
        "status": "dead",
        "confidence": 1.0,
        "proj_x": 196745.7773,
        "proj_y": 2419241.4381
      }
    },
    {
      "type": "Feature",
      "geometry": {
        "type": "Point",
        "coordinates": [
          84.06544,
          21.8508512
        ]
      },
      "properties": {
        "status": "dead",
        "confidence": 0.9999,
        "proj_x": 196679.9851,
        "proj_y": 2419211.2385
      }
    },
    {
      "type": "Feature",
      "geometry": {
        "type": "Point",
        "coordinates": [
          84.0654987,
          21.851116
        ]
      },
      "properties": {
        "status": "dead",
        "confidence": 1.0,
        "proj_x": 196686.6106,
        "proj_y": 2419240.4623
      }
    },
    {
      "type": "Feature",
      "geometry": {
        "type": "Point",
        "coordinates": [
          84.0655866,
          21.8507018
        ]
      },
      "properties": {
        "status": "dead",
        "confidence": 0.9998,
        "proj_x": 196694.8282,
        "proj_y": 2419194.3924
      }
    },
    {
      "type": "Feature",
      "geometry": {
        "type": "Point",
        "coordinates": [
          84.0660505,
          21.8508679
        ]
      },
      "properties": {
        "status": "dead",
        "confidence": 1.0,
        "proj_x": 196743.1579,
        "proj_y": 2419211.8805
      }
    },
    {
      "type": "Feature",
      "geometry": {
        "type": "Point",
        "coordinates": [
          84.0661466,
          21.8510091
        ]
      },
      "properties": {
        "status": "dead",
        "confidence": 1.0,
        "proj_x": 196753.4042,
        "proj_y": 2419227.3398
      }
    },
    {
      "type": "Feature",
      "geometry": {
        "type": "Point",
        "coordinates": [
          84.0661499,
          21.8509084
        ]
      },
      "properties": {
        "status": "dead",
        "confidence": 1.0,
        "proj_x": 196753.5326,
        "proj_y": 2419216.169
      }
    },
    {
      "type": "Feature",
      "geometry": {
        "type": "Point",
        "coordinates": [
          84.0660896,
          21.8510278
        ]
      },
      "properties": {
        "status": "dead",
        "confidence": 1.0,
        "proj_x": 196747.5492,
        "proj_y": 2419229.5226
      }
    },
    {
      "type": "Feature",
      "geometry": {
        "type": "Point",
        "coordinates": [
          84.065626,
          21.851093
        ]
      },
      "properties": {
        "status": "dead",
        "confidence": 1.0,
        "proj_x": 196699.733,
        "proj_y": 2419237.6632
      }
    },
    {
      "type": "Feature",
      "geometry": {
        "type": "Point",
        "coordinates": [
          84.0656237,
          21.8511438
        ]
      },
      "properties": {
        "status": "dead",
        "confidence": 1.0,
        "proj_x": 196699.6046,
        "proj_y": 2419243.2871
      }
    },
    {
      "type": "Feature",
      "geometry": {
        "type": "Point",
        "coordinates": [
          84.06571,
          21.8508936
        ]
      },
      "properties": {
        "status": "dead",
        "confidence": 0.9995,
        "proj_x": 196708.002,
        "proj_y": 2419215.3986
      }
    },
    {
      "type": "Feature",
      "geometry": {
        "type": "Point",
        "coordinates": [
          84.0655033,
          21.850767
        ]
      },
      "properties": {
        "status": "dead",
        "confidence": 0.9736,
        "proj_x": 196686.3538,
        "proj_y": 2419201.7882
      }
    },
    {
      "type": "Feature",
      "geometry": {
        "type": "Point",
        "coordinates": [
          84.0658387,
          21.8512408
        ]
      },
      "properties": {
        "status": "dead",
        "confidence": 0.9999,
        "proj_x": 196722.0489,
        "proj_y": 2419253.6105
      }
    },
    {
      "type": "Feature",
      "geometry": {
        "type": "Point",
        "coordinates": [
          84.0656423,
          21.8511823
        ]
      },
      "properties": {
        "status": "dead",
        "confidence": 1.0,
        "proj_x": 196701.6077,
        "proj_y": 2419247.5243
      }
    },
    {
      "type": "Feature",
      "geometry": {
        "type": "Point",
        "coordinates": [
          84.0655172,
          21.8508507
        ]
      },
      "properties": {
        "status": "dead",
        "confidence": 1.0,
        "proj_x": 196687.9716,
        "proj_y": 2419211.033
      }
    },
    {
      "type": "Feature",
      "geometry": {
        "type": "Point",
        "coordinates": [
          84.0654697,
          21.8511125
        ]
      },
      "properties": {
        "status": "dead",
        "confidence": 1.0,
        "proj_x": 196683.606,
        "proj_y": 2419240.1285
      }
    },
    {
      "type": "Feature",
      "geometry": {
        "type": "Point",
        "coordinates": [
          84.0656457,
          21.8512473
        ]
      },
      "properties": {
        "status": "dead",
        "confidence": 1.0,
        "proj_x": 196702.0956,
        "proj_y": 2419254.7147
      }
    },
    {
      "type": "Feature",
      "geometry": {
        "type": "Point",
        "coordinates": [
          84.0657815,
          21.8510784
        ]
      },
      "properties": {
        "status": "dead",
        "confidence": 0.9998,
        "proj_x": 196715.783,
        "proj_y": 2419235.7372
      }
    },
    {
      "type": "Feature",
      "geometry": {
        "type": "Point",
        "coordinates": [
          84.0656034,
          21.8511928
        ]
      },
      "properties": {
        "status": "dead",
        "confidence": 0.9999,
        "proj_x": 196697.6016,
        "proj_y": 2419248.7569
      }
    },
    {
      "type": "Feature",
      "geometry": {
        "type": "Point",
        "coordinates": [
          84.0649768,
          21.8511628
        ]
      },
      "properties": {
        "status": "dead",
        "confidence": 0.9999,
        "proj_x": 196632.7339,
        "proj_y": 2419246.6769
      }
    },
    {
      "type": "Feature",
      "geometry": {
        "type": "Point",
        "coordinates": [
          84.0648887,
          21.8506629
        ]
      },
      "properties": {
        "status": "dead",
        "confidence": 0.4943,
        "proj_x": 196622.5646,
        "proj_y": 2419191.4649
      }
    },
    {
      "type": "Feature",
      "geometry": {
        "type": "Point",
        "coordinates": [
          84.0652478,
          21.8509987
        ]
      },
      "properties": {
        "status": "dead",
        "confidence": 0.9968,
        "proj_x": 196660.417,
        "proj_y": 2419227.9561
      }
    },
    {
      "type": "Feature",
      "geometry": {
        "type": "Point",
        "coordinates": [
          84.0653604,
          21.8507972
        ]
      },
      "properties": {
        "status": "dead",
        "confidence": 0.9981,
        "proj_x": 196671.6391,
        "proj_y": 2419205.4091
      }
    },
    {
      "type": "Feature",
      "geometry": {
        "type": "Point",
        "coordinates": [
          84.0651112,
          21.8510605
        ]
      },
      "properties": {
        "status": "dead",
        "confidence": 1.0,
        "proj_x": 196646.4213,
        "proj_y": 2419235.0695
      }
    },
    {
      "type": "Feature",
      "geometry": {
        "type": "Point",
        "coordinates": [
          84.0650804,
          21.8510485
        ]
      },
      "properties": {
        "status": "dead",
        "confidence": 0.9589,
        "proj_x": 196643.2113,
        "proj_y": 2419233.8112
      }
    },
    {
      "type": "Feature",
      "geometry": {
        "type": "Point",
        "coordinates": [
          84.0649133,
          21.8507317
        ]
      },
      "properties": {
        "status": "dead",
        "confidence": 0.4943,
        "proj_x": 196625.261,
        "proj_y": 2419199.0405
      }
    },
    {
      "type": "Feature",
      "geometry": {
        "type": "Point",
        "coordinates": [
          84.0650308,
          21.8511436
        ]
      },
      "properties": {
        "status": "no_sapling",
        "confidence": 0.9891,
        "proj_x": 196638.2808,
        "proj_y": 2419244.4427
      }
    },
    {
      "type": "Feature",
      "geometry": {
        "type": "Point",
        "coordinates": [
          84.0649778,
          21.8511863
        ]
      },
      "properties": {
        "status": "dead",
        "confidence": 0.9999,
        "proj_x": 196632.888,
        "proj_y": 2419249.2705
      }
    },
    {
      "type": "Feature",
      "geometry": {
        "type": "Point",
        "coordinates": [
          84.0647216,
          21.8509434
        ]
      },
      "properties": {
        "status": "dead",
        "confidence": 0.4943,
        "proj_x": 196605.8726,
        "proj_y": 2419222.8715
      }
    },
    {
      "type": "Feature",
      "geometry": {
        "type": "Point",
        "coordinates": [
          84.0648919,
          21.8508067
        ]
      },
      "properties": {
        "status": "dead",
        "confidence": 0.9848,
        "proj_x": 196623.2066,
        "proj_y": 2419207.3865
      }
    },
    {
      "type": "Feature",
      "geometry": {
        "type": "Point",
        "coordinates": [
          84.065025,
          21.8506985
        ]
      },
      "properties": {
        "status": "dead",
        "confidence": 0.4943,
        "proj_x": 196636.74,
        "proj_y": 2419195.1371
      }
    },
    {
      "type": "Feature",
      "geometry": {
        "type": "Point",
        "coordinates": [
          84.064863,
          21.8508145
        ]
      },
      "properties": {
        "status": "dead",
        "confidence": 0.9737,
        "proj_x": 196620.2277,
        "proj_y": 2419208.3109
      }
    },
    {
      "type": "Feature",
      "geometry": {
        "type": "Point",
        "coordinates": [
          84.0649189,
          21.850714
        ]
      },
      "properties": {
        "status": "dead",
        "confidence": 0.4943,
        "proj_x": 196625.8003,
        "proj_y": 2419197.0631
      }
    },
    {
      "type": "Feature",
      "geometry": {
        "type": "Point",
        "coordinates": [
          84.0649199,
          21.8507527
        ]
      },
      "properties": {
        "status": "dead",
        "confidence": 0.4943,
        "proj_x": 196625.9801,
        "proj_y": 2419201.3517
      }
    },
    {
      "type": "Feature",
      "geometry": {
        "type": "Point",
        "coordinates": [
          84.0651284,
          21.8510322
        ]
      },
      "properties": {
        "status": "dead",
        "confidence": 0.9996,
        "proj_x": 196648.1419,
        "proj_y": 2419231.9109
      }
    },
    {
      "type": "Feature",
      "geometry": {
        "type": "Point",
        "coordinates": [
          84.0652704,
          21.8509393
        ]
      },
      "properties": {
        "status": "dead",
        "confidence": 1.0,
        "proj_x": 196662.6254,
        "proj_y": 2419221.3307
      }
    },
    {
      "type": "Feature",
      "geometry": {
        "type": "Point",
        "coordinates": [
          84.0651023,
          21.8509961
        ]
      },
      "properties": {
        "status": "dead",
        "confidence": 0.9999,
        "proj_x": 196645.3685,
        "proj_y": 2419227.9561
      }
    },
    {
      "type": "Feature",
      "geometry": {
        "type": "Point",
        "coordinates": [
          84.0651085,
          21.8510365
        ]
      },
      "properties": {
        "status": "dead",
        "confidence": 1.0,
        "proj_x": 196646.0875,
        "proj_y": 2419232.4245
      }
    },
    {
      "type": "Feature",
      "geometry": {
        "type": "Point",
        "coordinates": [
          84.0649312,
          21.8506741
        ]
      },
      "properties": {
        "status": "dead",
        "confidence": 0.4943,
        "proj_x": 196626.9816,
        "proj_y": 2419192.6205
      }
    },
    {
      "type": "Feature",
      "geometry": {
        "type": "Point",
        "coordinates": [
          84.0652241,
          21.8509317
        ]
      },
      "properties": {
        "status": "dead",
        "confidence": 0.6635,
        "proj_x": 196657.8233,
        "proj_y": 2419220.586
      }
    },
    {
      "type": "Feature",
      "geometry": {
        "type": "Point",
        "coordinates": [
          84.064833,
          21.850581
        ]
      },
      "properties": {
        "status": "dead",
        "confidence": 0.4943,
        "proj_x": 196616.6326,
        "proj_y": 2419182.5025
      }
    },
    {
      "type": "Feature",
      "geometry": {
        "type": "Point",
        "coordinates": [
          84.0653074,
          21.851032
        ]
      },
      "properties": {
        "status": "dead",
        "confidence": 1.0,
        "proj_x": 196666.6572,
        "proj_y": 2419231.5257
      }
    },
    {
      "type": "Feature",
      "geometry": {
        "type": "Point",
        "coordinates": [
          84.0653438,
          21.8509065
        ]
      },
      "properties": {
        "status": "dead",
        "confidence": 0.7675,
        "proj_x": 196670.1497,
        "proj_y": 2419217.5557
      }
    },
    {
      "type": "Feature",
      "geometry": {
        "type": "Point",
        "coordinates": [
          84.0651481,
          21.850627
        ]
      },
      "properties": {
        "status": "dead",
        "confidence": 0.4943,
        "proj_x": 196649.3232,
        "proj_y": 2419186.9709
      }
    },
    {
      "type": "Feature",
      "geometry": {
        "type": "Point",
        "coordinates": [
          84.0651491,
          21.8511267
        ]
      },
      "properties": {
        "status": "dead",
        "confidence": 0.9999,
        "proj_x": 196650.4788,
        "proj_y": 2419242.3369
      }
    },
    {
      "type": "Feature",
      "geometry": {
        "type": "Point",
        "coordinates": [
          84.0652712,
          21.8510415
        ]
      },
      "properties": {
        "status": "dead",
        "confidence": 1.0,
        "proj_x": 196662.9336,
        "proj_y": 2419232.6556
      }
    },
    {
      "type": "Feature",
      "geometry": {
        "type": "Point",
        "coordinates": [
          84.0649666,
          21.8507844
        ]
      },
      "properties": {
        "status": "dead",
        "confidence": 0.996,
        "proj_x": 196630.885,
        "proj_y": 2419204.7671
      }
    },
    {
      "type": "Feature",
      "geometry": {
        "type": "Point",
        "coordinates": [
          84.0652839,
          21.8512376
        ]
      },
      "properties": {
        "status": "dead",
        "confidence": 0.9999,
        "proj_x": 196664.6542,
        "proj_y": 2419254.3552
      }
    },
    {
      "type": "Feature",
      "geometry": {
        "type": "Point",
        "coordinates": [
          84.0653881,
          21.8508644
        ]
      },
      "properties": {
        "status": "dead",
        "confidence": 0.9981,
        "proj_x": 196674.6437,
        "proj_y": 2419212.8049
      }
    },
    {
      "type": "Feature",
      "geometry": {
        "type": "Point",
        "coordinates": [
          84.0652535,
          21.851215
        ]
      },
      "properties": {
        "status": "dead",
        "confidence": 0.9992,
        "proj_x": 196661.4698,
        "proj_y": 2419251.9156
      }
    },
    {
      "type": "Feature",
      "geometry": {
        "type": "Point",
        "coordinates": [
          84.0666092,
          21.8507065
        ]
      },
      "properties": {
        "status": "dead",
        "confidence": 1.0,
        "proj_x": 196800.6041,
        "proj_y": 2419192.9029
      }
    },
    {
      "type": "Feature",
      "geometry": {
        "type": "Point",
        "coordinates": [
          84.0665803,
          21.8506003
        ]
      },
      "properties": {
        "status": "dead",
        "confidence": 1.0,
        "proj_x": 196797.3941,
        "proj_y": 2419181.1929
      }
    },
    {
      "type": "Feature",
      "geometry": {
        "type": "Point",
        "coordinates": [
          84.0665926,
          21.8507507
        ]
      },
      "properties": {
        "status": "dead",
        "confidence": 1.0,
        "proj_x": 196798.9862,
        "proj_y": 2419197.8335
      }
    },
    {
      "type": "Feature",
      "geometry": {
        "type": "Point",
        "coordinates": [
          84.0668908,
          21.8510812
        ]
      },
      "properties": {
        "status": "dead",
        "confidence": 1.0,
        "proj_x": 196830.5213,
        "proj_y": 2419233.8625
      }
    },
    {
      "type": "Feature",
      "geometry": {
        "type": "Point",
        "coordinates": [
          84.0663626,
          21.8506977
        ]
      },
      "properties": {
        "status": "dead",
        "confidence": 0.6465,
        "proj_x": 196775.0782,
        "proj_y": 2419192.415
      }
    },
    {
      "type": "Feature",
      "geometry": {
        "type": "Point",
        "coordinates": [
          84.0665124,
          21.8508988
        ]
      },
      "properties": {
        "status": "dead",
        "confidence": 1.0,
        "proj_x": 196790.9998,
        "proj_y": 2419214.3971
      }
    },
    {
      "type": "Feature",
      "geometry": {
        "type": "Point",
        "coordinates": [
          84.0667649,
          21.8510459
        ]
      },
      "properties": {
        "status": "dead",
        "confidence": 1.0,
        "proj_x": 196817.4245,
        "proj_y": 2419230.1903
      }
    },
    {
      "type": "Feature",
      "geometry": {
        "type": "Point",
        "coordinates": [
          84.0664558,
          21.8505946
        ]
      },
      "properties": {
        "status": "no_sapling",
        "confidence": 0.8117,
        "proj_x": 196784.5027,
        "proj_y": 2419180.8077
      }
    },
    {
      "type": "Feature",
      "geometry": {
        "type": "Point",
        "coordinates": [
          84.0667845,
          21.8511429
        ]
      },
      "properties": {
        "status": "dead",
        "confidence": 0.9999,
        "proj_x": 196819.6586,
        "proj_y": 2419240.8989
      }
    },
    {
      "type": "Feature",
      "geometry": {
        "type": "Point",
        "coordinates": [
          84.0663251,
          21.8508431
        ]
      },
      "properties": {
        "status": "dead",
        "confidence": 1.0,
        "proj_x": 196771.5086,
        "proj_y": 2419208.5934
      }
    },
    {
      "type": "Feature",
      "geometry": {
        "type": "Point",
        "coordinates": [
          84.0663335,
          21.8507366
        ]
      },
      "properties": {
        "status": "dead",
        "confidence": 1.0,
        "proj_x": 196772.1506,
        "proj_y": 2419196.7806
      }
    },
    {
      "type": "Feature",
      "geometry": {
        "type": "Point",
        "coordinates": [
          84.0667789,
          21.8507473
        ]
      },
      "properties": {
        "status": "dead",
        "confidence": 1.0,
        "proj_x": 196818.2462,
        "proj_y": 2419197.0888
      }
    },
    {
      "type": "Feature",
      "geometry": {
        "type": "Point",
        "coordinates": [
          84.0668412,
          21.8507262
        ]
      },
      "properties": {
        "status": "dead",
        "confidence": 1.0,
        "proj_x": 196824.6406,
        "proj_y": 2419194.6235
      }
    },
    {
      "type": "Feature",
      "geometry": {
        "type": "Point",
        "coordinates": [
          84.0665824,
          21.8506685
        ]
      },
      "properties": {
        "status": "dead",
        "confidence": 1.0,
        "proj_x": 196797.7536,
        "proj_y": 2419188.7428
      }
    },
    {
      "type": "Feature",
      "geometry": {
        "type": "Point",
        "coordinates": [
          84.0667235,
          21.8505822
        ]
      },
      "properties": {
        "status": "dead",
        "confidence": 1.0,
        "proj_x": 196812.1601,
        "proj_y": 2419178.9073
      }
    },
    {
      "type": "Feature",
      "geometry": {
        "type": "Point",
        "coordinates": [
          84.0661907,
          21.850933
        ]
      },
      "properties": {
        "status": "dead",
        "confidence": 1.0,
        "proj_x": 196757.7955,
        "proj_y": 2419218.8141
      }
    },
    {
      "type": "Feature",
      "geometry": {
        "type": "Point",
        "coordinates": [
          84.0664251,
          21.8506847
        ]
      },
      "properties": {
        "status": "dead",
        "confidence": 1.0,
        "proj_x": 196781.5238,
        "proj_y": 2419190.8485
      }
    },
    {
      "type": "Feature",
      "geometry": {
        "type": "Point",
        "coordinates": [
          84.0665475,
          21.8506635
        ]
      },
      "properties": {
        "status": "dead",
        "confidence": 0.9943,
        "proj_x": 196794.1327,
        "proj_y": 2419188.2549
      }
    },
    {
      "type": "Feature",
      "geometry": {
        "type": "Point",
        "coordinates": [
          84.066734,
          21.8508821
        ]
      },
      "properties": {
        "status": "dead",
        "confidence": 1.0,
        "proj_x": 196813.8806,
        "proj_y": 2419212.1116
      }
    },
    {
      "type": "Feature",
      "geometry": {
        "type": "Point",
        "coordinates": [
          84.0667325,
          21.8511718
        ]
      },
      "properties": {
        "status": "dead",
        "confidence": 1.0,
        "proj_x": 196814.3429,
        "proj_y": 2419244.2116
      }
    },
    {
      "type": "Feature",
      "geometry": {
        "type": "Point",
        "coordinates": [
          84.0666852,
          21.8507158
        ]
      },
      "properties": {
        "status": "dead",
        "confidence": 0.9981,
        "proj_x": 196808.4878,
        "proj_y": 2419193.7761
      }
    },
    {
      "type": "Feature",
      "geometry": {
        "type": "Point",
        "coordinates": [
          84.066524,
          21.850842
        ]
      },
      "properties": {
        "status": "dead",
        "confidence": 0.9998,
        "proj_x": 196792.0783,
        "proj_y": 2419208.0798
      }
    },
    {
      "type": "Feature",
      "geometry": {
        "type": "Point",
        "coordinates": [
          84.066437,
          21.850846
        ]
      },
      "properties": {
        "status": "dead",
        "confidence": 1.0,
        "proj_x": 196783.0903,
        "proj_y": 2419208.6961
      }
    },
    {
      "type": "Feature",
      "geometry": {
        "type": "Point",
        "coordinates": [
          84.0664465,
          21.8506118
        ]
      },
      "properties": {
        "status": "no_sapling",
        "confidence": 0.9394,
        "proj_x": 196783.5782,
        "proj_y": 2419182.7337
      }
    },
    {
      "type": "Feature",
      "geometry": {
        "type": "Point",
        "coordinates": [
          84.0665205,
          21.8506982
        ]
      },
      "properties": {
        "status": "dead",
        "confidence": 1.0,
        "proj_x": 196791.4106,
        "proj_y": 2419192.1582
      }
    },
    {
      "type": "Feature",
      "geometry": {
        "type": "Point",
        "coordinates": [
          84.0662156,
          21.8509494
        ]
      },
      "properties": {
        "status": "dead",
        "confidence": 1.0,
        "proj_x": 196760.4149,
        "proj_y": 2419220.586
      }
    },
    {
      "type": "Feature",
      "geometry": {
        "type": "Point",
        "coordinates": [
          84.0666463,
          21.8512586
        ]
      },
      "properties": {
        "status": "dead",
        "confidence": 0.9979,
        "proj_x": 196805.6117,
        "proj_y": 2419253.9957
      }
    },
    {
      "type": "Feature",
      "geometry": {
        "type": "Point",
        "coordinates": [
          84.0662999,
          21.8507499
        ]
      },
      "properties": {
        "status": "dead",
        "confidence": 0.9999,
        "proj_x": 196768.7095,
        "proj_y": 2419198.3214
      }
    },
    {
      "type": "Feature",
      "geometry": {
        "type": "Point",
        "coordinates": [
          84.0667534,
          21.8512058
        ]
      },
      "properties": {
        "status": "dead",
        "confidence": 1.0,
        "proj_x": 196816.577,
        "proj_y": 2419247.9352
      }
    },
    {
      "type": "Feature",
      "geometry": {
        "type": "Point",
        "coordinates": [
          84.0665792,
          21.8506527
        ]
      },
      "properties": {
        "status": "no_sapling",
        "confidence": 0.6541,
        "proj_x": 196797.3941,
        "proj_y": 2419186.9965
      }
    },
    {
      "type": "Feature",
      "geometry": {
        "type": "Point",
        "coordinates": [
          84.0665056,
          21.8509163
        ]
      },
      "properties": {
        "status": "dead",
        "confidence": 1.0,
        "proj_x": 196790.3321,
        "proj_y": 2419216.3488
      }
    },
    {
      "type": "Feature",
      "geometry": {
        "type": "Point",
        "coordinates": [
          84.0668204,
          21.8510524
        ]
      },
      "properties": {
        "status": "dead",
        "confidence": 1.0,
        "proj_x": 196823.1768,
        "proj_y": 2419230.8066
      }
    },
    {
      "type": "Feature",
      "geometry": {
        "type": "Point",
        "coordinates": [
          84.0667057,
          21.8510485
        ]
      },
      "properties": {
        "status": "dead",
        "confidence": 1.0,
        "proj_x": 196811.3126,
        "proj_y": 2419230.6012
      }
    },
    {
      "type": "Feature",
      "geometry": {
        "type": "Point",
        "coordinates": [
          84.0666366,
          21.8506182
        ]
      },
      "properties": {
        "status": "dead",
        "confidence": 0.9999,
        "proj_x": 196803.2491,
        "proj_y": 2419183.0675
      }
    },
    {
      "type": "Feature",
      "geometry": {
        "type": "Point",
        "coordinates": [
          84.0662957,
          21.8507874
        ]
      },
      "properties": {
        "status": "dead",
        "confidence": 1.0,
        "proj_x": 196768.35,
        "proj_y": 2419202.4816
      }
    },
    {
      "type": "Feature",
      "geometry": {
        "type": "Point",
        "coordinates": [
          84.0665472,
          21.8512005
        ]
      },
      "properties": {
        "status": "dead",
        "confidence": 0.9996,
        "proj_x": 196795.2369,
        "proj_y": 2419247.7554
      }
    },
    {
      "type": "Feature",
      "geometry": {
        "type": "Point",
        "coordinates": [
          84.066492,
          21.8510197
        ]
      },
      "properties": {
        "status": "dead",
        "confidence": 1.0,
        "proj_x": 196789.1508,
        "proj_y": 2419227.8277
      }
    },
    {
      "type": "Feature",
      "geometry": {
        "type": "Point",
        "coordinates": [
          84.0664783,
          21.8506604
        ]
      },
      "properties": {
        "status": "dead",
        "confidence": 1.0,
        "proj_x": 196786.968,
        "proj_y": 2419188.0494
      }
    },
    {
      "type": "Feature",
      "geometry": {
        "type": "Point",
        "coordinates": [
          84.066778,
          21.850586
        ]
      },
      "properties": {
        "status": "dead",
        "confidence": 1.0,
        "proj_x": 196817.8097,
        "proj_y": 2419179.2155
      }
    },
    {
      "type": "Feature",
      "geometry": {
        "type": "Point",
        "coordinates": [
          84.0668339,
          21.8507924
        ]
      },
      "properties": {
        "status": "dead",
        "confidence": 1.0,
        "proj_x": 196824.0242,
        "proj_y": 2419201.968
      }
    },
    {
      "type": "Feature",
      "geometry": {
        "type": "Point",
        "coordinates": [
          84.0665097,
          21.8512022
        ]
      },
      "properties": {
        "status": "dead",
        "confidence": 1.0,
        "proj_x": 196791.3593,
        "proj_y": 2419248.0122
      }
    },
    {
      "type": "Feature",
      "geometry": {
        "type": "Point",
        "coordinates": [
          84.0663577,
          21.8507398
        ]
      },
      "properties": {
        "status": "dead",
        "confidence": 1.0,
        "proj_x": 196774.6673,
        "proj_y": 2419197.0888
      }
    },
    {
      "type": "Feature",
      "geometry": {
        "type": "Point",
        "coordinates": [
          84.0664766,
          21.8510463
        ]
      },
      "properties": {
        "status": "dead",
        "confidence": 1.0,
        "proj_x": 196787.61,
        "proj_y": 2419230.8066
      }
    },
    {
      "type": "Feature",
      "geometry": {
        "type": "Point",
        "coordinates": [
          84.066512,
          21.8511343
        ]
      },
      "properties": {
        "status": "dead",
        "confidence": 1.0,
        "proj_x": 196791.462,
        "proj_y": 2419240.488
      }
    },
    {
      "type": "Feature",
      "geometry": {
        "type": "Point",
        "coordinates": [
          84.0665177,
          21.8508825
        ]
      },
      "properties": {
        "status": "dead",
        "confidence": 1.0,
        "proj_x": 196791.5133,
        "proj_y": 2419212.5738
      }
    },
    {
      "type": "Feature",
      "geometry": {
        "type": "Point",
        "coordinates": [
          84.0667235,
          21.8506022
        ]
      },
      "properties": {
        "status": "dead",
        "confidence": 1.0,
        "proj_x": 196812.2114,
        "proj_y": 2419181.1158
      }
    },
    {
      "type": "Feature",
      "geometry": {
        "type": "Point",
        "coordinates": [
          84.0666617,
          21.8508591
        ]
      },
      "properties": {
        "status": "dead",
        "confidence": 1.0,
        "proj_x": 196806.3564,
        "proj_y": 2419209.6977
      }
    },
    {
      "type": "Feature",
      "geometry": {
        "type": "Point",
        "coordinates": [
          84.0666024,
          21.8510743
        ]
      },
      "properties": {
        "status": "dead",
        "confidence": 0.9999,
        "proj_x": 196800.6811,
        "proj_y": 2419233.6571
      }
    },
    {
      "type": "Feature",
      "geometry": {
        "type": "Point",
        "coordinates": [
          84.0668089,
          21.8507015
        ]
      },
      "properties": {
        "status": "dead",
        "confidence": 1.0,
        "proj_x": 196821.2508,
        "proj_y": 2419191.9528
      }
    },
    {
      "type": "Feature",
      "geometry": {
        "type": "Point",
        "coordinates": [
          84.0666978,
          21.8506117
        ]
      },
      "properties": {
        "status": "dead",
        "confidence": 1.0,
        "proj_x": 196809.5664,
        "proj_y": 2419182.2201
      }
    },
    {
      "type": "Feature",
      "geometry": {
        "type": "Point",
        "coordinates": [
          84.0661705,
          21.8509345
        ]
      },
      "properties": {
        "status": "dead",
        "confidence": 1.0,
        "proj_x": 196755.7154,
        "proj_y": 2419219.0195
      }
    },
    {
      "type": "Feature",
      "geometry": {
        "type": "Point",
        "coordinates": [
          84.0666611,
          21.8509103
        ]
      },
      "properties": {
        "status": "dead",
        "confidence": 1.0,
        "proj_x": 196806.4078,
        "proj_y": 2419215.3729
      }
    },
    {
      "type": "Feature",
      "geometry": {
        "type": "Point",
        "coordinates": [
          84.066208,
          21.8511757
        ]
      },
      "properties": {
        "status": "dead",
        "confidence": 1.0,
        "proj_x": 196760.1067,
        "proj_y": 2419245.6753
      }
    },
    {
      "type": "Feature",
      "geometry": {
        "type": "Point",
        "coordinates": [
          84.0663714,
          21.8512621
        ]
      },
      "properties": {
        "status": "dead",
        "confidence": 1.0,
        "proj_x": 196777.1839,
        "proj_y": 2419254.9201
      }
    },
    {
      "type": "Feature",
      "geometry": {
        "type": "Point",
        "coordinates": [
          84.0664808,
          21.8506841
        ]
      },
      "properties": {
        "status": "dead",
        "confidence": 1.0,
        "proj_x": 196787.2761,
        "proj_y": 2419190.6688
      }
    },
    {
      "type": "Feature",
      "geometry": {
        "type": "Point",
        "coordinates": [
          84.0665859,
          21.8509094
        ]
      },
      "properties": {
        "status": "dead",
        "confidence": 1.0,
        "proj_x": 196798.6267,
        "proj_y": 2419215.4243
      }
    },
    {
      "type": "Feature",
      "geometry": {
        "type": "Point",
        "coordinates": [
          84.0675416,
          21.8512755
        ]
      },
      "properties": {
        "status": "dead",
        "confidence": 1.0,
        "proj_x": 196898.2394,
        "proj_y": 2419254.0984
      }
    },
    {
      "type": "Feature",
      "geometry": {
        "type": "Point",
        "coordinates": [
          84.066957,
          21.8507832
        ]
      },
      "properties": {
        "status": "dead",
        "confidence": 1.0,
        "proj_x": 196836.7358,
        "proj_y": 2419200.7097
      }
    },
    {
      "type": "Feature",
      "geometry": {
        "type": "Point",
        "coordinates": [
          84.0672755,
          21.85059
        ]
      },
      "properties": {
        "status": "dead",
        "confidence": 0.9999,
        "proj_x": 196869.2724,
        "proj_y": 2419178.6762
      }
    },
    {
      "type": "Feature",
      "geometry": {
        "type": "Point",
        "coordinates": [
          84.0673021,
          21.8507826
        ]
      },
      "properties": {
        "status": "dead",
        "confidence": 0.9983,
        "proj_x": 196872.431,
        "proj_y": 2419199.9649
      }
    },
    {
      "type": "Feature",
      "geometry": {
        "type": "Point",
        "coordinates": [
          84.06758,
          21.851021
        ]
      },
      "properties": {
        "status": "dead",
        "confidence": 0.9999,
        "proj_x": 196901.6805,
        "proj_y": 2419225.8247
      }
    },
    {
      "type": "Feature",
      "geometry": {
        "type": "Point",
        "coordinates": [
          84.0676334,
          21.8511081
        ]
      },
      "properties": {
        "status": "dead",
        "confidence": 1.0,
        "proj_x": 196907.3815,
        "proj_y": 2419235.3777
      }
    },
    {
      "type": "Feature",
      "geometry": {
        "type": "Point",
        "coordinates": [
          84.067631,
          21.8512367
        ]
      },
      "properties": {
        "status": "dead",
        "confidence": 0.5467,
        "proj_x": 196907.4072,
        "proj_y": 2419249.6301
      }
    },
    {
      "type": "Feature",
      "geometry": {
        "type": "Point",
        "coordinates": [
          84.0673807,
          21.8512599
        ]
      },
      "properties": {
        "status": "dead",
        "confidence": 1.0,
        "proj_x": 196881.5731,
        "proj_y": 2419252.686
      }
    },
    {
      "type": "Feature",
      "geometry": {
        "type": "Point",
        "coordinates": [
          84.0674076,
          21.8507479
        ]
      },
      "properties": {
        "status": "dead",
        "confidence": 1.0,
        "proj_x": 196883.268,
        "proj_y": 2419195.9075
      }
    },
    {
      "type": "Feature",
      "geometry": {
        "type": "Point",
        "coordinates": [
          84.0673024,
          21.8512805
        ]
      },
      "properties": {
        "status": "dead",
        "confidence": 1.0,
        "proj_x": 196873.5096,
        "proj_y": 2419255.1256
      }
    },
    {
      "type": "Feature",
      "geometry": {
        "type": "Point",
        "coordinates": [
          84.0675528,
          21.8510634
        ]
      },
      "properties": {
        "status": "dead",
        "confidence": 1.0,
        "proj_x": 196898.9585,
        "proj_y": 2419230.5755
      }
    },
    {
      "type": "Feature",
      "geometry": {
        "type": "Point",
        "coordinates": [
          84.0671862,
          21.8510944
        ]
      },
      "properties": {
        "status": "dead",
        "confidence": 0.9999,
        "proj_x": 196861.1062,
        "proj_y": 2419234.7357
      }
    },
    {
      "type": "Feature",
      "geometry": {
        "type": "Point",
        "coordinates": [
          84.0673536,
          21.8512497
        ]
      },
      "properties": {
        "status": "dead",
        "confidence": 0.9999,
        "proj_x": 196878.7483,
        "proj_y": 2419251.6074
      }
    },
    {
      "type": "Feature",
      "geometry": {
        "type": "Point",
        "coordinates": [
          84.0674364,
          21.8512692
        ]
      },
      "properties": {
        "status": "dead",
        "confidence": 0.9999,
        "proj_x": 196887.3511,
        "proj_y": 2419253.6105
      }
    },
    {
      "type": "Feature",
      "geometry": {
        "type": "Point",
        "coordinates": [
          84.0671793,
          21.8507062
        ]
      },
      "properties": {
        "status": "dead",
        "confidence": 1.0,
        "proj_x": 196859.5653,
        "proj_y": 2419191.7473
      }
    },
    {
      "type": "Feature",
      "geometry": {
        "type": "Point",
        "coordinates": [
          84.0676247,
          21.8510347
        ]
      },
      "properties": {
        "status": "dead",
        "confidence": 0.9999,
        "proj_x": 196906.3286,
        "proj_y": 2419227.2628
      }
    },
    {
      "type": "Feature",
      "geometry": {
        "type": "Point",
        "coordinates": [
          84.067644,
          21.8506352
        ]
      },
      "properties": {
        "status": "dead",
        "confidence": 0.9999,
        "proj_x": 196907.4842,
        "proj_y": 2419182.9648
      }
    },
    {
      "type": "Feature",
      "geometry": {
        "type": "Point",
        "coordinates": [
          84.0669329,
          21.8508801
        ]
      },
      "properties": {
        "status": "dead",
        "confidence": 0.9998,
        "proj_x": 196834.4503,
        "proj_y": 2419211.4953
      }
    },
    {
      "type": "Feature",
      "geometry": {
        "type": "Point",
        "coordinates": [
          84.0676067,
          21.8512236
        ]
      },
      "properties": {
        "status": "dead",
        "confidence": 0.9968,
        "proj_x": 196904.8649,
        "proj_y": 2419248.2177
      }
    },
    {
      "type": "Feature",
      "geometry": {
        "type": "Point",
        "coordinates": [
          84.0672948,
          21.8507148
        ]
      },
      "properties": {
        "status": "dead",
        "confidence": 0.9974,
        "proj_x": 196871.5322,
        "proj_y": 2419192.4664
      }
    },
    {
      "type": "Feature",
      "geometry": {
        "type": "Point",
        "coordinates": [
          84.0671766,
          21.8510548
        ]
      },
      "properties": {
        "status": "dead",
        "confidence": 1.0,
        "proj_x": 196860.0276,
        "proj_y": 2419230.3701
      }
    },
    {
      "type": "Feature",
      "geometry": {
        "type": "Point",
        "coordinates": [
          84.0672381,
          21.8506969
        ]
      },
      "properties": {
        "status": "dead",
        "confidence": 1.0,
        "proj_x": 196865.6258,
        "proj_y": 2419190.5917
      }
    },
    {
      "type": "Feature",
      "geometry": {
        "type": "Point",
        "coordinates": [
          84.0673983,
          21.8509739
        ]
      },
      "properties": {
        "status": "dead",
        "confidence": 1.0,
        "proj_x": 196882.7801,
        "proj_y": 2419220.9712
      }
    },
    {
      "type": "Feature",
      "geometry": {
        "type": "Point",
        "coordinates": [
          84.0676156,
          21.8507754
        ]
      },
      "properties": {
        "status": "dead",
        "confidence": 1.0,
        "proj_x": 196904.8392,
        "proj_y": 2419198.5525
      }
    },
    {
      "type": "Feature",
      "geometry": {
        "type": "Point",
        "coordinates": [
          84.0669397,
          21.8512416
        ]
      },
      "properties": {
        "status": "dead",
        "confidence": 1.0,
        "proj_x": 196835.9141,
        "proj_y": 2419251.5304
      }
    },
    {
      "type": "Feature",
      "geometry": {
        "type": "Point",
        "coordinates": [
          84.0675923,
          21.8508105
        ]
      },
      "properties": {
        "status": "dead",
        "confidence": 0.9996,
        "proj_x": 196902.5023,
        "proj_y": 2419202.4816
      }
    },
    {
      "type": "Feature",
      "geometry": {
        "type": "Point",
        "coordinates": [
          84.0673672,
          21.8512049
        ]
      },
      "properties": {
        "status": "dead",
        "confidence": 0.998,
        "proj_x": 196880.058,
        "proj_y": 2419246.6255
      }
    },
    {
      "type": "Feature",
      "geometry": {
        "type": "Point",
        "coordinates": [
          84.0676652,
          21.8506219
        ]
      },
      "properties": {
        "status": "dead",
        "confidence": 0.9997,
        "proj_x": 196909.6413,
        "proj_y": 2419181.4497
      }
    },
    {
      "type": "Feature",
      "geometry": {
        "type": "Point",
        "coordinates": [
          84.0672744,
          21.8508262
        ]
      },
      "properties": {
        "status": "dead",
        "confidence": 0.9999,
        "proj_x": 196869.6576,
        "proj_y": 2419204.8441
      }
    },
    {
      "type": "Feature",
      "geometry": {
        "type": "Point",
        "coordinates": [
          84.0676398,
          21.8512796
        ]
      },
      "properties": {
        "status": "dead",
        "confidence": 0.9981,
        "proj_x": 196908.4087,
        "proj_y": 2419254.3552
      }
    },
    {
      "type": "Feature",
      "geometry": {
        "type": "Point",
        "coordinates": [
          84.0674506,
          21.851282
        ]
      },
      "properties": {
        "status": "dead",
        "confidence": 1.0,
        "proj_x": 196888.8405,
        "proj_y": 2419254.9972
      }
    },
    {
      "type": "Feature",
      "geometry": {
        "type": "Point",
        "coordinates": [
          84.0671492,
          21.8508643
        ]
      },
      "properties": {
        "status": "dead",
        "confidence": 0.9999,
        "proj_x": 196856.7919,
        "proj_y": 2419209.3125
      }
    },
    {
      "type": "Feature",
      "geometry": {
        "type": "Point",
        "coordinates": [
          84.0669255,
          21.8508649
        ]
      },
      "properties": {
        "status": "dead",
        "confidence": 1.0,
        "proj_x": 196833.6542,
        "proj_y": 2419209.8261
      }
    },
    {
      "type": "Feature",
      "geometry": {
        "type": "Point",
        "coordinates": [
          84.0676239,
          21.8507311
        ]
      },
      "properties": {
        "status": "dead",
        "confidence": 0.9998,
        "proj_x": 196905.6096,
        "proj_y": 2419193.622
      }
    },
    {
      "type": "Feature",
      "geometry": {
        "type": "Point",
        "coordinates": [
          84.067632,
          21.8506791
        ]
      },
      "properties": {
        "status": "dead",
        "confidence": 1.0,
        "proj_x": 196906.3286,
        "proj_y": 2419187.844
      }
    },
    {
      "type": "Feature",
      "geometry": {
        "type": "Point",
        "coordinates": [
          84.0674763,
          21.8508856
        ]
      },
      "properties": {
        "status": "dead",
        "confidence": 1.0,
        "proj_x": 196890.6638,
        "proj_y": 2419211.033
      }
    },
    {
      "type": "Feature",
      "geometry": {
        "type": "Point",
        "coordinates": [
          84.0673665,
          21.8510091
        ]
      },
      "properties": {
        "status": "dead",
        "confidence": 0.9999,
        "proj_x": 196879.5701,
        "proj_y": 2419224.9259
      }
    },
    {
      "type": "Feature",
      "geometry": {
        "type": "Point",
        "coordinates": [
          84.0671255,
          21.8508821
        ]
      },
      "properties": {
        "status": "dead",
        "confidence": 1.0,
        "proj_x": 196854.378,
        "proj_y": 2419211.3412
      }
    },
    {
      "type": "Feature",
      "geometry": {
        "type": "Point",
        "coordinates": [
          84.0674064,
          21.8512086
        ]
      },
      "properties": {
        "status": "dead",
        "confidence": 1.0,
        "proj_x": 196884.1154,
        "proj_y": 2419246.9593
      }
    },
    {
      "type": "Feature",
      "geometry": {
        "type": "Point",
        "coordinates": [
          84.0674434,
          21.8511212
        ]
      },
      "properties": {
        "status": "dead",
        "confidence": 1.0,
        "proj_x": 196887.762,
        "proj_y": 2419237.2009
      }
    },
    {
      "type": "Feature",
      "geometry": {
        "type": "Point",
        "coordinates": [
          84.0674722,
          21.8508056
        ]
      },
      "properties": {
        "status": "dead",
        "confidence": 0.9998,
        "proj_x": 196890.0732,
        "proj_y": 2419202.1734
      }
    },
    {
      "type": "Feature",
      "geometry": {
        "type": "Point",
        "coordinates": [
          84.067385,
          21.8507716
        ]
      },
      "properties": {
        "status": "dead",
        "confidence": 0.9989,
        "proj_x": 196880.9825,
        "proj_y": 2419198.5782
      }
    },
    {
      "type": "Feature",
      "geometry": {
        "type": "Point",
        "coordinates": [
          84.0676275,
          21.8509233
        ]
      },
      "properties": {
        "status": "dead",
        "confidence": 1.0,
        "proj_x": 196906.38,
        "proj_y": 2419214.9107
      }
    },
    {
      "type": "Feature",
      "geometry": {
        "type": "Point",
        "coordinates": [
          84.0675842,
          21.850621
        ]
      },
      "properties": {
        "status": "dead",
        "confidence": 1.0,
        "proj_x": 196901.2697,
        "proj_y": 2419181.501
      }
    },
    {
      "type": "Feature",
      "geometry": {
        "type": "Point",
        "coordinates": [
          84.0680798,
          21.8507058
        ]
      },
      "properties": {
        "status": "dead",
        "confidence": 0.9306,
        "proj_x": 196952.7067,
        "proj_y": 2419189.9241
      }
    },
    {
      "type": "Feature",
      "geometry": {
        "type": "Point",
        "coordinates": [
          84.0679303,
          21.8510471
        ]
      },
      "properties": {
        "status": "dead",
        "confidence": 1.0,
        "proj_x": 196937.9664,
        "proj_y": 2419228.0332
      }
    },
    {
      "type": "Feature",
      "geometry": {
        "type": "Point",
        "coordinates": [
          84.0681226,
          21.8507497
        ]
      },
      "properties": {
        "status": "dead",
        "confidence": 0.9992,
        "proj_x": 196957.2264,
        "proj_y": 2419194.7005
      }
    },
    {
      "type": "Feature",
      "geometry": {
        "type": "Point",
        "coordinates": [
          84.0681965,
          21.8512892
        ]
      },
      "properties": {
        "status": "dead",
        "confidence": 1.0,
        "proj_x": 196966.009,
        "proj_y": 2419254.3295
      }
    },
    {
      "type": "Feature",
      "geometry": {
        "type": "Point",
        "coordinates": [
          84.0680472,
          21.8509157
        ]
      },
      "properties": {
        "status": "dead",
        "confidence": 0.9975,
        "proj_x": 196949.7792,
        "proj_y": 2419213.2415
      }
    },
    {
      "type": "Feature",
      "geometry": {
        "type": "Point",
        "coordinates": [
          84.0681824,
          21.8508843
        ]
      },
      "properties": {
        "status": "dead",
        "confidence": 1.0,
        "proj_x": 196963.6977,
        "proj_y": 2419209.4922
      }
    },
    {
      "type": "Feature",
      "geometry": {
        "type": "Point",
        "coordinates": [
          84.0682515,
          21.8506129
        ]
      },
      "properties": {
        "status": "dead",
        "confidence": 0.7282,
        "proj_x": 196970.2718,
        "proj_y": 2419179.2925
      }
    },
    {
      "type": "Feature",
      "geometry": {
        "type": "Point",
        "coordinates": [
          84.0679992,
          21.8510778
        ]
      },
      "properties": {
        "status": "dead",
        "confidence": 0.9997,
        "proj_x": 196945.1568,
        "proj_y": 2419231.2945
      }
    },
    {
      "type": "Feature",
      "geometry": {
        "type": "Point",
        "coordinates": [
          84.0680233,
          21.850702
        ]
      },
      "properties": {
        "status": "dead",
        "confidence": 1.0,
        "proj_x": 196946.8517,
        "proj_y": 2419189.6159
      }
    },
    {
      "type": "Feature",
      "geometry": {
        "type": "Point",
        "coordinates": [
          84.0680433,
          21.8506317
        ]
      },
      "properties": {
        "status": "dead",
        "confidence": 1.0,
        "proj_x": 196948.7777,
        "proj_y": 2419181.7835
      }
    },
    {
      "type": "Feature",
      "geometry": {
        "type": "Point",
        "coordinates": [
          84.0682899,
          21.8510079
        ]
      },
      "properties": {
        "status": "dead",
        "confidence": 0.7335,
        "proj_x": 196975.074,
        "proj_y": 2419222.9742
      }
    },
    {
      "type": "Feature",
      "geometry": {
        "type": "Point",
        "coordinates": [
          84.0677489,
          21.8509364
        ]
      },
      "properties": {
        "status": "dead",
        "confidence": 1.0,
        "proj_x": 196918.9632,
        "proj_y": 2419216.1177
      }
    },
    {
      "type": "Feature",
      "geometry": {
        "type": "Point",
        "coordinates": [
          84.0678407,
          21.8512646
        ]
      },
      "properties": {
        "status": "dead",
        "confidence": 0.9991,
        "proj_x": 196929.1582,
        "proj_y": 2419252.3008
      }
    },
    {
      "type": "Feature",
      "geometry": {
        "type": "Point",
        "coordinates": [
          84.0682982,
          21.8509536
        ]
      },
      "properties": {
        "status": "dead",
        "confidence": 1.0,
        "proj_x": 196975.8187,
        "proj_y": 2419216.9394
      }
    },
    {
      "type": "Feature",
      "geometry": {
        "type": "Point",
        "coordinates": [
          84.0683086,
          21.8511985
        ]
      },
      "properties": {
        "status": "dead",
        "confidence": 0.9707,
        "proj_x": 196977.4109,
        "proj_y": 2419244.0575
      }
    },
    {
      "type": "Feature",
      "geometry": {
        "type": "Point",
        "coordinates": [
          84.0679865,
          21.8507406
        ]
      },
      "properties": {
        "status": "dead",
        "confidence": 0.8942,
        "proj_x": 196943.1281,
        "proj_y": 2419193.9558
      }
    },
    {
      "type": "Feature",
      "geometry": {
        "type": "Point",
        "coordinates": [
          84.0681061,
          21.8510345
        ]
      },
      "properties": {
        "status": "dead",
        "confidence": 1.0,
        "proj_x": 196956.1222,
        "proj_y": 2419226.2869
      }
    },
    {
      "type": "Feature",
      "geometry": {
        "type": "Point",
        "coordinates": [
          84.0681353,
          21.8508598
        ]
      },
      "properties": {
        "status": "dead",
        "confidence": 0.9458,
        "proj_x": 196958.7672,
        "proj_y": 2419206.8729
      }
    },
    {
      "type": "Feature",
      "geometry": {
        "type": "Point",
        "coordinates": [
          84.0683171,
          21.850685
        ]
      },
      "properties": {
        "status": "dead",
        "confidence": 0.9997,
        "proj_x": 196977.2054,
        "proj_y": 2419187.1506
      }
    },
    {
      "type": "Feature",
      "geometry": {
        "type": "Point",
        "coordinates": [
          84.0679438,
          21.8509836
        ]
      },
      "properties": {
        "status": "dead",
        "confidence": 0.9991,
        "proj_x": 196939.2247,
        "proj_y": 2419220.9712
      }
    },
    {
      "type": "Feature",
      "geometry": {
        "type": "Point",
        "coordinates": [
          84.0680997,
          21.8506424
        ]
      },
      "properties": {
        "status": "dead",
        "confidence": 0.9998,
        "proj_x": 196954.6327,
        "proj_y": 2419182.8621
      }
    },
    {
      "type": "Feature",
      "geometry": {
        "type": "Point",
        "coordinates": [
          84.0682816,
          21.851173
        ]
      },
      "properties": {
        "status": "dead",
        "confidence": 0.9291,
        "proj_x": 196974.5604,
        "proj_y": 2419241.2841
      }
    },
    {
      "type": "Feature",
      "geometry": {
        "type": "Point",
        "coordinates": [
          84.0676872,
          21.8512802
        ]
      },
      "properties": {
        "status": "dead",
        "confidence": 0.9995,
        "proj_x": 196913.3136,
        "proj_y": 2419254.3295
      }
    },
    {
      "type": "Feature",
      "geometry": {
        "type": "Point",
        "coordinates": [
          84.0682174,
          21.8507055
        ]
      },
      "properties": {
        "status": "dead",
        "confidence": 0.9991,
        "proj_x": 196966.9334,
        "proj_y": 2419189.6159
      }
    },
    {
      "type": "Feature",
      "geometry": {
        "type": "Point",
        "coordinates": [
          84.0681964,
          21.8511624
        ]
      },
      "properties": {
        "status": "dead",
        "confidence": 1.0,
        "proj_x": 196965.7265,
        "proj_y": 2419240.2825
      }
    },
    {
      "type": "Feature",
      "geometry": {
        "type": "Point",
        "coordinates": [
          84.0684005,
          21.8509292
        ]
      },
      "properties": {
        "status": "alive",
        "confidence": 0.5639,
        "proj_x": 196986.3475,
        "proj_y": 2419214.0376
      }
    },
    {
      "type": "Feature",
      "geometry": {
        "type": "Point",
        "coordinates": [
          84.0680809,
          21.8507981
        ]
      },
      "properties": {
        "status": "dead",
        "confidence": 0.9979,
        "proj_x": 196953.0149,
        "proj_y": 2419200.1447
      }
    },
    {
      "type": "Feature",
      "geometry": {
        "type": "Point",
        "coordinates": [
          84.06771,
          21.8510984
        ]
      },
      "properties": {
        "status": "dead",
        "confidence": 1.0,
        "proj_x": 196915.2909,
        "proj_y": 2419234.145
      }
    },
    {
      "type": "Feature",
      "geometry": {
        "type": "Point",
        "coordinates": [
          84.0679269,
          21.8509354
        ]
      },
      "properties": {
        "status": "dead",
        "confidence": 1.0,
        "proj_x": 196937.3758,
        "proj_y": 2419215.6554
      }
    },
    {
      "type": "Feature",
      "geometry": {
        "type": "Point",
        "coordinates": [
          84.0680617,
          21.8507417
        ]
      },
      "properties": {
        "status": "dead",
        "confidence": 1.0,
        "proj_x": 196950.9091,
        "proj_y": 2419193.9301
      }
    },
    {
      "type": "Feature",
      "geometry": {
        "type": "Point",
        "coordinates": [
          84.068015,
          21.8509144
        ]
      },
      "properties": {
        "status": "dead",
        "confidence": 1.0,
        "proj_x": 196946.4408,
        "proj_y": 2419213.1645
      }
    },
    {
      "type": "Feature",
      "geometry": {
        "type": "Point",
        "coordinates": [
          84.068174,
          21.8512997
        ]
      },
      "properties": {
        "status": "dead",
        "confidence": 0.9995,
        "proj_x": 196963.6977,
        "proj_y": 2419255.5365
      }
    },
    {
      "type": "Feature",
      "geometry": {
        "type": "Point",
        "coordinates": [
          84.0682666,
          21.8508997
        ]
      },
      "properties": {
        "status": "dead",
        "confidence": 0.9876,
        "proj_x": 196972.429,
        "proj_y": 2419211.033
      }
    },
    {
      "type": "Feature",
      "geometry": {
        "type": "Point",
        "coordinates": [
          84.0678321,
          21.8512494
        ]
      },
      "properties": {
        "status": "dead",
        "confidence": 0.9713,
        "proj_x": 196928.2337,
        "proj_y": 2419250.6316
      }
    },
    {
      "type": "Feature",
      "geometry": {
        "type": "Point",
        "coordinates": [
          84.067842,
          21.8511904
        ]
      },
      "properties": {
        "status": "dead",
        "confidence": 0.9983,
        "proj_x": 196929.1325,
        "proj_y": 2419244.0832
      }
    },
    {
      "type": "Feature",
      "geometry": {
        "type": "Point",
        "coordinates": [
          84.0679908,
          21.8509064
        ]
      },
      "properties": {
        "status": "dead",
        "confidence": 0.9995,
        "proj_x": 196943.9242,
        "proj_y": 2419212.317
      }
    },
    {
      "type": "Feature",
      "geometry": {
        "type": "Point",
        "coordinates": [
          84.0682765,
          21.8509594
        ]
      },
      "properties": {
        "status": "dead",
        "confidence": 0.999,
        "proj_x": 196973.5845,
        "proj_y": 2419217.6328
      }
    },
    {
      "type": "Feature",
      "geometry": {
        "type": "Point",
        "coordinates": [
          84.0682977,
          21.8511248
        ]
      },
      "properties": {
        "status": "dead",
        "confidence": 1.0,
        "proj_x": 196976.1269,
        "proj_y": 2419235.9169
      }
    },
    {
      "type": "Feature",
      "geometry": {
        "type": "Point",
        "coordinates": [
          84.0682401,
          21.8506867
        ]
      },
      "properties": {
        "status": "dead",
        "confidence": 0.9657,
        "proj_x": 196969.2446,
        "proj_y": 2419187.4845
      }
    },
    {
      "type": "Feature",
      "geometry": {
        "type": "Point",
        "coordinates": [
          84.0678711,
          21.8507359
        ]
      },
      "properties": {
        "status": "dead",
        "confidence": 1.0,
        "proj_x": 196931.1869,
        "proj_y": 2419193.6733
      }
    },
    {
      "type": "Feature",
      "geometry": {
        "type": "Point",
        "coordinates": [
          84.06814,
          21.8507491
        ]
      },
      "properties": {
        "status": "dead",
        "confidence": 0.997,
        "proj_x": 196959.024,
        "proj_y": 2419194.5978
      }
    },
    {
      "type": "Feature",
      "geometry": {
        "type": "Point",
        "coordinates": [
          84.0681612,
          21.8510109
        ]
      },
      "properties": {
        "status": "dead",
        "confidence": 0.9869,
        "proj_x": 196961.7718,
        "proj_y": 2419223.5649
      }
    },
    {
      "type": "Feature",
      "geometry": {
        "type": "Point",
        "coordinates": [
          84.068217,
          21.8512704
        ]
      },
      "properties": {
        "status": "dead",
        "confidence": 1.0,
        "proj_x": 196968.089,
        "proj_y": 2419252.1981
      }
    },
    {
      "type": "Feature",
      "geometry": {
        "type": "Point",
        "coordinates": [
          84.0678939,
          21.851263
        ]
      },
      "properties": {
        "status": "dead",
        "confidence": 0.9764,
        "proj_x": 196934.6537,
        "proj_y": 2419252.0183
      }
    },
    {
      "type": "Feature",
      "geometry": {
        "type": "Point",
        "coordinates": [
          84.0677181,
          21.8506553
        ]
      },
      "properties": {
        "status": "dead",
        "confidence": 0.9999,
        "proj_x": 196915.1882,
        "proj_y": 2419185.0449
      }
    },
    {
      "type": "Feature",
      "geometry": {
        "type": "Point",
        "coordinates": [
          84.0679245,
          21.8511873
        ]
      },
      "properties": {
        "status": "dead",
        "confidence": 1.0,
        "proj_x": 196937.6582,
        "proj_y": 2419243.5696
      }
    },
    {
      "type": "Feature",
      "geometry": {
        "type": "Point",
        "coordinates": [
          84.068277,
          21.8511908
        ]
      },
      "properties": {
        "status": "dead",
        "confidence": 0.7724,
        "proj_x": 196974.1238,
        "proj_y": 2419243.2614
      }
    },
    {
      "type": "Feature",
      "geometry": {
        "type": "Point",
        "coordinates": [
          84.0679742,
          21.8510516
        ]
      },
      "properties": {
        "status": "dead",
        "confidence": 0.9999,
        "proj_x": 196942.5118,
        "proj_y": 2419228.4441
      }
    },
    {
      "type": "Feature",
      "geometry": {
        "type": "Point",
        "coordinates": [
          84.0680308,
          21.851163
        ]
      },
      "properties": {
        "status": "dead",
        "confidence": 1.0,
        "proj_x": 196948.5979,
        "proj_y": 2419240.6677
      }
    },
    {
      "type": "Feature",
      "geometry": {
        "type": "Point",
        "coordinates": [
          84.0681662,
          21.8506353
        ]
      },
      "properties": {
        "status": "dead",
        "confidence": 0.9988,
        "proj_x": 196961.4893,
        "proj_y": 2419181.9376
      }
    },
    {
      "type": "Feature",
      "geometry": {
        "type": "Point",
        "coordinates": [
          84.0682485,
          21.8508453
        ]
      },
      "properties": {
        "status": "dead",
        "confidence": 0.8825,
        "proj_x": 196970.4516,
        "proj_y": 2419205.0496
      }
    },
    {
      "type": "Feature",
      "geometry": {
        "type": "Point",
        "coordinates": [
          84.0683187,
          21.851045
        ]
      },
      "properties": {
        "status": "dead",
        "confidence": 0.9912,
        "proj_x": 196978.1299,
        "proj_y": 2419227.0317
      }
    },
    {
      "type": "Feature",
      "geometry": {
        "type": "Point",
        "coordinates": [
          84.0678559,
          21.8512264
        ]
      },
      "properties": {
        "status": "dead",
        "confidence": 0.9998,
        "proj_x": 196930.6476,
        "proj_y": 2419248.0379
      }
    },
    {
      "type": "Feature",
      "geometry": {
        "type": "Point",
        "coordinates": [
          84.0678627,
          21.8510527
        ]
      },
      "properties": {
        "status": "dead",
        "confidence": 1.0,
        "proj_x": 196930.9814,
        "proj_y": 2419228.7779
      }
    },
    {
      "type": "Feature",
      "geometry": {
        "type": "Point",
        "coordinates": [
          84.0682471,
          21.8507102
        ]
      },
      "properties": {
        "status": "dead",
        "confidence": 1.0,
        "proj_x": 196970.015,
        "proj_y": 2419190.0781
      }
    },
    {
      "type": "Feature",
      "geometry": {
        "type": "Point",
        "coordinates": [
          84.0677953,
          21.8510923
        ]
      },
      "properties": {
        "status": "dead",
        "confidence": 0.9972,
        "proj_x": 196924.0992,
        "proj_y": 2419233.2976
      }
    },
    {
      "type": "Feature",
      "geometry": {
        "type": "Point",
        "coordinates": [
          84.0677813,
          21.8506479
        ]
      },
      "properties": {
        "status": "dead",
        "confidence": 1.0,
        "proj_x": 196921.711,
        "proj_y": 2419184.0947
      }
    },
    {
      "type": "Feature",
      "geometry": {
        "type": "Point",
        "coordinates": [
          84.0678622,
          21.851115
        ]
      },
      "properties": {
        "status": "dead",
        "confidence": 0.9998,
        "proj_x": 196931.0585,
        "proj_y": 2419235.6858
      }
    },
    {
      "type": "Feature",
      "geometry": {
        "type": "Point",
        "coordinates": [
          84.0679855,
          21.8511318
        ]
      },
      "properties": {
        "status": "dead",
        "confidence": 0.9961,
        "proj_x": 196943.8471,
        "proj_y": 2419237.3037
      }
    },
    {
      "type": "Feature",
      "geometry": {
        "type": "Point",
        "coordinates": [
          84.0678269,
          21.8506065
        ]
      },
      "properties": {
        "status": "dead",
        "confidence": 1.0,
        "proj_x": 196926.3334,
        "proj_y": 2419179.4209
      }
    },
    {
      "type": "Feature",
      "geometry": {
        "type": "Point",
        "coordinates": [
          84.0681214,
          21.8506646
        ]
      },
      "properties": {
        "status": "dead",
        "confidence": 0.988,
        "proj_x": 196956.9182,
        "proj_y": 2419185.276
      }
    },
    {
      "type": "Feature",
      "geometry": {
        "type": "Point",
        "coordinates": [
          84.0679494,
          21.8506977
        ]
      },
      "properties": {
        "status": "dead",
        "confidence": 1.0,
        "proj_x": 196939.199,
        "proj_y": 2419189.2821
      }
    },
    {
      "type": "Feature",
      "geometry": {
        "type": "Point",
        "coordinates": [
          84.0678619,
          21.8509799
        ]
      },
      "properties": {
        "status": "dead",
        "confidence": 0.9975,
        "proj_x": 196930.7503,
        "proj_y": 2419220.7144
      }
    },
    {
      "type": "Feature",
      "geometry": {
        "type": "Point",
        "coordinates": [
          84.0682288,
          21.8512873
        ]
      },
      "properties": {
        "status": "dead",
        "confidence": 0.9999,
        "proj_x": 196969.3473,
        "proj_y": 2419254.047
      }
    },
    {
      "type": "Feature",
      "geometry": {
        "type": "Point",
        "coordinates": [
          84.0682856,
          21.8512451
        ]
      },
      "properties": {
        "status": "dead",
        "confidence": 0.9996,
        "proj_x": 196975.1254,
        "proj_y": 2419249.2705
      }
    },
    {
      "type": "Feature",
      "geometry": {
        "type": "Point",
        "coordinates": [
          84.0676849,
          21.8509679
        ]
      },
      "properties": {
        "status": "dead",
        "confidence": 1.0,
        "proj_x": 196912.4148,
        "proj_y": 2419219.7385
      }
    },
    {
      "type": "Feature",
      "geometry": {
        "type": "Point",
        "coordinates": [
          84.0679,
          21.8507585
        ]
      },
      "properties": {
        "status": "dead",
        "confidence": 1.0,
        "proj_x": 196934.2171,
        "proj_y": 2419196.1129
      }
    },
    {
      "type": "Feature",
      "geometry": {
        "type": "Point",
        "coordinates": [
          84.0681676,
          21.8509681
        ]
      },
      "properties": {
        "status": "dead",
        "confidence": 0.9972,
        "proj_x": 196962.3367,
        "proj_y": 2419218.8141
      }
    },
    {
      "type": "Feature",
      "geometry": {
        "type": "Point",
        "coordinates": [
          84.0677974,
          21.8508941
        ]
      },
      "properties": {
        "status": "dead",
        "confidence": 1.0,
        "proj_x": 196923.8938,
        "proj_y": 2419211.3412
      }
    },
    {
      "type": "Feature",
      "geometry": {
        "type": "Point",
        "coordinates": [
          84.0679334,
          21.8506912
        ]
      },
      "properties": {
        "status": "dead",
        "confidence": 1.0,
        "proj_x": 196937.5298,
        "proj_y": 2419188.5887
      }
    },
    {
      "type": "Feature",
      "geometry": {
        "type": "Point",
        "coordinates": [
          84.0677268,
          21.8507663
        ]
      },
      "properties": {
        "status": "dead",
        "confidence": 1.0,
        "proj_x": 196916.3182,
        "proj_y": 2419197.3199
      }
    },
    {
      "type": "Feature",
      "geometry": {
        "type": "Point",
        "coordinates": [
          84.0678552,
          21.8512739
        ]
      },
      "properties": {
        "status": "dead",
        "confidence": 0.9393,
        "proj_x": 196930.6733,
        "proj_y": 2419253.3023
      }
    },
    {
      "type": "Feature",
      "geometry": {
        "type": "Point",
        "coordinates": [
          84.0678124,
          21.8506712
        ]
      },
      "properties": {
        "status": "dead",
        "confidence": 0.9994,
        "proj_x": 196924.9723,
        "proj_y": 2419186.6113
      }
    },
    {
      "type": "Feature",
      "geometry": {
        "type": "Point",
        "coordinates": [
          84.0683019,
          21.8507364
        ]
      },
      "properties": {
        "status": "dead",
        "confidence": 1.0,
        "proj_x": 196975.7417,
        "proj_y": 2419192.8773
      }
    },
    {
      "type": "Feature",
      "geometry": {
        "type": "Point",
        "coordinates": [
          84.0680987,
          21.8506225
        ]
      },
      "properties": {
        "status": "dead",
        "confidence": 1.0,
        "proj_x": 196954.4786,
        "proj_y": 2419180.6536
      }
    },
    {
      "type": "Feature",
      "geometry": {
        "type": "Point",
        "coordinates": [
          84.0683971,
          21.8511083
        ]
      },
      "properties": {
        "status": "dead",
        "confidence": 0.5453,
        "proj_x": 196986.3732,
        "proj_y": 2419233.8882
      }
    },
    {
      "type": "Feature",
      "geometry": {
        "type": "Point",
        "coordinates": [
          84.068343,
          21.8512408
        ]
      },
      "properties": {
        "status": "dead",
        "confidence": 0.4698,
        "proj_x": 196981.0574,
        "proj_y": 2419248.6799
      }
    },
    {
      "type": "Feature",
      "geometry": {
        "type": "Point",
        "coordinates": [
          84.0683821,
          21.85087
        ]
      },
      "properties": {
        "status": "dead",
        "confidence": 0.9708,
        "proj_x": 196984.3188,
        "proj_y": 2419207.5149
      }
    },
    {
      "type": "Feature",
      "geometry": {
        "type": "Point",
        "coordinates": [
          84.0676635,
          21.8509443
        ]
      },
      "properties": {
        "status": "dead",
        "confidence": 1.0,
        "proj_x": 196910.1549,
        "proj_y": 2419217.1705
      }
    },
    {
      "type": "Feature",
      "geometry": {
        "type": "Point",
        "coordinates": [
          84.0681589,
          21.8507255
        ]
      },
      "properties": {
        "status": "dead",
        "confidence": 0.9993,
        "proj_x": 196960.9243,
        "proj_y": 2419191.9528
      }
    },
    {
      "type": "Feature",
      "geometry": {
        "type": "Point",
        "coordinates": [
          84.068062,
          21.8507046
        ]
      },
      "properties": {
        "status": "dead",
        "confidence": 0.9985,
        "proj_x": 196950.8577,
        "proj_y": 2419189.8213
      }
    },
    {
      "type": "Feature",
      "geometry": {
        "type": "Point",
        "coordinates": [
          84.0658303,
          21.8504154
        ]
      },
      "properties": {
        "status": "dead",
        "confidence": 0.9998,
        "proj_x": 196719.4296,
        "proj_y": 2419162.1897
      }
    },
    {
      "type": "Feature",
      "geometry": {
        "type": "Point",
        "coordinates": [
          84.0659094,
          21.850297
        ]
      },
      "properties": {
        "status": "dead",
        "confidence": 0.9315,
        "proj_x": 196727.3647,
        "proj_y": 2419148.9131
      }
    },
    {
      "type": "Feature",
      "geometry": {
        "type": "Point",
        "coordinates": [
          84.0656208,
          21.8503257
        ]
      },
      "properties": {
        "status": "dead",
        "confidence": 1.0,
        "proj_x": 196697.5759,
        "proj_y": 2419152.6624
      }
    },
    {
      "type": "Feature",
      "geometry": {
        "type": "Point",
        "coordinates": [
          84.0659239,
          21.8501735
        ]
      },
      "properties": {
        "status": "dead",
        "confidence": 0.4943,
        "proj_x": 196728.5973,
        "proj_y": 2419135.2
      }
    },
    {
      "type": "Feature",
      "geometry": {
        "type": "Point",
        "coordinates": [
          84.0657707,
          21.8505261
        ]
      },
      "properties": {
        "status": "dead",
        "confidence": 0.9932,
        "proj_x": 196713.4975,
        "proj_y": 2419174.5674
      }
    },
    {
      "type": "Feature",
      "geometry": {
        "type": "Point",
        "coordinates": [
          84.0658653,
          21.8504513
        ]
      },
      "properties": {
        "status": "dead",
        "confidence": 1.0,
        "proj_x": 196723.1275,
        "proj_y": 2419166.093
      }
    },
    {
      "type": "Feature",
      "geometry": {
        "type": "Point",
        "coordinates": [
          84.0661404,
          21.8501092
        ]
      },
      "properties": {
        "status": "dead",
        "confidence": 0.4943,
        "proj_x": 196750.8619,
        "proj_y": 2419127.6501
      }
    },
    {
      "type": "Feature",
      "geometry": {
        "type": "Point",
        "coordinates": [
          84.0657965,
          21.850416
        ]
      },
      "properties": {
        "status": "dead",
        "confidence": 1.0,
        "proj_x": 196715.9371,
        "proj_y": 2419162.3181
      }
    },
    {
      "type": "Feature",
      "geometry": {
        "type": "Point",
        "coordinates": [
          84.0659974,
          21.8503171
        ]
      },
      "properties": {
        "status": "dead",
        "confidence": 1.0,
        "proj_x": 196736.5068,
        "proj_y": 2419150.9675
      }
    },
    {
      "type": "Feature",
      "geometry": {
        "type": "Point",
        "coordinates": [
          84.0656529,
          21.850482
        ]
      },
      "properties": {
        "status": "dead",
        "confidence": 1.0,
        "proj_x": 196701.2225,
        "proj_y": 2419169.9193
      }
    },
    {
      "type": "Feature",
      "geometry": {
        "type": "Point",
        "coordinates": [
          84.065798,
          21.8501263
        ]
      },
      "properties": {
        "status": "dead",
        "confidence": 0.4943,
        "proj_x": 196715.4749,
        "proj_y": 2419130.2181
      }
    },
    {
      "type": "Feature",
      "geometry": {
        "type": "Point",
        "coordinates": [
          84.0658119,
          21.8504276
        ]
      },
      "properties": {
        "status": "dead",
        "confidence": 0.9999,
        "proj_x": 196717.5549,
        "proj_y": 2419163.5764
      }
    },
    {
      "type": "Feature",
      "geometry": {
        "type": "Point",
        "coordinates": [
          84.0656377,
          21.8504579
        ]
      },
      "properties": {
        "status": "dead",
        "confidence": 0.9998,
        "proj_x": 196699.6046,
        "proj_y": 2419167.2743
      }
    },
    {
      "type": "Feature",
      "geometry": {
        "type": "Point",
        "coordinates": [
          84.0658334,
          21.8502984
        ]
      },
      "properties": {
        "status": "dead",
        "confidence": 0.9993,
        "proj_x": 196719.5066,
        "proj_y": 2419149.2213
      }
    },
    {
      "type": "Feature",
      "geometry": {
        "type": "Point",
        "coordinates": [
          84.0659045,
          21.850137
        ]
      },
      "properties": {
        "status": "dead",
        "confidence": 0.4943,
        "proj_x": 196726.5173,
        "proj_y": 2419131.1939
      }
    },
    {
      "type": "Feature",
      "geometry": {
        "type": "Point",
        "coordinates": [
          84.066044,
          21.8503198
        ]
      },
      "properties": {
        "status": "dead",
        "confidence": 0.999,
        "proj_x": 196741.3346,
        "proj_y": 2419151.1729
      }
    },
    {
      "type": "Feature",
      "geometry": {
        "type": "Point",
        "coordinates": [
          84.0657246,
          21.8502165
        ]
      },
      "properties": {
        "status": "dead",
        "confidence": 0.4943,
        "proj_x": 196708.079,
        "proj_y": 2419140.3617
      }
    },
    {
      "type": "Feature",
      "geometry": {
        "type": "Point",
        "coordinates": [
          84.0657949,
          21.8505043
        ]
      },
      "properties": {
        "status": "dead",
        "confidence": 0.9999,
        "proj_x": 196715.9628,
        "proj_y": 2419172.1021
      }
    },
    {
      "type": "Feature",
      "geometry": {
        "type": "Point",
        "coordinates": [
          84.0660116,
          21.8505316
        ]
      },
      "properties": {
        "status": "dead",
        "confidence": 0.9434,
        "proj_x": 196738.4328,
        "proj_y": 2419174.6958
      }
    },
    {
      "type": "Feature",
      "geometry": {
        "type": "Point",
        "coordinates": [
          84.0659367,
          21.8504709
        ]
      },
      "properties": {
        "status": "dead",
        "confidence": 0.9998,
        "proj_x": 196730.549,
        "proj_y": 2419168.1217
      }
    },
    {
      "type": "Feature",
      "geometry": {
        "type": "Point",
        "coordinates": [
          84.0657983,
          21.8503789
        ]
      },
      "properties": {
        "status": "dead",
        "confidence": 1.0,
        "proj_x": 196716.0398,
        "proj_y": 2419158.2093
      }
    },
    {
      "type": "Feature",
      "geometry": {
        "type": "Point",
        "coordinates": [
          84.0661325,
          21.8505203
        ]
      },
      "properties": {
        "status": "dead",
        "confidence": 0.9844,
        "proj_x": 196750.9133,
        "proj_y": 2419173.2064
      }
    },
    {
      "type": "Feature",
      "geometry": {
        "type": "Point",
        "coordinates": [
          84.0657438,
          21.8504547
        ]
      },
      "properties": {
        "status": "dead",
        "confidence": 1.0,
        "proj_x": 196710.57,
        "proj_y": 2419166.7093
      }
    },
    {
      "type": "Feature",
      "geometry": {
        "type": "Point",
        "coordinates": [
          84.0657048,
          21.8505043
        ]
      },
      "properties": {
        "status": "dead",
        "confidence": 1.0,
        "proj_x": 196706.641,
        "proj_y": 2419172.2819
      }
    },
    {
      "type": "Feature",
      "geometry": {
        "type": "Point",
        "coordinates": [
          84.0657215,
          21.8501982
        ]
      },
      "properties": {
        "status": "dead",
        "confidence": 0.4943,
        "proj_x": 196707.7195,
        "proj_y": 2419138.3329
      }
    },
    {
      "type": "Feature",
      "geometry": {
        "type": "Point",
        "coordinates": [
          84.0654418,
          21.8501902
        ]
      },
      "properties": {
        "status": "dead",
        "confidence": 0.4943,
        "proj_x": 196678.7781,
        "proj_y": 2419137.9991
      }
    },
    {
      "type": "Feature",
      "geometry": {
        "type": "Point",
        "coordinates": [
          84.0663698,
          21.8502593
        ]
      },
      "properties": {
        "status": "dead",
        "confidence": 0.5795,
        "proj_x": 196774.8984,
        "proj_y": 2419143.8285
      }
    },
    {
      "type": "Feature",
      "geometry": {
        "type": "Point",
        "coordinates": [
          84.0666346,
          21.8502893
        ]
      },
      "properties": {
        "status": "dead",
        "confidence": 0.697,
        "proj_x": 196802.3503,
        "proj_y": 2419146.6276
      }
    },
    {
      "type": "Feature",
      "geometry": {
        "type": "Point",
        "coordinates": [
          84.0664548,
          21.8502768
        ]
      },
      "properties": {
        "status": "dead",
        "confidence": 0.9559,
        "proj_x": 196783.7323,
        "proj_y": 2419145.6004
      }
    },
    {
      "type": "Feature",
      "geometry": {
        "type": "Point",
        "coordinates": [
          84.0666093,
          21.850274
        ]
      },
      "properties": {
        "status": "dead",
        "confidence": 0.999,
        "proj_x": 196799.7053,
        "proj_y": 2419144.9841
      }
    },
    {
      "type": "Feature",
      "geometry": {
        "type": "Point",
        "coordinates": [
          84.0668835,
          21.8501859
        ]
      },
      "properties": {
        "status": "dead",
        "confidence": 0.8358,
        "proj_x": 196827.8762,
        "proj_y": 2419134.6864
      }
    },
    {
      "type": "Feature",
      "geometry": {
        "type": "Point",
        "coordinates": [
          84.0667834,
          21.8505179
        ]
      },
      "properties": {
        "status": "dead",
        "confidence": 1.0,
        "proj_x": 196818.2205,
        "proj_y": 2419171.6656
      }
    },
    {
      "type": "Feature",
      "geometry": {
        "type": "Point",
        "coordinates": [
          84.0665515,
          21.8502834
        ]
      },
      "properties": {
        "status": "dead",
        "confidence": 0.9999,
        "proj_x": 196793.7475,
        "proj_y": 2419146.1397
      }
    },
    {
      "type": "Feature",
      "geometry": {
        "type": "Point",
        "coordinates": [
          84.066817,
          21.8505721
        ]
      },
      "properties": {
        "status": "dead",
        "confidence": 1.0,
        "proj_x": 196821.8158,
        "proj_y": 2419177.5977
      }
    },
    {
      "type": "Feature",
      "geometry": {
        "type": "Point",
        "coordinates": [
          84.0667172,
          21.8502683
        ]
      },
      "properties": {
        "status": "dead",
        "confidence": 1.0,
        "proj_x": 196810.8504,
        "proj_y": 2419144.1366
      }
    },
    {
      "type": "Feature",
      "geometry": {
        "type": "Point",
        "coordinates": [
          84.0668865,
          21.850123
        ]
      },
      "properties": {
        "status": "dead",
        "confidence": 0.4943,
        "proj_x": 196828.056,
        "proj_y": 2419127.7014
      }
    },
    {
      "type": "Feature",
      "geometry": {
        "type": "Point",
        "coordinates": [
          84.0663847,
          21.8502814
        ]
      },
      "properties": {
        "status": "dead",
        "confidence": 0.9987,
        "proj_x": 196776.4906,
        "proj_y": 2419146.2424
      }
    },
    {
      "type": "Feature",
      "geometry": {
        "type": "Point",
        "coordinates": [
          84.0665691,
          21.8502719
        ]
      },
      "properties": {
        "status": "dead",
        "confidence": 0.9331,
        "proj_x": 196795.5451,
        "proj_y": 2419144.83
      }
    },
    {
      "type": "Feature",
      "geometry": {
        "type": "Point",
        "coordinates": [
          84.0664193,
          21.8502785
        ]
      },
      "properties": {
        "status": "dead",
        "confidence": 0.965,
        "proj_x": 196780.0601,
        "proj_y": 2419145.8572
      }
    },
    {
      "type": "Feature",
      "geometry": {
        "type": "Point",
        "coordinates": [
          84.0667639,
          21.8504995
        ]
      },
      "properties": {
        "status": "dead",
        "confidence": 1.0,
        "proj_x": 196816.1662,
        "proj_y": 2419169.6625
      }
    },
    {
      "type": "Feature",
      "geometry": {
        "type": "Point",
        "coordinates": [
          84.0667708,
          21.8504174
        ]
      },
      "properties": {
        "status": "no_sapling",
        "confidence": 0.5264,
        "proj_x": 196816.7054,
        "proj_y": 2419160.5461
      }
    },
    {
      "type": "Feature",
      "geometry": {
        "type": "Point",
        "coordinates": [
          84.0669069,
          21.8503797
        ]
      },
      "properties": {
        "status": "no_sapling",
        "confidence": 0.928,
        "proj_x": 196830.701,
        "proj_y": 2419156.1035
      }
    },
    {
      "type": "Feature",
      "geometry": {
        "type": "Point",
        "coordinates": [
          84.0671495,
          21.8500843
        ]
      },
      "properties": {
        "status": "dead",
        "confidence": 0.4943,
        "proj_x": 196855.1741,
        "proj_y": 2419122.8993
      }
    },
    {
      "type": "Feature",
      "geometry": {
        "type": "Point",
        "coordinates": [
          84.0671254,
          21.8502811
        ]
      },
      "properties": {
        "status": "no_sapling",
        "confidence": 0.9938,
        "proj_x": 196853.094,
        "proj_y": 2419144.7529
      }
    },
    {
      "type": "Feature",
      "geometry": {
        "type": "Point",
        "coordinates": [
          84.0675997,
          21.8504599
        ]
      },
      "properties": {
        "status": "dead",
        "confidence": 1.0,
        "proj_x": 196902.528,
        "proj_y": 2419163.6277
      }
    },
    {
      "type": "Feature",
      "geometry": {
        "type": "Point",
        "coordinates": [
          84.0674058,
          21.8503967
        ]
      },
      "properties": {
        "status": "dead",
        "confidence": 1.0,
        "proj_x": 196882.3435,
        "proj_y": 2419157.0023
      }
    },
    {
      "type": "Feature",
      "geometry": {
        "type": "Point",
        "coordinates": [
          84.0669442,
          21.8504948
        ]
      },
      "properties": {
        "status": "dead",
        "confidence": 1.0,
        "proj_x": 196834.8098,
        "proj_y": 2419168.7894
      }
    },
    {
      "type": "Feature",
      "geometry": {
        "type": "Point",
        "coordinates": [
          84.0669324,
          21.8503697
        ]
      },
      "properties": {
        "status": "no_sapling",
        "confidence": 0.6567,
        "proj_x": 196833.3204,
        "proj_y": 2419154.9479
      }
    },
    {
      "type": "Feature",
      "geometry": {
        "type": "Point",
        "coordinates": [
          84.0669576,
          21.8502051
        ]
      },
      "properties": {
        "status": "dead",
        "confidence": 0.6074,
        "proj_x": 196835.5802,
        "proj_y": 2419136.6637
      }
    },
    {
      "type": "Feature",
      "geometry": {
        "type": "Point",
        "coordinates": [
          84.0672876,
          21.8504954
        ]
      },
      "properties": {
        "status": "dead",
        "confidence": 1.0,
        "proj_x": 196870.3253,
        "proj_y": 2419168.1731
      }
    },
    {
      "type": "Feature",
      "geometry": {
        "type": "Point",
        "coordinates": [
          84.0671982,
          21.8505571
        ]
      },
      "properties": {
        "status": "dead",
        "confidence": 1.0,
        "proj_x": 196861.2089,
        "proj_y": 2419175.1837
      }
    },
    {
      "type": "Feature",
      "geometry": {
        "type": "Point",
        "coordinates": [
          84.0676044,
          21.8503022
        ]
      },
      "properties": {
        "status": "dead",
        "confidence": 0.9994,
        "proj_x": 196902.6821,
        "proj_y": 2419146.1397
      }
    },
    {
      "type": "Feature",
      "geometry": {
        "type": "Point",
        "coordinates": [
          84.067085,
          21.8503481
        ]
      },
      "properties": {
        "status": "dead",
        "confidence": 1.0,
        "proj_x": 196849.0622,
        "proj_y": 2419152.2515
      }
    },
    {
      "type": "Feature",
      "geometry": {
        "type": "Point",
        "coordinates": [
          84.0675567,
          21.8504232
        ]
      },
      "properties": {
        "status": "dead",
        "confidence": 1.0,
        "proj_x": 196898.0083,
        "proj_y": 2419159.6473
      }
    },
    {
      "type": "Feature",
      "geometry": {
        "type": "Point",
        "coordinates": [
          84.0675719,
          21.8504485
        ]
      },
      "properties": {
        "status": "dead",
        "confidence": 1.0,
        "proj_x": 196899.6261,
        "proj_y": 2419162.4208
      }
    },
    {
      "type": "Feature",
      "geometry": {
        "type": "Point",
        "coordinates": [
          84.0672192,
          21.8502343
        ]
      },
      "properties": {
        "status": "dead",
        "confidence": 0.9987,
        "proj_x": 196862.6983,
        "proj_y": 2419139.3858
      }
    },
    {
      "type": "Feature",
      "geometry": {
        "type": "Point",
        "coordinates": [
          84.067271,
          21.8503259
        ]
      },
      "properties": {
        "status": "dead",
        "confidence": 0.8736,
        "proj_x": 196868.2452,
        "proj_y": 2419149.4267
      }
    },
    {
      "type": "Feature",
      "geometry": {
        "type": "Point",
        "coordinates": [
          84.0674509,
          21.8503539
        ]
      },
      "properties": {
        "status": "dead",
        "confidence": 1.0,
        "proj_x": 196886.9146,
        "proj_y": 2419152.1745
      }
    },
    {
      "type": "Feature",
      "geometry": {
        "type": "Point",
        "coordinates": [
          84.067035,
          21.8501103
        ]
      },
      "properties": {
        "status": "dead",
        "confidence": 0.8237,
        "proj_x": 196843.387,
        "proj_y": 2419126.0065
      }
    },
    {
      "type": "Feature",
      "geometry": {
        "type": "Point",
        "coordinates": [
          84.0672066,
          21.8504483
        ]
      },
      "properties": {
        "status": "dead",
        "confidence": 0.9998,
        "proj_x": 196861.8509,
        "proj_y": 2419163.1141
      }
    },
    {
      "type": "Feature",
      "geometry": {
        "type": "Point",
        "coordinates": [
          84.0672914,
          21.8503569
        ]
      },
      "properties": {
        "status": "dead",
        "confidence": 0.9993,
        "proj_x": 196870.428,
        "proj_y": 2419152.8165
      }
    },
    {
      "type": "Feature",
      "geometry": {
        "type": "Point",
        "coordinates": [
          84.0671621,
          21.8503805
        ]
      },
      "properties": {
        "status": "dead",
        "confidence": 0.9533,
        "proj_x": 196857.1001,
        "proj_y": 2419155.6926
      }
    },
    {
      "type": "Feature",
      "geometry": {
        "type": "Point",
        "coordinates": [
          84.0670033,
          21.8505469
        ]
      },
      "properties": {
        "status": "dead",
        "confidence": 0.9996,
        "proj_x": 196841.0244,
        "proj_y": 2419174.439
      }
    },
    {
      "type": "Feature",
      "geometry": {
        "type": "Point",
        "coordinates": [
          84.0671832,
          21.8502928
        ]
      },
      "properties": {
        "status": "dead",
        "confidence": 1.0,
        "proj_x": 196859.1031,
        "proj_y": 2419145.9342
      }
    },
    {
      "type": "Feature",
      "geometry": {
        "type": "Point",
        "coordinates": [
          84.0676068,
          21.8505138
        ]
      },
      "properties": {
        "status": "dead",
        "confidence": 1.0,
        "proj_x": 196903.3754,
        "proj_y": 2419169.5855
      }
    },
    {
      "type": "Feature",
      "geometry": {
        "type": "Point",
        "coordinates": [
          84.067471,
          21.8503561
        ]
      },
      "properties": {
        "status": "dead",
        "confidence": 0.9998,
        "proj_x": 196888.9946,
        "proj_y": 2419152.3799
      }
    },
    {
      "type": "Feature",
      "geometry": {
        "type": "Point",
        "coordinates": [
          84.067524,
          21.8503628
        ]
      },
      "properties": {
        "status": "dead",
        "confidence": 1.0,
        "proj_x": 196894.4901,
        "proj_y": 2419153.0219
      }
    },
    {
      "type": "Feature",
      "geometry": {
        "type": "Point",
        "coordinates": [
          84.0675156,
          21.8505407
        ]
      },
      "properties": {
        "status": "dead",
        "confidence": 1.0,
        "proj_x": 196894.0022,
        "proj_y": 2419172.7441
      }
    },
    {
      "type": "Feature",
      "geometry": {
        "type": "Point",
        "coordinates": [
          84.0673168,
          21.8505733
        ]
      },
      "properties": {
        "status": "dead",
        "confidence": 1.0,
        "proj_x": 196873.5096,
        "proj_y": 2419176.7502
      }
    },
    {
      "type": "Feature",
      "geometry": {
        "type": "Point",
        "coordinates": [
          84.0676249,
          21.8503081
        ]
      },
      "properties": {
        "status": "dead",
        "confidence": 1.0,
        "proj_x": 196904.8135,
        "proj_y": 2419146.756
      }
    },
    {
      "type": "Feature",
      "geometry": {
        "type": "Point",
        "coordinates": [
          84.067512,
          21.8502796
        ]
      },
      "properties": {
        "status": "dead",
        "confidence": 0.9999,
        "proj_x": 196893.0777,
        "proj_y": 2419143.8285
      }
    },
    {
      "type": "Feature",
      "geometry": {
        "type": "Point",
        "coordinates": [
          84.0669943,
          21.8505741
        ]
      },
      "properties": {
        "status": "dead",
        "confidence": 1.0,
        "proj_x": 196840.1513,
        "proj_y": 2419177.4693
      }
    },
    {
      "type": "Feature",
      "geometry": {
        "type": "Point",
        "coordinates": [
          84.0672232,
          21.8504409
        ]
      },
      "properties": {
        "status": "no_sapling",
        "confidence": 0.9746,
        "proj_x": 196863.5457,
        "proj_y": 2419162.2667
      }
    },
    {
      "type": "Feature",
      "geometry": {
        "type": "Point",
        "coordinates": [
          84.0673293,
          21.8503969
        ]
      },
      "properties": {
        "status": "dead",
        "confidence": 1.0,
        "proj_x": 196874.4341,
        "proj_y": 2419157.1821
      }
    },
    {
      "type": "Feature",
      "geometry": {
        "type": "Point",
        "coordinates": [
          84.0674333,
          21.8503529
        ]
      },
      "properties": {
        "status": "dead",
        "confidence": 1.0,
        "proj_x": 196885.0913,
        "proj_y": 2419152.0974
      }
    },
    {
      "type": "Feature",
      "geometry": {
        "type": "Point",
        "coordinates": [
          84.0671724,
          21.8504574
        ]
      },
      "properties": {
        "status": "dead",
        "confidence": 0.9944,
        "proj_x": 196858.3327,
        "proj_y": 2419164.1927
      }
    },
    {
      "type": "Feature",
      "geometry": {
        "type": "Point",
        "coordinates": [
          84.0673461,
          21.8504904
        ]
      },
      "properties": {
        "status": "dead",
        "confidence": 1.0,
        "proj_x": 196876.3601,
        "proj_y": 2419167.5054
      }
    },
    {
      "type": "Feature",
      "geometry": {
        "type": "Point",
        "coordinates": [
          84.0670481,
          21.850273
        ]
      },
      "properties": {
        "status": "dead",
        "confidence": 0.6711,
        "proj_x": 196845.0818,
        "proj_y": 2419144.0082
      }
    },
    {
      "type": "Feature",
      "geometry": {
        "type": "Point",
        "coordinates": [
          84.0673415,
          21.8504685
        ]
      },
      "properties": {
        "status": "dead",
        "confidence": 1.0,
        "proj_x": 196875.8465,
        "proj_y": 2419165.0915
      }
    },
    {
      "type": "Feature",
      "geometry": {
        "type": "Point",
        "coordinates": [
          84.067373,
          21.8503748
        ]
      },
      "properties": {
        "status": "dead",
        "confidence": 1.0,
        "proj_x": 196878.9024,
        "proj_y": 2419154.6397
      }
    },
    {
      "type": "Feature",
      "geometry": {
        "type": "Point",
        "coordinates": [
          84.0683715,
          21.850526
        ]
      },
      "properties": {
        "status": "dead",
        "confidence": 0.83,
        "proj_x": 196982.4955,
        "proj_y": 2419169.4314
      }
    },
    {
      "type": "Feature",
      "geometry": {
        "type": "Point",
        "coordinates": [
          84.0684108,
          21.8500982
        ]
      },
      "properties": {
        "status": "dead",
        "confidence": 0.4943,
        "proj_x": 196985.6542,
        "proj_y": 2419121.9491
      }
    },
    {
      "type": "Feature",
      "geometry": {
        "type": "Point",
        "coordinates": [
          84.0682855,
          21.8503611
        ]
      },
      "properties": {
        "status": "alive",
        "confidence": 0.6488,
        "proj_x": 196973.2507,
        "proj_y": 2419151.327
      }
    },
    {
      "type": "Feature",
      "geometry": {
        "type": "Point",
        "coordinates": [
          84.0678459,
          21.8504393
        ]
      },
      "properties": {
        "status": "dead",
        "confidence": 0.9999,
        "proj_x": 196927.9512,
        "proj_y": 2419160.8543
      }
    },
    {
      "type": "Feature",
      "geometry": {
        "type": "Point",
        "coordinates": [
          84.0682391,
          21.8500895
        ]
      },
      "properties": {
        "status": "dead",
        "confidence": 0.4943,
        "proj_x": 196967.8836,
        "proj_y": 2419121.3328
      }
    },
    {
      "type": "Feature",
      "geometry": {
        "type": "Point",
        "coordinates": [
          84.0680156,
          21.8502012
        ]
      },
      "properties": {
        "status": "dead",
        "confidence": 0.4943,
        "proj_x": 196945.0027,
        "proj_y": 2419134.1471
      }
    },
    {
      "type": "Feature",
      "geometry": {
        "type": "Point",
        "coordinates": [
          84.0680267,
          21.8503403
        ]
      },
      "properties": {
        "status": "dead",
        "confidence": 0.8513,
        "proj_x": 196946.4408,
        "proj_y": 2419149.5294
      }
    },
    {
      "type": "Feature",
      "geometry": {
        "type": "Point",
        "coordinates": [
          84.0678346,
          21.8501315
        ]
      },
      "properties": {
        "status": "dead",
        "confidence": 0.4943,
        "proj_x": 196926.1279,
        "proj_y": 2419126.7769
      }
    },
    {
      "type": "Feature",
      "geometry": {
        "type": "Point",
        "coordinates": [
          84.0682354,
          21.8501639
        ]
      },
      "properties": {
        "status": "dead",
        "confidence": 0.4943,
        "proj_x": 196967.6525,
        "proj_y": 2419129.5761
      }
    },
    {
      "type": "Feature",
      "geometry": {
        "type": "Point",
        "coordinates": [
          84.0684023,
          21.8503082
        ]
      },
      "properties": {
        "status": "dead",
        "confidence": 0.4943,
        "proj_x": 196985.2176,
        "proj_y": 2419145.2409
      }
    },
    {
      "type": "Feature",
      "geometry": {
        "type": "Point",
        "coordinates": [
          84.0678892,
          21.8502551
        ]
      },
      "properties": {
        "status": "dead",
        "confidence": 0.4943,
        "proj_x": 196932.0343,
        "proj_y": 2419140.3617
      }
    },
    {
      "type": "Feature",
      "geometry": {
        "type": "Point",
        "coordinates": [
          84.0682046,
          21.8504577
        ]
      },
      "properties": {
        "status": "dead",
        "confidence": 0.6838,
        "proj_x": 196965.0845,
        "proj_y": 2419162.1897
      }
    },
    {
      "type": "Feature",
      "geometry": {
        "type": "Point",
        "coordinates": [
          84.0682643,
          21.8504968
        ]
      },
      "properties": {
        "status": "dead",
        "confidence": 1.0,
        "proj_x": 196971.3504,
        "proj_y": 2419166.4012
      }
    },
    {
      "type": "Feature",
      "geometry": {
        "type": "Point",
        "coordinates": [
          84.067836,
          21.8504741
        ]
      },
      "properties": {
        "status": "dead",
        "confidence": 1.0,
        "proj_x": 196927.001,
        "proj_y": 2419164.732
      }
    },
    {
      "type": "Feature",
      "geometry": {
        "type": "Point",
        "coordinates": [
          84.0681398,
          21.8501861
        ]
      },
      "properties": {
        "status": "dead",
        "confidence": 0.4943,
        "proj_x": 196957.817,
        "proj_y": 2419132.2211
      }
    },
    {
      "type": "Feature",
      "geometry": {
        "type": "Point",
        "coordinates": [
          84.0683207,
          21.8504987
        ]
      },
      "properties": {
        "status": "dead",
        "confidence": 0.7141,
        "proj_x": 196977.1798,
        "proj_y": 2419166.5039
      }
    },
    {
      "type": "Feature",
      "geometry": {
        "type": "Point",
        "coordinates": [
          84.0682353,
          21.8505939
        ]
      },
      "properties": {
        "status": "alive",
        "confidence": 0.5831,
        "proj_x": 196968.5513,
        "proj_y": 2419177.2125
      }
    },
    {
      "type": "Feature",
      "geometry": {
        "type": "Point",
        "coordinates": [
          84.0678067,
          21.8500835
        ]
      },
      "properties": {
        "status": "dead",
        "confidence": 0.4943,
        "proj_x": 196923.149,
        "proj_y": 2419121.5125
      }
    },
    {
      "type": "Feature",
      "geometry": {
        "type": "Point",
        "coordinates": [
          84.06808,
          21.850322
        ]
      },
      "properties": {
        "status": "dead",
        "confidence": 0.4943,
        "proj_x": 196951.9106,
        "proj_y": 2419147.398
      }
    },
    {
      "type": "Feature",
      "geometry": {
        "type": "Point",
        "coordinates": [
          84.0681745,
          21.8504363
        ]
      },
      "properties": {
        "status": "alive",
        "confidence": 0.7671,
        "proj_x": 196961.9258,
        "proj_y": 2419159.8785
      }
    },
    {
      "type": "Feature",
      "geometry": {
        "type": "Point",
        "coordinates": [
          84.0680485,
          21.8500892
        ]
      },
      "properties": {
        "status": "dead",
        "confidence": 0.4943,
        "proj_x": 196948.1614,
        "proj_y": 2419121.6666
      }
    },
    {
      "type": "Feature",
      "geometry": {
        "type": "Point",
        "coordinates": [
          84.0682564,
          21.8505439
        ]
      },
      "properties": {
        "status": "dead",
        "confidence": 0.9544,
        "proj_x": 196970.6314,
        "proj_y": 2419171.6399
      }
    },
    {
      "type": "Feature",
      "geometry": {
        "type": "Point",
        "coordinates": [
          84.0678056,
          21.8501416
        ]
      },
      "properties": {
        "status": "dead",
        "confidence": 0.4943,
        "proj_x": 196923.149,
        "proj_y": 2419127.9582
      }
    },
    {
      "type": "Feature",
      "geometry": {
        "type": "Point",
        "coordinates": [
          84.0678197,
          21.8504474
        ]
      },
      "properties": {
        "status": "dead",
        "confidence": 0.9959,
        "proj_x": 196925.2548,
        "proj_y": 2419161.8045
      }
    },
    {
      "type": "Feature",
      "geometry": {
        "type": "Point",
        "coordinates": [
          84.0677446,
          21.8500879
        ]
      },
      "properties": {
        "status": "dead",
        "confidence": 0.4943,
        "proj_x": 196916.729,
        "proj_y": 2419122.1289
      }
    },
    {
      "type": "Feature",
      "geometry": {
        "type": "Point",
        "coordinates": [
          84.0678946,
          21.850279
        ]
      },
      "properties": {
        "status": "dead",
        "confidence": 0.4943,
        "proj_x": 196932.6506,
        "proj_y": 2419143.0067
      }
    },
    {
      "type": "Feature",
      "geometry": {
        "type": "Point",
        "coordinates": [
          84.0682705,
          21.8501216
        ]
      },
      "properties": {
        "status": "dead",
        "confidence": 0.4943,
        "proj_x": 196971.1963,
        "proj_y": 2419124.8253
      }
    },
    {
      "type": "Feature",
      "geometry": {
        "type": "Point",
        "coordinates": [
          84.0682555,
          21.8504076
        ]
      },
      "properties": {
        "status": "dead",
        "confidence": 0.7153,
        "proj_x": 196970.2461,
        "proj_y": 2419156.5401
      }
    },
    {
      "type": "Feature",
      "geometry": {
        "type": "Point",
        "coordinates": [
          84.0680059,
          21.8502388
        ]
      },
      "properties": {
        "status": "dead",
        "confidence": 0.4943,
        "proj_x": 196944.0782,
        "proj_y": 2419138.3329
      }
    },
    {
      "type": "Feature",
      "geometry": {
        "type": "Point",
        "coordinates": [
          84.0682024,
          21.8504039
        ]
      },
      "properties": {
        "status": "dead",
        "confidence": 0.8988,
        "proj_x": 196964.7506,
        "proj_y": 2419156.2319
      }
    },
    {
      "type": "Feature",
      "geometry": {
        "type": "Point",
        "coordinates": [
          84.0677149,
          21.8502902
        ]
      },
      "properties": {
        "status": "dead",
        "confidence": 1.0,
        "proj_x": 196914.084,
        "proj_y": 2419144.5989
      }
    },
    {
      "type": "Feature",
      "geometry": {
        "type": "Point",
        "coordinates": [
          84.0678636,
          21.8505339
        ]
      },
      "properties": {
        "status": "dead",
        "confidence": 0.9839,
        "proj_x": 196929.9799,
        "proj_y": 2419171.3061
      }
    },
    {
      "type": "Feature",
      "geometry": {
        "type": "Point",
        "coordinates": [
          84.0680128,
          21.8503521
        ]
      },
      "properties": {
        "status": "dead",
        "confidence": 0.9857,
        "proj_x": 196945.0284,
        "proj_y": 2419150.8648
      }
    },
    {
      "type": "Feature",
      "geometry": {
        "type": "Point",
        "coordinates": [
          84.0683224,
          21.8501956
        ]
      },
      "properties": {
        "status": "dead",
        "confidence": 0.4943,
        "proj_x": 196976.7175,
        "proj_y": 2419132.9145
      }
    },
    {
      "type": "Feature",
      "geometry": {
        "type": "Point",
        "coordinates": [
          84.0676753,
          21.8502441
        ]
      },
      "properties": {
        "status": "dead",
        "confidence": 1.0,
        "proj_x": 196909.8981,
        "proj_y": 2419139.5656
      }
    },
    {
      "type": "Feature",
      "geometry": {
        "type": "Point",
        "coordinates": [
          84.0680079,
          21.8505298
        ]
      },
      "properties": {
        "status": "dead",
        "confidence": 0.8656,
        "proj_x": 196944.9,
        "proj_y": 2419170.5613
      }
    },
    {
      "type": "Feature",
      "geometry": {
        "type": "Point",
        "coordinates": [
          84.0681572,
          21.8504288
        ]
      },
      "properties": {
        "status": "alive",
        "confidence": 0.987,
        "proj_x": 196960.1282,
        "proj_y": 2419159.0824
      }
    },
    {
      "type": "Feature",
      "geometry": {
        "type": "Point",
        "coordinates": [
          84.0680886,
          21.8505908
        ]
      },
      "properties": {
        "status": "dead",
        "confidence": 1.0,
        "proj_x": 196953.3744,
        "proj_y": 2419177.1611
      }
    },
    {
      "type": "Feature",
      "geometry": {
        "type": "Point",
        "coordinates": [
          84.0683849,
          21.8501028
        ]
      },
      "properties": {
        "status": "dead",
        "confidence": 0.4943,
        "proj_x": 196982.9834,
        "proj_y": 2419122.5141
      }
    },
    {
      "type": "Feature",
      "geometry": {
        "type": "Point",
        "coordinates": [
          84.068063,
          21.850158
        ]
      },
      "properties": {
        "status": "dead",
        "confidence": 0.4943,
        "proj_x": 196949.8049,
        "proj_y": 2419129.2679
      }
    },
    {
      "type": "Feature",
      "geometry": {
        "type": "Point",
        "coordinates": [
          84.0679424,
          21.8504549
        ]
      },
      "properties": {
        "status": "dead",
        "confidence": 0.9927,
        "proj_x": 196937.9664,
        "proj_y": 2419162.3951
      }
    },
    {
      "type": "Feature",
      "geometry": {
        "type": "Point",
        "coordinates": [
          84.0683694,
          21.8504229
        ]
      },
      "properties": {
        "status": "dead",
        "confidence": 0.7607,
        "proj_x": 196982.059,
        "proj_y": 2419158.0038
      }
    }
  ]
}